{
  "type": "FeatureCollection",
  "schemaVersion": "1.1",
  "name": "HKUST(GZ) local navigation graph indoor supplement (core/W/E/library floors)",
  "source": {
    "file": "GISprojects/global_nav_0408.geojson",
    "coordinateSystem": "GCJ-02",
    "transform": "GCJ-02 -> WGS84 (standard inverse transform)",
    "convertedAt": "2026-08-20T09:10:22.407Z",
    "disclaimer": "Indoor corridors imported from a pre-built navigation graph; positions converted from GCJ-02 and not field-surveyed. Corridors are robot-walkable per school policy (robotValidated=true, field verification still recommended); stairs are pedestrian-only."
  },
  "features": [
    {
      "type": "Feature",
      "id": "local/global-nav-indoor/node/node_building_core_f2_1775648360223",
      "properties": {
        "featureClass": "indoorNetworkNode",
        "networkId": "global-nav-core-f2",
        "nodeId": "building_core_f2_1775648360223",
        "name": null,
        "kind": "indoor-waypoint",
        "level": "2",
        "outdoor": false,
        "modes": [
          "pedestrian",
          "robot"
        ],
        "robotValidated": true,
        "locationId": null,
        "source": "global-nav-0408-gcj2wgs84",
        "verificationStatus": "from-navigation-graph-unverified"
      },
      "geometry": {
        "type": "Point",
        "coordinates": [
          113.47705290437585,
          22.891670970399186
        ]
      }
    },
    {
      "type": "Feature",
      "id": "local/global-nav-indoor/node/node_building_core_f2_1775648361313",
      "properties": {
        "featureClass": "indoorNetworkNode",
        "networkId": "global-nav-core-f2",
        "nodeId": "building_core_f2_1775648361313",
        "name": null,
        "kind": "indoor-waypoint",
        "level": "2",
        "outdoor": false,
        "modes": [
          "pedestrian",
          "robot"
        ],
        "robotValidated": true,
        "locationId": null,
        "source": "global-nav-0408-gcj2wgs84",
        "verificationStatus": "from-navigation-graph-unverified"
      },
      "geometry": {
        "type": "Point",
        "coordinates": [
          113.47713919580005,
          22.89162123927331
        ]
      }
    },
    {
      "type": "Feature",
      "id": "local/global-nav-indoor/node/node_building_core_f2_1775648362231",
      "properties": {
        "featureClass": "indoorNetworkNode",
        "networkId": "global-nav-core-f2",
        "nodeId": "building_core_f2_1775648362231",
        "name": null,
        "kind": "indoor-waypoint",
        "level": "2",
        "outdoor": false,
        "modes": [
          "pedestrian",
          "robot"
        ],
        "robotValidated": true,
        "locationId": null,
        "source": "global-nav-0408-gcj2wgs84",
        "verificationStatus": "from-navigation-graph-unverified"
      },
      "geometry": {
        "type": "Point",
        "coordinates": [
          113.4772274923796,
          22.891596503906456
        ]
      }
    },
    {
      "type": "Feature",
      "id": "local/global-nav-indoor/node/node_building_core_f2_1775648362991",
      "properties": {
        "featureClass": "indoorNetworkNode",
        "networkId": "global-nav-core-f2",
        "nodeId": "building_core_f2_1775648362991",
        "name": null,
        "kind": "indoor-waypoint",
        "level": "2",
        "outdoor": false,
        "modes": [
          "pedestrian",
          "robot"
        ],
        "robotValidated": true,
        "locationId": null,
        "source": "global-nav-0408-gcj2wgs84",
        "verificationStatus": "from-navigation-graph-unverified"
      },
      "geometry": {
        "type": "Point",
        "coordinates": [
          113.47733886762988,
          22.891550843725057
        ]
      }
    },
    {
      "type": "Feature",
      "id": "local/global-nav-indoor/node/node_building_core_f2_1775648363988",
      "properties": {
        "featureClass": "indoorNetworkNode",
        "networkId": "global-nav-core-f2",
        "nodeId": "building_core_f2_1775648363988",
        "name": null,
        "kind": "indoor-waypoint",
        "level": "2",
        "outdoor": false,
        "modes": [
          "pedestrian",
          "robot"
        ],
        "robotValidated": true,
        "locationId": null,
        "source": "global-nav-0408-gcj2wgs84",
        "verificationStatus": "from-navigation-graph-unverified"
      },
      "geometry": {
        "type": "Point",
        "coordinates": [
          113.47738903935964,
          22.891491012770647
        ]
      }
    },
    {
      "type": "Feature",
      "id": "local/global-nav-indoor/node/node_building_core_f2_1775648364878",
      "properties": {
        "featureClass": "indoorNetworkNode",
        "networkId": "global-nav-core-f2",
        "nodeId": "building_core_f2_1775648364878",
        "name": null,
        "kind": "indoor-waypoint",
        "level": "2",
        "outdoor": false,
        "modes": [
          "pedestrian",
          "robot"
        ],
        "robotValidated": true,
        "locationId": null,
        "source": "global-nav-0408-gcj2wgs84",
        "verificationStatus": "from-navigation-graph-unverified"
      },
      "geometry": {
        "type": "Point",
        "coordinates": [
          113.4774221560991,
          22.891401144780904
        ]
      }
    },
    {
      "type": "Feature",
      "id": "local/global-nav-indoor/node/node_building_core_f2_1775648365915",
      "properties": {
        "featureClass": "indoorNetworkNode",
        "networkId": "global-nav-core-f2",
        "nodeId": "building_core_f2_1775648365915",
        "name": null,
        "kind": "indoor-waypoint",
        "level": "2",
        "outdoor": false,
        "modes": [
          "pedestrian",
          "robot"
        ],
        "robotValidated": true,
        "locationId": null,
        "source": "global-nav-0408-gcj2wgs84",
        "verificationStatus": "from-navigation-graph-unverified"
      },
      "geometry": {
        "type": "Point",
        "coordinates": [
          113.47738604282227,
          22.89128908593098
        ]
      }
    },
    {
      "type": "Feature",
      "id": "local/global-nav-indoor/node/node_building_core_f2_1775648366740",
      "properties": {
        "featureClass": "indoorNetworkNode",
        "networkId": "global-nav-core-f2",
        "nodeId": "building_core_f2_1775648366740",
        "name": null,
        "kind": "indoor-waypoint",
        "level": "2",
        "outdoor": false,
        "modes": [
          "pedestrian",
          "robot"
        ],
        "robotValidated": true,
        "locationId": null,
        "source": "global-nav-0408-gcj2wgs84",
        "verificationStatus": "from-navigation-graph-unverified"
      },
      "geometry": {
        "type": "Point",
        "coordinates": [
          113.47732684968445,
          22.891217943916978
        ]
      }
    },
    {
      "type": "Feature",
      "id": "local/global-nav-indoor/node/node_building_core_f2_1775648367517",
      "properties": {
        "featureClass": "indoorNetworkNode",
        "networkId": "global-nav-core-f2",
        "nodeId": "building_core_f2_1775648367517",
        "name": null,
        "kind": "indoor-waypoint",
        "level": "2",
        "outdoor": false,
        "modes": [
          "pedestrian",
          "robot"
        ],
        "robotValidated": true,
        "locationId": null,
        "source": "global-nav-0408-gcj2wgs84",
        "verificationStatus": "from-navigation-graph-unverified"
      },
      "geometry": {
        "type": "Point",
        "coordinates": [
          113.47723554665198,
          22.891186693170226
        ]
      }
    },
    {
      "type": "Feature",
      "id": "local/global-nav-indoor/node/node_building_core_f2_1775648368318",
      "properties": {
        "featureClass": "indoorNetworkNode",
        "networkId": "global-nav-core-f2",
        "nodeId": "building_core_f2_1775648368318",
        "name": null,
        "kind": "indoor-waypoint",
        "level": "2",
        "outdoor": false,
        "modes": [
          "pedestrian",
          "robot"
        ],
        "robotValidated": true,
        "locationId": null,
        "source": "global-nav-0408-gcj2wgs84",
        "verificationStatus": "from-navigation-graph-unverified"
      },
      "geometry": {
        "type": "Point",
        "coordinates": [
          113.47716832236927,
          22.89118250100471
        ]
      }
    },
    {
      "type": "Feature",
      "id": "local/global-nav-indoor/node/node_building_core_f2_1775648369151",
      "properties": {
        "featureClass": "indoorNetworkNode",
        "networkId": "global-nav-core-f2",
        "nodeId": "building_core_f2_1775648369151",
        "name": null,
        "kind": "indoor-waypoint",
        "level": "2",
        "outdoor": false,
        "modes": [
          "pedestrian",
          "robot"
        ],
        "robotValidated": true,
        "locationId": null,
        "source": "global-nav-0408-gcj2wgs84",
        "verificationStatus": "from-navigation-graph-unverified"
      },
      "geometry": {
        "type": "Point",
        "coordinates": [
          113.47710811826339,
          22.891228308885758
        ]
      }
    },
    {
      "type": "Feature",
      "id": "local/global-nav-indoor/node/node_building_core_f2_1775648369945",
      "properties": {
        "featureClass": "indoorNetworkNode",
        "networkId": "global-nav-core-f2",
        "nodeId": "building_core_f2_1775648369945",
        "name": null,
        "kind": "indoor-waypoint",
        "level": "2",
        "outdoor": false,
        "modes": [
          "pedestrian",
          "robot"
        ],
        "robotValidated": true,
        "locationId": null,
        "source": "global-nav-0408-gcj2wgs84",
        "verificationStatus": "from-navigation-graph-unverified"
      },
      "geometry": {
        "type": "Point",
        "coordinates": [
          113.47701179527714,
          22.89125002250568
        ]
      }
    },
    {
      "type": "Feature",
      "id": "local/global-nav-indoor/node/node_building_core_f2_1775648371548",
      "properties": {
        "featureClass": "indoorNetworkNode",
        "networkId": "global-nav-core-f2",
        "nodeId": "building_core_f2_1775648371548",
        "name": null,
        "kind": "indoor-waypoint",
        "level": "2",
        "outdoor": false,
        "modes": [
          "pedestrian",
          "robot"
        ],
        "robotValidated": true,
        "locationId": null,
        "source": "global-nav-0408-gcj2wgs84",
        "verificationStatus": "from-navigation-graph-unverified"
      },
      "geometry": {
        "type": "Point",
        "coordinates": [
          113.47693754560974,
          22.891278796966976
        ]
      }
    },
    {
      "type": "Feature",
      "id": "local/global-nav-indoor/node/node_building_core_f2_1775648375394",
      "properties": {
        "featureClass": "indoorNetworkNode",
        "networkId": "global-nav-core-f2",
        "nodeId": "building_core_f2_1775648375394",
        "name": null,
        "kind": "indoor-waypoint",
        "level": "2",
        "outdoor": false,
        "modes": [
          "pedestrian",
          "robot"
        ],
        "robotValidated": true,
        "locationId": null,
        "source": "global-nav-0408-gcj2wgs84",
        "verificationStatus": "from-navigation-graph-unverified"
      },
      "geometry": {
        "type": "Point",
        "coordinates": [
          113.47689440036504,
          22.891298664671478
        ]
      }
    },
    {
      "type": "Feature",
      "id": "local/global-nav-indoor/node/node_building_core_f2_1775648378807",
      "properties": {
        "featureClass": "indoorNetworkNode",
        "networkId": "global-nav-core-f2",
        "nodeId": "building_core_f2_1775648378807",
        "name": null,
        "kind": "indoor-waypoint",
        "level": "2",
        "outdoor": false,
        "modes": [
          "pedestrian",
          "robot"
        ],
        "robotValidated": true,
        "locationId": null,
        "source": "global-nav-0408-gcj2wgs84",
        "verificationStatus": "from-navigation-graph-unverified"
      },
      "geometry": {
        "type": "Point",
        "coordinates": [
          113.47738905790835,
          22.891214124999173
        ]
      }
    },
    {
      "type": "Feature",
      "id": "local/global-nav-indoor/node/node_building_core_f2_1775648380184",
      "properties": {
        "featureClass": "indoorNetworkNode",
        "networkId": "global-nav-core-f2",
        "nodeId": "building_core_f2_1775648380184",
        "name": null,
        "kind": "indoor-waypoint",
        "level": "2",
        "outdoor": false,
        "modes": [
          "pedestrian",
          "robot"
        ],
        "robotValidated": true,
        "locationId": null,
        "source": "global-nav-0408-gcj2wgs84",
        "verificationStatus": "from-navigation-graph-unverified"
      },
      "geometry": {
        "type": "Point",
        "coordinates": [
          113.47745628464955,
          22.891185330742548
        ]
      }
    },
    {
      "type": "Feature",
      "id": "local/global-nav-indoor/node/node_building_core_f2_1775648380938",
      "properties": {
        "featureClass": "indoorNetworkNode",
        "networkId": "global-nav-core-f2",
        "nodeId": "building_core_f2_1775648380938",
        "name": null,
        "kind": "indoor-waypoint",
        "level": "2",
        "outdoor": false,
        "modes": [
          "pedestrian",
          "robot"
        ],
        "robotValidated": true,
        "locationId": null,
        "source": "global-nav-0408-gcj2wgs84",
        "verificationStatus": "from-navigation-graph-unverified"
      },
      "geometry": {
        "type": "Point",
        "coordinates": [
          113.47745628940376,
          22.891114359502076
        ]
      }
    },
    {
      "type": "Feature",
      "id": "local/global-nav-indoor/node/node_building_core_f2_1775648381704",
      "properties": {
        "featureClass": "indoorNetworkNode",
        "networkId": "global-nav-core-f2",
        "nodeId": "building_core_f2_1775648381704",
        "name": null,
        "kind": "indoor-waypoint",
        "level": "2",
        "outdoor": false,
        "modes": [
          "pedestrian",
          "robot"
        ],
        "robotValidated": true,
        "locationId": null,
        "source": "global-nav-0408-gcj2wgs84",
        "verificationStatus": "from-navigation-graph-unverified"
      },
      "geometry": {
        "type": "Point",
        "coordinates": [
          113.4774853934912,
          22.891013484397572
        ]
      }
    },
    {
      "type": "Feature",
      "id": "local/global-nav-indoor/node/node_building_core_f2_1775648384647",
      "properties": {
        "featureClass": "indoorNetworkNode",
        "networkId": "global-nav-core-f2",
        "nodeId": "building_core_f2_1775648384647",
        "name": null,
        "kind": "indoor-waypoint",
        "level": "2",
        "outdoor": false,
        "modes": [
          "pedestrian",
          "robot"
        ],
        "robotValidated": true,
        "locationId": null,
        "source": "global-nav-0408-gcj2wgs84",
        "verificationStatus": "from-navigation-graph-unverified"
      },
      "geometry": {
        "type": "Point",
        "coordinates": [
          113.47747335040498,
          22.891055432632008
        ]
      }
    },
    {
      "type": "Feature",
      "id": "local/global-nav-indoor/node/node_building_core_f2_1775648385631",
      "properties": {
        "featureClass": "indoorNetworkNode",
        "networkId": "global-nav-core-f2",
        "nodeId": "building_core_f2_1775648385631",
        "name": null,
        "kind": "indoor-waypoint",
        "level": "2",
        "outdoor": false,
        "modes": [
          "pedestrian",
          "robot"
        ],
        "robotValidated": true,
        "locationId": null,
        "source": "global-nav-0408-gcj2wgs84",
        "verificationStatus": "from-navigation-graph-unverified"
      },
      "geometry": {
        "type": "Point",
        "coordinates": [
          113.47756666774627,
          22.890978733222447
        ]
      }
    },
    {
      "type": "Feature",
      "id": "local/global-nav-indoor/node/node_building_core_f2_1775648386809",
      "properties": {
        "featureClass": "indoorNetworkNode",
        "networkId": "global-nav-core-f2",
        "nodeId": "building_core_f2_1775648386809",
        "name": null,
        "kind": "indoor-waypoint",
        "level": "2",
        "outdoor": false,
        "modes": [
          "pedestrian",
          "robot"
        ],
        "robotValidated": true,
        "locationId": null,
        "source": "global-nav-0408-gcj2wgs84",
        "verificationStatus": "from-navigation-graph-unverified"
      },
      "geometry": {
        "type": "Point",
        "coordinates": [
          113.47765295970893,
          22.890932001491798
        ]
      }
    },
    {
      "type": "Feature",
      "id": "local/global-nav-indoor/node/node_building_core_f2_1775648388791",
      "properties": {
        "featureClass": "indoorNetworkNode",
        "networkId": "global-nav-core-f2",
        "nodeId": "building_core_f2_1775648388791",
        "name": null,
        "kind": "indoor-waypoint",
        "level": "2",
        "outdoor": false,
        "modes": [
          "pedestrian",
          "robot"
        ],
        "robotValidated": true,
        "locationId": null,
        "source": "global-nav-0408-gcj2wgs84",
        "verificationStatus": "from-navigation-graph-unverified"
      },
      "geometry": {
        "type": "Point",
        "coordinates": [
          113.47771316389212,
          22.89089319123156
        ]
      }
    },
    {
      "type": "Feature",
      "id": "local/global-nav-indoor/node/node_building_core_f2_1775648390655",
      "properties": {
        "featureClass": "indoorNetworkNode",
        "networkId": "global-nav-core-f2",
        "nodeId": "building_core_f2_1775648390655",
        "name": null,
        "kind": "indoor-waypoint",
        "level": "2",
        "outdoor": false,
        "modes": [
          "pedestrian",
          "robot"
        ],
        "robotValidated": true,
        "locationId": null,
        "source": "global-nav-0408-gcj2wgs84",
        "verificationStatus": "from-navigation-graph-unverified"
      },
      "geometry": {
        "type": "Point",
        "coordinates": [
          113.4775184905301,
          22.891218496949733
        ]
      }
    },
    {
      "type": "Feature",
      "id": "local/global-nav-indoor/node/node_building_core_f2_1775648391409",
      "properties": {
        "featureClass": "indoorNetworkNode",
        "networkId": "global-nav-core-f2",
        "nodeId": "building_core_f2_1775648391409",
        "name": null,
        "kind": "indoor-waypoint",
        "level": "2",
        "outdoor": false,
        "modes": [
          "pedestrian",
          "robot"
        ],
        "robotValidated": true,
        "locationId": null,
        "source": "global-nav-0408-gcj2wgs84",
        "verificationStatus": "from-navigation-graph-unverified"
      },
      "geometry": {
        "type": "Point",
        "coordinates": [
          113.47756865410626,
          22.89128261588074
        ]
      }
    },
    {
      "type": "Feature",
      "id": "local/global-nav-indoor/node/node_building_core_f2_1775648392321",
      "properties": {
        "featureClass": "indoorNetworkNode",
        "networkId": "global-nav-core-f2",
        "nodeId": "building_core_f2_1775648392321",
        "name": null,
        "kind": "indoor-waypoint",
        "level": "2",
        "outdoor": false,
        "modes": [
          "pedestrian",
          "robot"
        ],
        "robotValidated": true,
        "locationId": null,
        "source": "global-nav-0408-gcj2wgs84",
        "verificationStatus": "from-navigation-graph-unverified"
      },
      "geometry": {
        "type": "Point",
        "coordinates": [
          113.47758570516244,
          22.89137262867737
        ]
      }
    },
    {
      "type": "Feature",
      "id": "local/global-nav-indoor/node/node_building_core_f2_1775648393020",
      "properties": {
        "featureClass": "indoorNetworkNode",
        "networkId": "global-nav-core-f2",
        "nodeId": "building_core_f2_1775648393020",
        "name": null,
        "kind": "indoor-waypoint",
        "level": "2",
        "outdoor": false,
        "modes": [
          "pedestrian",
          "robot"
        ],
        "robotValidated": true,
        "locationId": null,
        "source": "global-nav-0408-gcj2wgs84",
        "verificationStatus": "from-navigation-graph-unverified"
      },
      "geometry": {
        "type": "Point",
        "coordinates": [
          113.4775114540426,
          22.891412398075243
        ]
      }
    },
    {
      "type": "Feature",
      "id": "local/global-nav-indoor/node/node_building_core_f2_1775648396021",
      "properties": {
        "featureClass": "indoorNetworkNode",
        "networkId": "global-nav-core-f2",
        "nodeId": "building_core_f2_1775648396021",
        "name": null,
        "kind": "indoor-waypoint",
        "level": "2",
        "outdoor": false,
        "modes": [
          "pedestrian",
          "robot"
        ],
        "robotValidated": true,
        "locationId": null,
        "source": "global-nav-0408-gcj2wgs84",
        "verificationStatus": "from-navigation-graph-unverified"
      },
      "geometry": {
        "type": "Point",
        "coordinates": [
          113.47765293265867,
          22.891335837849
        ]
      }
    },
    {
      "type": "Feature",
      "id": "local/global-nav-indoor/node/node_building_core_f2_1775648410160",
      "properties": {
        "featureClass": "indoorNetworkNode",
        "networkId": "global-nav-core-f2",
        "nodeId": "building_core_f2_1775648410160",
        "name": null,
        "kind": "indoor-waypoint",
        "level": "2",
        "outdoor": false,
        "modes": [
          "pedestrian",
          "robot"
        ],
        "robotValidated": true,
        "locationId": null,
        "source": "global-nav-0408-gcj2wgs84",
        "verificationStatus": "from-navigation-graph-unverified"
      },
      "geometry": {
        "type": "Point",
        "coordinates": [
          113.47774424107853,
          22.891296117893148
        ]
      }
    },
    {
      "type": "Feature",
      "id": "local/global-nav-indoor/node/node_building_core_f2_1775648410889",
      "properties": {
        "featureClass": "indoorNetworkNode",
        "networkId": "global-nav-core-f2",
        "nodeId": "building_core_f2_1775648410889",
        "name": null,
        "kind": "indoor-waypoint",
        "level": "2",
        "outdoor": false,
        "modes": [
          "pedestrian",
          "robot"
        ],
        "robotValidated": true,
        "locationId": null,
        "source": "global-nav-0408-gcj2wgs84",
        "verificationStatus": "from-navigation-graph-unverified"
      },
      "geometry": {
        "type": "Point",
        "coordinates": [
          113.47783755649291,
          22.89125440466442
        ]
      }
    },
    {
      "type": "Feature",
      "id": "local/global-nav-indoor/node/node_building_core_f2_1775648411546",
      "properties": {
        "featureClass": "indoorNetworkNode",
        "networkId": "global-nav-core-f2",
        "nodeId": "building_core_f2_1775648411546",
        "name": null,
        "kind": "indoor-waypoint",
        "level": "2",
        "outdoor": false,
        "modes": [
          "pedestrian",
          "robot"
        ],
        "robotValidated": true,
        "locationId": null,
        "source": "global-nav-0408-gcj2wgs84",
        "verificationStatus": "from-navigation-graph-unverified"
      },
      "geometry": {
        "type": "Point",
        "coordinates": [
          113.47791281204255,
          22.891204642551916
        ]
      }
    },
    {
      "type": "Feature",
      "id": "local/global-nav-indoor/node/node_building_core_f2_1775648413376",
      "properties": {
        "featureClass": "indoorNetworkNode",
        "networkId": "global-nav-core-f2",
        "nodeId": "building_core_f2_1775648413376",
        "name": null,
        "kind": "indoor-waypoint",
        "level": "2",
        "outdoor": false,
        "modes": [
          "pedestrian",
          "robot"
        ],
        "robotValidated": true,
        "locationId": null,
        "source": "global-nav-0408-gcj2wgs84",
        "verificationStatus": "from-navigation-graph-unverified"
      },
      "geometry": {
        "type": "Point",
        "coordinates": [
          113.47795796488086,
          22.89118278208046
        ]
      }
    },
    {
      "type": "Feature",
      "id": "local/global-nav-indoor/node/node_building_core_f2_1775648419183",
      "properties": {
        "featureClass": "indoorNetworkNode",
        "networkId": "global-nav-core-f2",
        "nodeId": "building_core_f2_1775648419183",
        "name": null,
        "kind": "indoor-waypoint",
        "level": "2",
        "outdoor": false,
        "modes": [
          "pedestrian",
          "robot"
        ],
        "robotValidated": true,
        "locationId": null,
        "source": "global-nav-0408-gcj2wgs84",
        "verificationStatus": "from-navigation-graph-unverified"
      },
      "geometry": {
        "type": "Point",
        "coordinates": [
          113.47773520775434,
          22.891342073157563
        ]
      }
    },
    {
      "type": "Feature",
      "id": "local/global-nav-indoor/node/node_building_core_f2_1775648430347",
      "properties": {
        "featureClass": "indoorNetworkNode",
        "networkId": "global-nav-core-f2",
        "nodeId": "building_core_f2_1775648430347",
        "name": null,
        "kind": "indoor-waypoint",
        "level": "2",
        "outdoor": false,
        "modes": [
          "pedestrian",
          "robot"
        ],
        "robotValidated": true,
        "locationId": null,
        "source": "global-nav-0408-gcj2wgs84",
        "verificationStatus": "from-navigation-graph-unverified"
      },
      "geometry": {
        "type": "Point",
        "coordinates": [
          113.47782851806666,
          22.891376329126665
        ]
      }
    },
    {
      "type": "Feature",
      "id": "local/global-nav-indoor/node/node_building_core_f2_1775648431040",
      "properties": {
        "featureClass": "indoorNetworkNode",
        "networkId": "global-nav-core-f2",
        "nodeId": "building_core_f2_1775648431040",
        "name": null,
        "kind": "indoor-waypoint",
        "level": "2",
        "outdoor": false,
        "modes": [
          "pedestrian",
          "robot"
        ],
        "robotValidated": true,
        "locationId": null,
        "source": "global-nav-0408-gcj2wgs84",
        "verificationStatus": "from-navigation-graph-unverified"
      },
      "geometry": {
        "type": "Point",
        "coordinates": [
          113.47790075722267,
          22.891420520215547
        ]
      }
    },
    {
      "type": "Feature",
      "id": "local/global-nav-indoor/node/node_building_core_f2_1775648431720",
      "properties": {
        "featureClass": "indoorNetworkNode",
        "networkId": "global-nav-core-f2",
        "nodeId": "building_core_f2_1775648431720",
        "name": null,
        "kind": "indoor-waypoint",
        "level": "2",
        "outdoor": false,
        "modes": [
          "pedestrian",
          "robot"
        ],
        "robotValidated": true,
        "locationId": null,
        "source": "global-nav-0408-gcj2wgs84",
        "verificationStatus": "from-navigation-graph-unverified"
      },
      "geometry": {
        "type": "Point",
        "coordinates": [
          113.47791479801455,
          22.89151452275681
        ]
      }
    },
    {
      "type": "Feature",
      "id": "local/global-nav-indoor/node/node_building_core_f2_1775648432441",
      "properties": {
        "featureClass": "indoorNetworkNode",
        "networkId": "global-nav-core-f2",
        "nodeId": "building_core_f2_1775648432441",
        "name": null,
        "kind": "indoor-waypoint",
        "level": "2",
        "outdoor": false,
        "modes": [
          "pedestrian",
          "robot"
        ],
        "robotValidated": true,
        "locationId": null,
        "source": "global-nav-0408-gcj2wgs84",
        "verificationStatus": "from-navigation-graph-unverified"
      },
      "geometry": {
        "type": "Point",
        "coordinates": [
          113.47793385582861,
          22.89160554102522
        ]
      }
    },
    {
      "type": "Feature",
      "id": "local/global-nav-indoor/node/node_building_core_f2_1775648439050",
      "properties": {
        "featureClass": "indoorNetworkNode",
        "networkId": "global-nav-core-f2",
        "nodeId": "building_core_f2_1775648439050",
        "name": null,
        "kind": "indoor-waypoint",
        "level": "2",
        "outdoor": false,
        "modes": [
          "pedestrian",
          "robot"
        ],
        "robotValidated": true,
        "locationId": null,
        "source": "global-nav-0408-gcj2wgs84",
        "verificationStatus": "from-navigation-graph-unverified"
      },
      "geometry": {
        "type": "Point",
        "coordinates": [
          113.47779440008793,
          22.89143120821153
        ]
      }
    },
    {
      "type": "Feature",
      "id": "local/global-nav-indoor/node/node_building_core_f2_1775648440499",
      "properties": {
        "featureClass": "indoorNetworkNode",
        "networkId": "global-nav-core-f2",
        "nodeId": "building_core_f2_1775648440499",
        "name": null,
        "kind": "indoor-waypoint",
        "level": "2",
        "outdoor": false,
        "modes": [
          "pedestrian",
          "robot"
        ],
        "robotValidated": true,
        "locationId": null,
        "source": "global-nav-0408-gcj2wgs84",
        "verificationStatus": "from-navigation-graph-unverified"
      },
      "geometry": {
        "type": "Point",
        "coordinates": [
          113.47789271545504,
          22.89164240703591
        ]
      }
    },
    {
      "type": "Feature",
      "id": "local/global-nav-indoor/node/node_building_core_f2_1775648444614",
      "properties": {
        "featureClass": "indoorNetworkNode",
        "networkId": "global-nav-core-f2",
        "nodeId": "building_core_f2_1775648444614",
        "name": null,
        "kind": "indoor-waypoint",
        "level": "2",
        "outdoor": false,
        "modes": [
          "pedestrian",
          "robot"
        ],
        "robotValidated": true,
        "locationId": null,
        "source": "global-nav-0408-gcj2wgs84",
        "verificationStatus": "from-navigation-graph-unverified"
      },
      "geometry": {
        "type": "Point",
        "coordinates": [
          113.47800810585541,
          22.891589762337485
        ]
      }
    },
    {
      "type": "Feature",
      "id": "local/global-nav-indoor/node/node_building_core_f2_1775648445426",
      "properties": {
        "featureClass": "indoorNetworkNode",
        "networkId": "global-nav-core-f2",
        "nodeId": "building_core_f2_1775648445426",
        "name": null,
        "kind": "indoor-waypoint",
        "level": "2",
        "outdoor": false,
        "modes": [
          "pedestrian",
          "robot"
        ],
        "robotValidated": true,
        "locationId": null,
        "source": "global-nav-0408-gcj2wgs84",
        "verificationStatus": "from-navigation-graph-unverified"
      },
      "geometry": {
        "type": "Point",
        "coordinates": [
          113.4780994144688,
          22.891555040804636
        ]
      }
    },
    {
      "type": "Feature",
      "id": "local/global-nav-indoor/node/node_building_core_f2_1775650830639",
      "properties": {
        "featureClass": "indoorNetworkNode",
        "networkId": "global-nav-core-f2",
        "nodeId": "building_core_f2_1775650830639",
        "name": null,
        "kind": "indoor-waypoint",
        "level": "2",
        "outdoor": false,
        "modes": [
          "pedestrian",
          "robot"
        ],
        "robotValidated": true,
        "locationId": null,
        "source": "global-nav-0408-gcj2wgs84",
        "verificationStatus": "from-navigation-graph-unverified"
      },
      "geometry": {
        "type": "Point",
        "coordinates": [
          113.47784255221353,
          22.891569291537756
        ]
      }
    },
    {
      "type": "Feature",
      "id": "local/global-nav-indoor/node/poi_building_core_f2_1775648255079",
      "properties": {
        "featureClass": "indoorNetworkNode",
        "networkId": "global-nav-core-f2",
        "nodeId": "poi_building_core_f2_1775648255079",
        "name": "演讲厅A",
        "kind": "lecture-hall",
        "level": "2",
        "outdoor": false,
        "modes": [
          "pedestrian",
          "robot"
        ],
        "robotValidated": true,
        "locationId": "lecture-hall-a",
        "source": "global-nav-0408-gcj2wgs84",
        "verificationStatus": "from-navigation-graph-unverified"
      },
      "geometry": {
        "type": "Point",
        "coordinates": [
          113.47723552970949,
          22.891439590670057
        ]
      }
    },
    {
      "type": "Feature",
      "id": "local/global-nav-indoor/node/poi_building_core_f2_1775648265103",
      "properties": {
        "featureClass": "indoorNetworkNode",
        "networkId": "global-nav-core-f2",
        "nodeId": "poi_building_core_f2_1775648265103",
        "name": "演讲厅C",
        "kind": "lecture-hall",
        "level": "2",
        "outdoor": false,
        "modes": [
          "pedestrian",
          "robot"
        ],
        "robotValidated": true,
        "locationId": "lecture-hall-c",
        "source": "global-nav-0408-gcj2wgs84",
        "verificationStatus": "from-navigation-graph-unverified"
      },
      "geometry": {
        "type": "Point",
        "coordinates": [
          113.47708705521866,
          22.89111929233147
        ]
      }
    },
    {
      "type": "Feature",
      "id": "local/global-nav-indoor/node/poi_building_core_f2_1775648280376",
      "properties": {
        "featureClass": "indoorNetworkNode",
        "networkId": "global-nav-core-f2",
        "nodeId": "poi_building_core_f2_1775648280376",
        "name": "演讲厅B",
        "kind": "lecture-hall",
        "level": "2",
        "outdoor": false,
        "modes": [
          "pedestrian",
          "robot"
        ],
        "robotValidated": true,
        "locationId": "lecture-hall-b",
        "source": "global-nav-0408-gcj2wgs84",
        "verificationStatus": "from-navigation-graph-unverified"
      },
      "geometry": {
        "type": "Point",
        "coordinates": [
          113.4775766940248,
          22.891087718051907
        ]
      }
    },
    {
      "type": "Feature",
      "id": "local/global-nav-indoor/node/poi_building_core_f2_1775648294351",
      "properties": {
        "featureClass": "indoorNetworkNode",
        "networkId": "global-nav-core-f2",
        "nodeId": "poi_building_core_f2_1775648294351",
        "name": "逸林港式茶餐厅",
        "kind": "restaurant",
        "level": "2",
        "outdoor": false,
        "modes": [
          "pedestrian",
          "robot"
        ],
        "robotValidated": true,
        "locationId": null,
        "source": "global-nav-0408-gcj2wgs84",
        "verificationStatus": "from-navigation-graph-unverified"
      },
      "geometry": {
        "type": "Point",
        "coordinates": [
          113.47768904468991,
          22.89146888832193
        ]
      }
    },
    {
      "type": "Feature",
      "id": "local/global-nav-indoor/node/node_building_core_f3_1775650452709",
      "properties": {
        "featureClass": "indoorNetworkNode",
        "networkId": "global-nav-core-f3",
        "nodeId": "building_core_f3_1775650452709",
        "name": null,
        "kind": "indoor-waypoint",
        "level": "3",
        "outdoor": true,
        "modes": [
          "pedestrian",
          "robot"
        ],
        "robotValidated": true,
        "locationId": null,
        "source": "global-nav-0408-gcj2wgs84",
        "verificationStatus": "from-navigation-graph-unverified"
      },
      "geometry": {
        "type": "Point",
        "coordinates": [
          113.47690042124661,
          22.891286686860663
        ]
      }
    },
    {
      "type": "Feature",
      "id": "local/global-nav-indoor/node/node_building_core_f3_1775650453753",
      "properties": {
        "featureClass": "indoorNetworkNode",
        "networkId": "global-nav-core-f3",
        "nodeId": "building_core_f3_1775650453753",
        "name": null,
        "kind": "indoor-waypoint",
        "level": "3",
        "outdoor": true,
        "modes": [
          "pedestrian",
          "robot"
        ],
        "robotValidated": true,
        "locationId": null,
        "source": "global-nav-0408-gcj2wgs84",
        "verificationStatus": "from-navigation-graph-unverified"
      },
      "geometry": {
        "type": "Point",
        "coordinates": [
          113.47698871740077,
          22.89126295078236
        ]
      }
    },
    {
      "type": "Feature",
      "id": "local/global-nav-indoor/node/node_building_core_f3_1775650454731",
      "properties": {
        "featureClass": "indoorNetworkNode",
        "networkId": "global-nav-core-f3",
        "nodeId": "building_core_f3_1775650454731",
        "name": null,
        "kind": "indoor-waypoint",
        "level": "3",
        "outdoor": true,
        "modes": [
          "pedestrian",
          "robot"
        ],
        "robotValidated": true,
        "locationId": null,
        "source": "global-nav-0408-gcj2wgs84",
        "verificationStatus": "from-navigation-graph-unverified"
      },
      "geometry": {
        "type": "Point",
        "coordinates": [
          113.47704189754121,
          22.89122312013785
        ]
      }
    },
    {
      "type": "Feature",
      "id": "local/global-nav-indoor/node/node_building_core_f3_1775650455880",
      "properties": {
        "featureClass": "indoorNetworkNode",
        "networkId": "global-nav-core-f3",
        "nodeId": "building_core_f3_1775650455880",
        "name": null,
        "kind": "indoor-waypoint",
        "level": "3",
        "outdoor": true,
        "modes": [
          "pedestrian",
          "robot"
        ],
        "robotValidated": true,
        "locationId": null,
        "source": "global-nav-0408-gcj2wgs84",
        "verificationStatus": "from-navigation-graph-unverified"
      },
      "geometry": {
        "type": "Point",
        "coordinates": [
          113.47710309856738,
          22.891272276606184
        ]
      }
    },
    {
      "type": "Feature",
      "id": "local/global-nav-indoor/node/node_building_core_f3_1775650456539",
      "properties": {
        "featureClass": "indoorNetworkNode",
        "networkId": "global-nav-core-f3",
        "nodeId": "building_core_f3_1775650456539",
        "name": null,
        "kind": "indoor-waypoint",
        "level": "3",
        "outdoor": true,
        "modes": [
          "pedestrian",
          "robot"
        ],
        "robotValidated": true,
        "locationId": null,
        "source": "global-nav-0408-gcj2wgs84",
        "verificationStatus": "from-navigation-graph-unverified"
      },
      "geometry": {
        "type": "Point",
        "coordinates": [
          113.47710510011042,
          22.891349251192413
        ]
      }
    },
    {
      "type": "Feature",
      "id": "local/global-nav-indoor/node/node_building_core_f3_1775650456994",
      "properties": {
        "featureClass": "indoorNetworkNode",
        "networkId": "global-nav-core-f3",
        "nodeId": "building_core_f3_1775650456994",
        "name": null,
        "kind": "indoor-waypoint",
        "level": "3",
        "outdoor": true,
        "modes": [
          "pedestrian",
          "robot"
        ],
        "robotValidated": true,
        "locationId": null,
        "source": "global-nav-0408-gcj2wgs84",
        "verificationStatus": "from-navigation-graph-unverified"
      },
      "geometry": {
        "type": "Point",
        "coordinates": [
          113.47709305569418,
          22.891412190976467
        ]
      }
    },
    {
      "type": "Feature",
      "id": "local/global-nav-indoor/node/node_building_core_f3_1775650457446",
      "properties": {
        "featureClass": "indoorNetworkNode",
        "networkId": "global-nav-core-f3",
        "nodeId": "building_core_f3_1775650457446",
        "name": null,
        "kind": "indoor-waypoint",
        "level": "3",
        "outdoor": true,
        "modes": [
          "pedestrian",
          "robot"
        ],
        "robotValidated": true,
        "locationId": null,
        "source": "global-nav-0408-gcj2wgs84",
        "verificationStatus": "from-navigation-graph-unverified"
      },
      "geometry": {
        "type": "Point",
        "coordinates": [
          113.47712716483768,
          22.891483260501563
        ]
      }
    },
    {
      "type": "Feature",
      "id": "local/global-nav-indoor/node/node_building_core_f3_1775650458593",
      "properties": {
        "featureClass": "indoorNetworkNode",
        "networkId": "global-nav-core-f3",
        "nodeId": "building_core_f3_1775650458593",
        "name": null,
        "kind": "indoor-waypoint",
        "level": "3",
        "outdoor": true,
        "modes": [
          "pedestrian",
          "robot"
        ],
        "robotValidated": true,
        "locationId": null,
        "source": "global-nav-0408-gcj2wgs84",
        "verificationStatus": "from-navigation-graph-unverified"
      },
      "geometry": {
        "type": "Point",
        "coordinates": [
          113.47717933445244,
          22.891552382905203
        ]
      }
    },
    {
      "type": "Feature",
      "id": "local/global-nav-indoor/node/node_building_core_f3_1775650459458",
      "properties": {
        "featureClass": "indoorNetworkNode",
        "networkId": "global-nav-core-f3",
        "nodeId": "building_core_f3_1775650459458",
        "name": null,
        "kind": "indoor-waypoint",
        "level": "3",
        "outdoor": true,
        "modes": [
          "pedestrian",
          "robot"
        ],
        "robotValidated": true,
        "locationId": null,
        "source": "global-nav-0408-gcj2wgs84",
        "verificationStatus": "from-navigation-graph-unverified"
      },
      "geometry": {
        "type": "Point",
        "coordinates": [
          113.477060931771,
          22.891661997168864
        ]
      }
    },
    {
      "type": "Feature",
      "id": "local/global-nav-indoor/node/node_building_core_f3_1775650460094",
      "properties": {
        "featureClass": "indoorNetworkNode",
        "networkId": "global-nav-core-f3",
        "nodeId": "building_core_f3_1775650460094",
        "name": null,
        "kind": "indoor-waypoint",
        "level": "3",
        "outdoor": true,
        "modes": [
          "pedestrian",
          "robot"
        ],
        "robotValidated": true,
        "locationId": null,
        "source": "global-nav-0408-gcj2wgs84",
        "verificationStatus": "from-navigation-graph-unverified"
      },
      "geometry": {
        "type": "Point",
        "coordinates": [
          113.47715023319178,
          22.89161327432212
        ]
      }
    },
    {
      "type": "Feature",
      "id": "local/global-nav-indoor/node/node_building_core_f3_1775650462962",
      "properties": {
        "featureClass": "indoorNetworkNode",
        "networkId": "global-nav-core-f3",
        "nodeId": "building_core_f3_1775650462962",
        "name": null,
        "kind": "indoor-waypoint",
        "level": "3",
        "outdoor": true,
        "modes": [
          "pedestrian",
          "robot"
        ],
        "robotValidated": true,
        "locationId": null,
        "source": "global-nav-0408-gcj2wgs84",
        "verificationStatus": "from-navigation-graph-unverified"
      },
      "geometry": {
        "type": "Point",
        "coordinates": [
          113.47723652569523,
          22.8915495489884
        ]
      }
    },
    {
      "type": "Feature",
      "id": "local/global-nav-indoor/node/node_building_core_f3_1775650463617",
      "properties": {
        "featureClass": "indoorNetworkNode",
        "networkId": "global-nav-core-f3",
        "nodeId": "building_core_f3_1775650463617",
        "name": null,
        "kind": "indoor-waypoint",
        "level": "3",
        "outdoor": true,
        "modes": [
          "pedestrian",
          "robot"
        ],
        "robotValidated": true,
        "locationId": null,
        "source": "global-nav-0408-gcj2wgs84",
        "verificationStatus": "from-navigation-graph-unverified"
      },
      "geometry": {
        "type": "Point",
        "coordinates": [
          113.47731478995563,
          22.891508791286576
        ]
      }
    },
    {
      "type": "Feature",
      "id": "local/global-nav-indoor/node/node_building_core_f3_1775650464145",
      "properties": {
        "featureClass": "indoorNetworkNode",
        "networkId": "global-nav-core-f3",
        "nodeId": "building_core_f3_1775650464145",
        "name": null,
        "kind": "indoor-waypoint",
        "level": "3",
        "outdoor": true,
        "modes": [
          "pedestrian",
          "robot"
        ],
        "robotValidated": true,
        "locationId": null,
        "source": "global-nav-0408-gcj2wgs84",
        "verificationStatus": "from-navigation-graph-unverified"
      },
      "geometry": {
        "type": "Point",
        "coordinates": [
          113.47735994335393,
          22.891471936521153
        ]
      }
    },
    {
      "type": "Feature",
      "id": "local/global-nav-indoor/node/node_building_core_f3_1775650464782",
      "properties": {
        "featureClass": "indoorNetworkNode",
        "networkId": "global-nav-core-f3",
        "nodeId": "building_core_f3_1775650464782",
        "name": null,
        "kind": "indoor-waypoint",
        "level": "3",
        "outdoor": true,
        "modes": [
          "pedestrian",
          "robot"
        ],
        "robotValidated": true,
        "locationId": null,
        "source": "global-nav-0408-gcj2wgs84",
        "verificationStatus": "from-navigation-graph-unverified"
      },
      "geometry": {
        "type": "Point",
        "coordinates": [
          113.47736797480832,
          22.891402987636734
        ]
      }
    },
    {
      "type": "Feature",
      "id": "local/global-nav-indoor/node/node_building_core_f3_1775650465248",
      "properties": {
        "featureClass": "indoorNetworkNode",
        "networkId": "global-nav-core-f3",
        "nodeId": "building_core_f3_1775650465248",
        "name": null,
        "kind": "indoor-waypoint",
        "level": "3",
        "outdoor": true,
        "modes": [
          "pedestrian",
          "robot"
        ],
        "robotValidated": true,
        "locationId": null,
        "source": "global-nav-0408-gcj2wgs84",
        "verificationStatus": "from-navigation-graph-unverified"
      },
      "geometry": {
        "type": "Point",
        "coordinates": [
          113.477356941595,
          22.89134797808025
        ]
      }
    },
    {
      "type": "Feature",
      "id": "local/global-nav-indoor/node/node_building_core_f3_1775650465915",
      "properties": {
        "featureClass": "indoorNetworkNode",
        "networkId": "global-nav-core-f3",
        "nodeId": "building_core_f3_1775650465915",
        "name": null,
        "kind": "indoor-waypoint",
        "level": "3",
        "outdoor": true,
        "modes": [
          "pedestrian",
          "robot"
        ],
        "robotValidated": true,
        "locationId": null,
        "source": "global-nav-0408-gcj2wgs84",
        "verificationStatus": "from-navigation-graph-unverified"
      },
      "geometry": {
        "type": "Point",
        "coordinates": [
          113.47730176377361,
          22.89124885901064
        ]
      }
    },
    {
      "type": "Feature",
      "id": "local/global-nav-indoor/node/node_building_core_f3_1775650466434",
      "properties": {
        "featureClass": "indoorNetworkNode",
        "networkId": "global-nav-core-f3",
        "nodeId": "building_core_f3_1775650466434",
        "name": null,
        "kind": "indoor-waypoint",
        "level": "3",
        "outdoor": true,
        "modes": [
          "pedestrian",
          "robot"
        ],
        "robotValidated": true,
        "locationId": null,
        "source": "global-nav-0408-gcj2wgs84",
        "verificationStatus": "from-navigation-graph-unverified"
      },
      "geometry": {
        "type": "Point",
        "coordinates": [
          113.47720945682525,
          22.891226601758515
        ]
      }
    },
    {
      "type": "Feature",
      "id": "local/global-nav-indoor/node/node_building_core_f3_1775650466954",
      "properties": {
        "featureClass": "indoorNetworkNode",
        "networkId": "global-nav-core-f3",
        "nodeId": "building_core_f3_1775650466954",
        "name": null,
        "kind": "indoor-waypoint",
        "level": "3",
        "outdoor": true,
        "modes": [
          "pedestrian",
          "robot"
        ],
        "robotValidated": true,
        "locationId": null,
        "source": "global-nav-0408-gcj2wgs84",
        "verificationStatus": "from-navigation-graph-unverified"
      },
      "geometry": {
        "type": "Point",
        "coordinates": [
          113.4771352079136,
          22.89124038208629
        ]
      }
    },
    {
      "type": "Feature",
      "id": "local/global-nav-indoor/node/node_building_core_f3_1775650475783",
      "properties": {
        "featureClass": "indoorNetworkNode",
        "networkId": "global-nav-core-f3",
        "nodeId": "building_core_f3_1775650475783",
        "name": null,
        "kind": "indoor-waypoint",
        "level": "3",
        "outdoor": true,
        "modes": [
          "pedestrian",
          "robot"
        ],
        "robotValidated": true,
        "locationId": null,
        "source": "global-nav-0408-gcj2wgs84",
        "verificationStatus": "from-navigation-graph-unverified"
      },
      "geometry": {
        "type": "Point",
        "coordinates": [
          113.47736497626317,
          22.891231048636946
        ]
      }
    },
    {
      "type": "Feature",
      "id": "local/global-nav-indoor/node/node_building_core_f3_1775650476342",
      "properties": {
        "featureClass": "indoorNetworkNode",
        "networkId": "global-nav-core-f3",
        "nodeId": "building_core_f3_1775650476342",
        "name": null,
        "kind": "indoor-waypoint",
        "level": "3",
        "outdoor": true,
        "modes": [
          "pedestrian",
          "robot"
        ],
        "robotValidated": true,
        "locationId": null,
        "source": "global-nav-0408-gcj2wgs84",
        "verificationStatus": "from-navigation-graph-unverified"
      },
      "geometry": {
        "type": "Point",
        "coordinates": [
          113.47745628304249,
          22.891209321020494
        ]
      }
    },
    {
      "type": "Feature",
      "id": "local/global-nav-indoor/node/node_building_core_f3_1775650477917",
      "properties": {
        "featureClass": "indoorNetworkNode",
        "networkId": "global-nav-core-f3",
        "nodeId": "building_core_f3_1775650477917",
        "name": null,
        "kind": "indoor-waypoint",
        "level": "3",
        "outdoor": true,
        "modes": [
          "pedestrian",
          "robot"
        ],
        "robotValidated": true,
        "locationId": null,
        "source": "global-nav-0408-gcj2wgs84",
        "verificationStatus": "from-navigation-graph-unverified"
      },
      "geometry": {
        "type": "Point",
        "coordinates": [
          113.4774964206349,
          22.891159457123162
        ]
      }
    },
    {
      "type": "Feature",
      "id": "local/global-nav-indoor/node/node_building_core_f3_1775650478414",
      "properties": {
        "featureClass": "indoorNetworkNode",
        "networkId": "global-nav-core-f3",
        "nodeId": "building_core_f3_1775650478414",
        "name": null,
        "kind": "indoor-waypoint",
        "level": "3",
        "outdoor": true,
        "modes": [
          "pedestrian",
          "robot"
        ],
        "robotValidated": true,
        "locationId": null,
        "source": "global-nav-0408-gcj2wgs84",
        "verificationStatus": "from-navigation-graph-unverified"
      },
      "geometry": {
        "type": "Point",
        "coordinates": [
          113.47749341552067,
          22.89108547840752
        ]
      }
    },
    {
      "type": "Feature",
      "id": "local/global-nav-indoor/node/node_building_core_f3_1775650478888",
      "properties": {
        "featureClass": "indoorNetworkNode",
        "networkId": "global-nav-core-f3",
        "nodeId": "building_core_f3_1775650478888",
        "name": null,
        "kind": "indoor-waypoint",
        "level": "3",
        "outdoor": true,
        "modes": [
          "pedestrian",
          "robot"
        ],
        "robotValidated": true,
        "locationId": null,
        "source": "global-nav-0408-gcj2wgs84",
        "verificationStatus": "from-navigation-graph-unverified"
      },
      "geometry": {
        "type": "Point",
        "coordinates": [
          113.47754960638402,
          22.891042658047258
        ]
      }
    },
    {
      "type": "Feature",
      "id": "local/global-nav-indoor/node/node_building_core_f3_1775650479543",
      "properties": {
        "featureClass": "indoorNetworkNode",
        "networkId": "global-nav-core-f3",
        "nodeId": "building_core_f3_1775650479543",
        "name": null,
        "kind": "indoor-waypoint",
        "level": "3",
        "outdoor": true,
        "modes": [
          "pedestrian",
          "robot"
        ],
        "robotValidated": true,
        "locationId": null,
        "source": "global-nav-0408-gcj2wgs84",
        "verificationStatus": "from-navigation-graph-unverified"
      },
      "geometry": {
        "type": "Point",
        "coordinates": [
          113.47763990573164,
          22.891085901440192
        ]
      }
    },
    {
      "type": "Feature",
      "id": "local/global-nav-indoor/node/node_building_core_f3_1775650479963",
      "properties": {
        "featureClass": "indoorNetworkNode",
        "networkId": "global-nav-core-f3",
        "nodeId": "building_core_f3_1775650479963",
        "name": null,
        "kind": "indoor-waypoint",
        "level": "3",
        "outdoor": true,
        "modes": [
          "pedestrian",
          "robot"
        ],
        "robotValidated": true,
        "locationId": null,
        "source": "global-nav-0408-gcj2wgs84",
        "verificationStatus": "from-navigation-graph-unverified"
      },
      "geometry": {
        "type": "Point",
        "coordinates": [
          113.47763588801126,
          22.89114986392313
        ]
      }
    },
    {
      "type": "Feature",
      "id": "local/global-nav-indoor/node/node_building_core_f3_1775650480444",
      "properties": {
        "featureClass": "indoorNetworkNode",
        "networkId": "global-nav-core-f3",
        "nodeId": "building_core_f3_1775650480444",
        "name": null,
        "kind": "indoor-waypoint",
        "level": "3",
        "outdoor": true,
        "modes": [
          "pedestrian",
          "robot"
        ],
        "robotValidated": true,
        "locationId": null,
        "source": "global-nav-0408-gcj2wgs84",
        "verificationStatus": "from-navigation-graph-unverified"
      },
      "geometry": {
        "type": "Point",
        "coordinates": [
          113.47754759069697,
          22.891176597976727
        ]
      }
    },
    {
      "type": "Feature",
      "id": "local/global-nav-indoor/node/node_building_core_f3_1775650482770",
      "properties": {
        "featureClass": "indoorNetworkNode",
        "networkId": "global-nav-core-f3",
        "nodeId": "building_core_f3_1775650482770",
        "name": null,
        "kind": "indoor-waypoint",
        "level": "3",
        "outdoor": true,
        "modes": [
          "pedestrian",
          "robot"
        ],
        "robotValidated": true,
        "locationId": null,
        "source": "global-nav-0408-gcj2wgs84",
        "verificationStatus": "from-navigation-graph-unverified"
      },
      "geometry": {
        "type": "Point",
        "coordinates": [
          113.47760278735875,
          22.890997829846203
        ]
      }
    },
    {
      "type": "Feature",
      "id": "local/global-nav-indoor/node/node_building_core_f3_1775650484976",
      "properties": {
        "featureClass": "indoorNetworkNode",
        "networkId": "global-nav-core-f3",
        "nodeId": "building_core_f3_1775650484976",
        "name": null,
        "kind": "indoor-waypoint",
        "level": "3",
        "outdoor": true,
        "modes": [
          "pedestrian",
          "robot"
        ],
        "robotValidated": true,
        "locationId": null,
        "source": "global-nav-0408-gcj2wgs84",
        "verificationStatus": "from-navigation-graph-unverified"
      },
      "geometry": {
        "type": "Point",
        "coordinates": [
          113.47764794251223,
          22.890937984568733
        ]
      }
    },
    {
      "type": "Feature",
      "id": "local/global-nav-indoor/node/node_building_core_f3_1775650490412",
      "properties": {
        "featureClass": "indoorNetworkNode",
        "networkId": "global-nav-core-f3",
        "nodeId": "building_core_f3_1775650490412",
        "name": null,
        "kind": "indoor-waypoint",
        "level": "3",
        "outdoor": true,
        "modes": [
          "pedestrian",
          "robot"
        ],
        "robotValidated": true,
        "locationId": null,
        "source": "global-nav-0408-gcj2wgs84",
        "verificationStatus": "from-navigation-graph-unverified"
      },
      "geometry": {
        "type": "Point",
        "coordinates": [
          113.47743921474718,
          22.89137720372983
        ]
      }
    },
    {
      "type": "Feature",
      "id": "local/global-nav-indoor/node/node_building_core_f3_1775650491563",
      "properties": {
        "featureClass": "indoorNetworkNode",
        "networkId": "global-nav-core-f3",
        "nodeId": "building_core_f3_1775650491563",
        "name": null,
        "kind": "indoor-waypoint",
        "level": "3",
        "outdoor": true,
        "modes": [
          "pedestrian",
          "robot"
        ],
        "robotValidated": true,
        "locationId": null,
        "source": "global-nav-0408-gcj2wgs84",
        "verificationStatus": "from-navigation-graph-unverified"
      },
      "geometry": {
        "type": "Point",
        "coordinates": [
          113.4774933939595,
          22.89140734796265
        ]
      }
    },
    {
      "type": "Feature",
      "id": "local/global-nav-indoor/node/node_building_core_f3_1775650492892",
      "properties": {
        "featureClass": "indoorNetworkNode",
        "networkId": "global-nav-core-f3",
        "nodeId": "building_core_f3_1775650492892",
        "name": null,
        "kind": "indoor-waypoint",
        "level": "3",
        "outdoor": true,
        "modes": [
          "pedestrian",
          "robot"
        ],
        "robotValidated": true,
        "locationId": null,
        "source": "global-nav-0408-gcj2wgs84",
        "verificationStatus": "from-navigation-graph-unverified"
      },
      "geometry": {
        "type": "Point",
        "coordinates": [
          113.47756764264662,
          22.891403563959752
        ]
      }
    },
    {
      "type": "Feature",
      "id": "local/global-nav-indoor/node/node_building_core_f3_1775650493797",
      "properties": {
        "featureClass": "indoorNetworkNode",
        "networkId": "global-nav-core-f3",
        "nodeId": "building_core_f3_1775650493797",
        "name": null,
        "kind": "indoor-waypoint",
        "level": "3",
        "outdoor": true,
        "modes": [
          "pedestrian",
          "robot"
        ],
        "robotValidated": true,
        "locationId": null,
        "source": "global-nav-0408-gcj2wgs84",
        "verificationStatus": "from-navigation-graph-unverified"
      },
      "geometry": {
        "type": "Point",
        "coordinates": [
          113.47761379986068,
          22.891362713871544
        ]
      }
    },
    {
      "type": "Feature",
      "id": "local/global-nav-indoor/node/node_building_core_f3_1775650496201",
      "properties": {
        "featureClass": "indoorNetworkNode",
        "networkId": "global-nav-core-f3",
        "nodeId": "building_core_f3_1775650496201",
        "name": null,
        "kind": "indoor-waypoint",
        "level": "3",
        "outdoor": true,
        "modes": [
          "pedestrian",
          "robot"
        ],
        "robotValidated": true,
        "locationId": null,
        "source": "global-nav-0408-gcj2wgs84",
        "verificationStatus": "from-navigation-graph-unverified"
      },
      "geometry": {
        "type": "Point",
        "coordinates": [
          113.47759173220702,
          22.89126968779383
        ]
      }
    },
    {
      "type": "Feature",
      "id": "local/global-nav-indoor/node/node_building_core_f3_1775650496946",
      "properties": {
        "featureClass": "indoorNetworkNode",
        "networkId": "global-nav-core-f3",
        "nodeId": "building_core_f3_1775650496946",
        "name": null,
        "kind": "indoor-waypoint",
        "level": "3",
        "outdoor": true,
        "modes": [
          "pedestrian",
          "robot"
        ],
        "robotValidated": true,
        "locationId": null,
        "source": "global-nav-0408-gcj2wgs84",
        "verificationStatus": "from-navigation-graph-unverified"
      },
      "geometry": {
        "type": "Point",
        "coordinates": [
          113.47757668465069,
          22.891227661342466
        ]
      }
    },
    {
      "type": "Feature",
      "id": "local/global-nav-indoor/node/node_building_core_f3_1775650498719",
      "properties": {
        "featureClass": "indoorNetworkNode",
        "networkId": "global-nav-core-f3",
        "nodeId": "building_core_f3_1775650498719",
        "name": null,
        "kind": "indoor-waypoint",
        "level": "3",
        "outdoor": true,
        "modes": [
          "pedestrian",
          "robot"
        ],
        "robotValidated": true,
        "locationId": null,
        "source": "global-nav-0408-gcj2wgs84",
        "verificationStatus": "from-navigation-graph-unverified"
      },
      "geometry": {
        "type": "Point",
        "coordinates": [
          113.47767199628267,
          22.891338891711175
        ]
      }
    },
    {
      "type": "Feature",
      "id": "local/global-nav-indoor/node/node_building_core_f3_1775650499216",
      "properties": {
        "featureClass": "indoorNetworkNode",
        "networkId": "global-nav-core-f3",
        "nodeId": "building_core_f3_1775650499216",
        "name": null,
        "kind": "indoor-waypoint",
        "level": "3",
        "outdoor": true,
        "modes": [
          "pedestrian",
          "robot"
        ],
        "robotValidated": true,
        "locationId": null,
        "source": "global-nav-0408-gcj2wgs84",
        "verificationStatus": "from-navigation-graph-unverified"
      },
      "geometry": {
        "type": "Point",
        "coordinates": [
          113.47777133222111,
          22.891290198627868
        ]
      }
    },
    {
      "type": "Feature",
      "id": "local/global-nav-indoor/node/node_building_core_f3_1775650499932",
      "properties": {
        "featureClass": "indoorNetworkNode",
        "networkId": "global-nav-core-f3",
        "nodeId": "building_core_f3_1775650499932",
        "name": null,
        "kind": "indoor-waypoint",
        "level": "3",
        "outdoor": true,
        "modes": [
          "pedestrian",
          "robot"
        ],
        "robotValidated": true,
        "locationId": null,
        "source": "global-nav-0408-gcj2wgs84",
        "verificationStatus": "from-navigation-graph-unverified"
      },
      "geometry": {
        "type": "Point",
        "coordinates": [
          113.47773822024598,
          22.89130609644231
        ]
      }
    },
    {
      "type": "Feature",
      "id": "local/global-nav-indoor/node/node_building_core_f3_1775650504734",
      "properties": {
        "featureClass": "indoorNetworkNode",
        "networkId": "global-nav-core-f3",
        "nodeId": "building_core_f3_1775650504734",
        "name": null,
        "kind": "indoor-waypoint",
        "level": "3",
        "outdoor": true,
        "modes": [
          "pedestrian",
          "robot"
        ],
        "robotValidated": true,
        "locationId": null,
        "source": "global-nav-0408-gcj2wgs84",
        "verificationStatus": "from-navigation-graph-unverified"
      },
      "geometry": {
        "type": "Point",
        "coordinates": [
          113.47784257403998,
          22.891243423627035
        ]
      }
    },
    {
      "type": "Feature",
      "id": "local/global-nav-indoor/node/node_building_core_f3_1775650508300",
      "properties": {
        "featureClass": "indoorNetworkNode",
        "networkId": "global-nav-core-f3",
        "nodeId": "building_core_f3_1775650508300",
        "name": null,
        "kind": "indoor-waypoint",
        "level": "3",
        "outdoor": true,
        "modes": [
          "pedestrian",
          "robot"
        ],
        "robotValidated": true,
        "locationId": null,
        "source": "global-nav-0408-gcj2wgs84",
        "verificationStatus": "from-navigation-graph-unverified"
      },
      "geometry": {
        "type": "Point",
        "coordinates": [
          113.47790575335053,
          22.891729409501178
        ]
      }
    },
    {
      "type": "Feature",
      "id": "local/global-nav-indoor/node/node_building_core_f3_1775650508786",
      "properties": {
        "featureClass": "indoorNetworkNode",
        "networkId": "global-nav-core-f3",
        "nodeId": "building_core_f3_1775650508786",
        "name": null,
        "kind": "indoor-waypoint",
        "level": "3",
        "outdoor": true,
        "modes": [
          "pedestrian",
          "robot"
        ],
        "robotValidated": true,
        "locationId": null,
        "source": "global-nav-0408-gcj2wgs84",
        "verificationStatus": "from-navigation-graph-unverified"
      },
      "geometry": {
        "type": "Point",
        "coordinates": [
          113.47791879084708,
          22.891822409533077
        ]
      }
    },
    {
      "type": "Feature",
      "id": "local/global-nav-indoor/node/node_building_core_f3_1775650509513",
      "properties": {
        "featureClass": "indoorNetworkNode",
        "networkId": "global-nav-core-f3",
        "nodeId": "building_core_f3_1775650509513",
        "name": null,
        "kind": "indoor-waypoint",
        "level": "3",
        "outdoor": true,
        "modes": [
          "pedestrian",
          "robot"
        ],
        "robotValidated": true,
        "locationId": null,
        "source": "global-nav-0408-gcj2wgs84",
        "verificationStatus": "from-navigation-graph-unverified"
      },
      "geometry": {
        "type": "Point",
        "coordinates": [
          113.47801912767252,
          22.891816702270553
        ]
      }
    },
    {
      "type": "Feature",
      "id": "local/global-nav-indoor/node/node_building_core_f3_1775650510062",
      "properties": {
        "featureClass": "indoorNetworkNode",
        "networkId": "global-nav-core-f3",
        "nodeId": "building_core_f3_1775650510062",
        "name": null,
        "kind": "indoor-waypoint",
        "level": "3",
        "outdoor": true,
        "modes": [
          "pedestrian",
          "robot"
        ],
        "robotValidated": true,
        "locationId": null,
        "source": "global-nav-0408-gcj2wgs84",
        "verificationStatus": "from-navigation-graph-unverified"
      },
      "geometry": {
        "type": "Point",
        "coordinates": [
          113.47802013779945,
          22.891715746114354
        ]
      }
    },
    {
      "type": "Feature",
      "id": "local/global-nav-indoor/node/node_building_core_f3_1775650510461",
      "properties": {
        "featureClass": "indoorNetworkNode",
        "networkId": "global-nav-core-f3",
        "nodeId": "building_core_f3_1775650510461",
        "name": null,
        "kind": "indoor-waypoint",
        "level": "3",
        "outdoor": true,
        "modes": [
          "pedestrian",
          "robot"
        ],
        "robotValidated": true,
        "locationId": null,
        "source": "global-nav-0408-gcj2wgs84",
        "verificationStatus": "from-navigation-graph-unverified"
      },
      "geometry": {
        "type": "Point",
        "coordinates": [
          113.47797800110058,
          22.891646652135105
        ]
      }
    },
    {
      "type": "Feature",
      "id": "local/global-nav-indoor/node/node_building_core_f3_1775650511987",
      "properties": {
        "featureClass": "indoorNetworkNode",
        "networkId": "global-nav-core-f3",
        "nodeId": "building_core_f3_1775650511987",
        "name": null,
        "kind": "indoor-waypoint",
        "level": "3",
        "outdoor": true,
        "modes": [
          "pedestrian",
          "robot"
        ],
        "robotValidated": true,
        "locationId": null,
        "source": "global-nav-0408-gcj2wgs84",
        "verificationStatus": "from-navigation-graph-unverified"
      },
      "geometry": {
        "type": "Point",
        "coordinates": [
          113.47788569057545,
          22.8916623786163
        ]
      }
    },
    {
      "type": "Feature",
      "id": "local/global-nav-indoor/node/node_building_core_f3_1775650512404",
      "properties": {
        "featureClass": "indoorNetworkNode",
        "networkId": "global-nav-core-f3",
        "nodeId": "building_core_f3_1775650512404",
        "name": null,
        "kind": "indoor-waypoint",
        "level": "3",
        "outdoor": true,
        "modes": [
          "pedestrian",
          "robot"
        ],
        "robotValidated": true,
        "locationId": null,
        "source": "global-nav-0408-gcj2wgs84",
        "verificationStatus": "from-navigation-graph-unverified"
      },
      "geometry": {
        "type": "Point",
        "coordinates": [
          113.47778435388763,
          22.89161910302124
        ]
      }
    },
    {
      "type": "Feature",
      "id": "local/global-nav-indoor/node/node_building_core_f3_1775650512861",
      "properties": {
        "featureClass": "indoorNetworkNode",
        "networkId": "global-nav-core-f3",
        "nodeId": "building_core_f3_1775650512861",
        "name": null,
        "kind": "indoor-waypoint",
        "level": "3",
        "outdoor": true,
        "modes": [
          "pedestrian",
          "robot"
        ],
        "robotValidated": true,
        "locationId": null,
        "source": "global-nav-0408-gcj2wgs84",
        "verificationStatus": "from-navigation-graph-unverified"
      },
      "geometry": {
        "type": "Point",
        "coordinates": [
          113.47769305103125,
          22.891574856963906
        ]
      }
    },
    {
      "type": "Feature",
      "id": "local/global-nav-indoor/node/node_building_core_f3_1775650513265",
      "properties": {
        "featureClass": "indoorNetworkNode",
        "networkId": "global-nav-core-f3",
        "nodeId": "building_core_f3_1775650513265",
        "name": null,
        "kind": "indoor-waypoint",
        "level": "3",
        "outdoor": true,
        "modes": [
          "pedestrian",
          "robot"
        ],
        "robotValidated": true,
        "locationId": null,
        "source": "global-nav-0408-gcj2wgs84",
        "verificationStatus": "from-navigation-graph-unverified"
      },
      "geometry": {
        "type": "Point",
        "coordinates": [
          113.47764389024177,
          22.891517738016553
        ]
      }
    },
    {
      "type": "Feature",
      "id": "local/global-nav-indoor/node/node_building_core_f3_1775650514618",
      "properties": {
        "featureClass": "indoorNetworkNode",
        "networkId": "global-nav-core-f3",
        "nodeId": "building_core_f3_1775650514618",
        "name": null,
        "kind": "indoor-waypoint",
        "level": "3",
        "outdoor": true,
        "modes": [
          "pedestrian",
          "robot"
        ],
        "robotValidated": true,
        "locationId": null,
        "source": "global-nav-0408-gcj2wgs84",
        "verificationStatus": "from-navigation-graph-unverified"
      },
      "geometry": {
        "type": "Point",
        "coordinates": [
          113.47760677099566,
          22.891442661170466
        ]
      }
    },
    {
      "type": "Feature",
      "id": "local/global-nav-indoor/node/node_building_core_f3_1775650520414",
      "properties": {
        "featureClass": "indoorNetworkNode",
        "networkId": "global-nav-core-f3",
        "nodeId": "building_core_f3_1775650520414",
        "name": null,
        "kind": "indoor-waypoint",
        "level": "3",
        "outdoor": true,
        "modes": [
          "pedestrian",
          "robot"
        ],
        "robotValidated": true,
        "locationId": null,
        "source": "global-nav-0408-gcj2wgs84",
        "verificationStatus": "from-navigation-graph-unverified"
      },
      "geometry": {
        "type": "Point",
        "coordinates": [
          113.47801312221131,
          22.891596774018723
        ]
      }
    },
    {
      "type": "Feature",
      "id": "local/global-nav-indoor/node/node_building_core_f3_1775650521047",
      "properties": {
        "featureClass": "indoorNetworkNode",
        "networkId": "global-nav-core-f3",
        "nodeId": "building_core_f3_1775650521047",
        "name": null,
        "kind": "indoor-waypoint",
        "level": "3",
        "outdoor": true,
        "modes": [
          "pedestrian",
          "robot"
        ],
        "robotValidated": true,
        "locationId": null,
        "source": "global-nav-0408-gcj2wgs84",
        "verificationStatus": "from-navigation-graph-unverified"
      },
      "geometry": {
        "type": "Point",
        "coordinates": [
          113.478096404169,
          22.891558030874453
        ]
      }
    },
    {
      "type": "Feature",
      "id": "local/global-nav-indoor/node/node_building_core_f3_1775650523780",
      "properties": {
        "featureClass": "indoorNetworkNode",
        "networkId": "global-nav-core-f3",
        "nodeId": "building_core_f3_1775650523780",
        "name": null,
        "kind": "indoor-waypoint",
        "level": "3",
        "outdoor": true,
        "modes": [
          "pedestrian",
          "robot"
        ],
        "robotValidated": true,
        "locationId": null,
        "source": "global-nav-0408-gcj2wgs84",
        "verificationStatus": "from-navigation-graph-unverified"
      },
      "geometry": {
        "type": "Point",
        "coordinates": [
          113.47792783872667,
          22.89155954225213
        ]
      }
    },
    {
      "type": "Feature",
      "id": "local/global-nav-indoor/node/node_building_core_f3_1775650524211",
      "properties": {
        "featureClass": "indoorNetworkNode",
        "networkId": "global-nav-core-f3",
        "nodeId": "building_core_f3_1775650524211",
        "name": null,
        "kind": "indoor-waypoint",
        "level": "3",
        "outdoor": true,
        "modes": [
          "pedestrian",
          "robot"
        ],
        "robotValidated": true,
        "locationId": null,
        "source": "global-nav-0408-gcj2wgs84",
        "verificationStatus": "from-navigation-graph-unverified"
      },
      "geometry": {
        "type": "Point",
        "coordinates": [
          113.47791379732924,
          22.8914745360634
        ]
      }
    },
    {
      "type": "Feature",
      "id": "local/global-nav-indoor/node/node_building_core_f3_1775650524646",
      "properties": {
        "featureClass": "indoorNetworkNode",
        "networkId": "global-nav-core-f3",
        "nodeId": "building_core_f3_1775650524646",
        "name": null,
        "kind": "indoor-waypoint",
        "level": "3",
        "outdoor": true,
        "modes": [
          "pedestrian",
          "robot"
        ],
        "robotValidated": true,
        "locationId": null,
        "source": "global-nav-0408-gcj2wgs84",
        "verificationStatus": "from-navigation-graph-unverified"
      },
      "geometry": {
        "type": "Point",
        "coordinates": [
          113.4778515953955,
          22.891376395856167
        ]
      }
    },
    {
      "type": "Feature",
      "id": "local/global-nav-indoor/node/node_building_core_f3_1775650525091",
      "properties": {
        "featureClass": "indoorNetworkNode",
        "networkId": "global-nav-core-f3",
        "nodeId": "building_core_f3_1775650525091",
        "name": null,
        "kind": "indoor-waypoint",
        "level": "3",
        "outdoor": true,
        "modes": [
          "pedestrian",
          "robot"
        ],
        "robotValidated": true,
        "locationId": null,
        "source": "global-nav-0408-gcj2wgs84",
        "verificationStatus": "from-navigation-graph-unverified"
      },
      "geometry": {
        "type": "Point",
        "coordinates": [
          113.47778637962499,
          22.891335223903187
        ]
      }
    },
    {
      "type": "Feature",
      "id": "local/global-nav-indoor/node/node_building_core_f3_1775650654307",
      "properties": {
        "featureClass": "indoorNetworkNode",
        "networkId": "global-nav-core-f3",
        "nodeId": "building_core_f3_1775650654307",
        "name": null,
        "kind": "indoor-waypoint",
        "level": "3",
        "outdoor": true,
        "modes": [
          "pedestrian",
          "robot"
        ],
        "robotValidated": true,
        "locationId": null,
        "source": "global-nav-0408-gcj2wgs84",
        "verificationStatus": "from-navigation-graph-unverified"
      },
      "geometry": {
        "type": "Point",
        "coordinates": [
          113.47782750292103,
          22.891552254908856
        ]
      }
    },
    {
      "type": "Feature",
      "id": "local/global-nav-indoor/node/node_building_core_f3_1775650721506",
      "properties": {
        "featureClass": "indoorNetworkNode",
        "networkId": "global-nav-core-f3",
        "nodeId": "building_core_f3_1775650721506",
        "name": null,
        "kind": "indoor-waypoint",
        "level": "3",
        "outdoor": true,
        "modes": [
          "pedestrian",
          "robot"
        ],
        "robotValidated": true,
        "locationId": null,
        "source": "global-nav-0408-gcj2wgs84",
        "verificationStatus": "from-navigation-graph-unverified"
      },
      "geometry": {
        "type": "Point",
        "coordinates": [
          113.47772921919461,
          22.890870246939404
        ]
      }
    },
    {
      "type": "Feature",
      "id": "local/global-nav-indoor/node/node_building_core_f3_1775650722674",
      "properties": {
        "featureClass": "indoorNetworkNode",
        "networkId": "global-nav-core-f3",
        "nodeId": "building_core_f3_1775650722674",
        "name": null,
        "kind": "indoor-waypoint",
        "level": "3",
        "outdoor": true,
        "modes": [
          "pedestrian",
          "robot"
        ],
        "robotValidated": true,
        "locationId": null,
        "source": "global-nav-0408-gcj2wgs84",
        "verificationStatus": "from-navigation-graph-unverified"
      },
      "geometry": {
        "type": "Point",
        "coordinates": [
          113.4779669956935,
          22.891174811447755
        ]
      }
    },
    {
      "type": "Feature",
      "id": "local/global-nav-indoor/node/poi_building_core_f3_1775650535767",
      "properties": {
        "featureClass": "indoorNetworkNode",
        "networkId": "global-nav-core-f3",
        "nodeId": "poi_building_core_f3_1775650535767",
        "name": "中央花园",
        "kind": "garden",
        "level": "3",
        "outdoor": true,
        "modes": [
          "pedestrian",
          "robot"
        ],
        "robotValidated": true,
        "locationId": "central-garden",
        "source": "global-nav-0408-gcj2wgs84",
        "verificationStatus": "from-navigation-graph-unverified"
      },
      "geometry": {
        "type": "Point",
        "coordinates": [
          113.47728770698677,
          22.891395758943506
        ]
      }
    },
    {
      "type": "Feature",
      "id": "local/global-nav-indoor/node/node_building_w_f2_1775579185080",
      "properties": {
        "featureClass": "indoorNetworkNode",
        "networkId": "global-nav-w-f2",
        "nodeId": "building_w_f2_1775579185080",
        "name": null,
        "kind": "indoor-waypoint",
        "level": "2",
        "outdoor": false,
        "modes": [
          "pedestrian",
          "robot"
        ],
        "robotValidated": true,
        "locationId": null,
        "source": "global-nav-0408-gcj2wgs84",
        "verificationStatus": "from-navigation-graph-unverified"
      },
      "geometry": {
        "type": "Point",
        "coordinates": [
          113.4775906480289,
          22.892476195583296
        ]
      }
    },
    {
      "type": "Feature",
      "id": "local/global-nav-indoor/node/node_building_w_f2_1775579186483",
      "properties": {
        "featureClass": "indoorNetworkNode",
        "networkId": "global-nav-w-f2",
        "nodeId": "building_w_f2_1775579186483",
        "name": null,
        "kind": "indoor-waypoint",
        "level": "2",
        "outdoor": false,
        "modes": [
          "pedestrian",
          "robot"
        ],
        "robotValidated": true,
        "locationId": null,
        "source": "global-nav-0408-gcj2wgs84",
        "verificationStatus": "from-navigation-graph-unverified"
      },
      "geometry": {
        "type": "Point",
        "coordinates": [
          113.47748730806474,
          22.8923889324741
        ]
      }
    },
    {
      "type": "Feature",
      "id": "local/global-nav-indoor/node/node_building_w_f2_1775579187988",
      "properties": {
        "featureClass": "indoorNetworkNode",
        "networkId": "global-nav-w-f2",
        "nodeId": "building_w_f2_1775579187988",
        "name": null,
        "kind": "indoor-waypoint",
        "level": "2",
        "outdoor": false,
        "modes": [
          "pedestrian",
          "robot"
        ],
        "robotValidated": true,
        "locationId": null,
        "source": "global-nav-0408-gcj2wgs84",
        "verificationStatus": "from-navigation-graph-unverified"
      },
      "geometry": {
        "type": "Point",
        "coordinates": [
          113.47730972356689,
          22.892249476416595
        ]
      }
    },
    {
      "type": "Feature",
      "id": "local/global-nav-indoor/node/node_building_w_f2_1775579189293",
      "properties": {
        "featureClass": "indoorNetworkNode",
        "networkId": "global-nav-w-f2",
        "nodeId": "building_w_f2_1775579189293",
        "name": null,
        "kind": "indoor-waypoint",
        "level": "2",
        "outdoor": false,
        "modes": [
          "pedestrian",
          "robot"
        ],
        "robotValidated": true,
        "locationId": null,
        "source": "global-nav-0408-gcj2wgs84",
        "verificationStatus": "from-navigation-graph-unverified"
      },
      "geometry": {
        "type": "Point",
        "coordinates": [
          113.4771883263071,
          22.892124177056388
        ]
      }
    },
    {
      "type": "Feature",
      "id": "local/global-nav-indoor/node/node_building_w_f2_1775579191356",
      "properties": {
        "featureClass": "indoorNetworkNode",
        "networkId": "global-nav-w-f2",
        "nodeId": "building_w_f2_1775579191356",
        "name": null,
        "kind": "indoor-waypoint",
        "level": "2",
        "outdoor": false,
        "modes": [
          "pedestrian",
          "robot"
        ],
        "robotValidated": true,
        "locationId": null,
        "source": "global-nav-0408-gcj2wgs84",
        "verificationStatus": "from-navigation-graph-unverified"
      },
      "geometry": {
        "type": "Point",
        "coordinates": [
          113.47708498925064,
          22.892003927901126
        ]
      }
    },
    {
      "type": "Feature",
      "id": "local/global-nav-indoor/node/node_building_w_f2_1775579192394",
      "properties": {
        "featureClass": "indoorNetworkNode",
        "networkId": "global-nav-w-f2",
        "nodeId": "building_w_f2_1775579192394",
        "name": null,
        "kind": "indoor-waypoint",
        "level": "2",
        "outdoor": false,
        "modes": [
          "pedestrian",
          "robot"
        ],
        "robotValidated": true,
        "locationId": null,
        "source": "global-nav-0408-gcj2wgs84",
        "verificationStatus": "from-navigation-graph-unverified"
      },
      "geometry": {
        "type": "Point",
        "coordinates": [
          113.47698767259668,
          22.891881697038333
        ]
      }
    },
    {
      "type": "Feature",
      "id": "local/global-nav-indoor/node/node_building_w_f2_1775579193864",
      "properties": {
        "featureClass": "indoorNetworkNode",
        "networkId": "global-nav-w-f2",
        "nodeId": "building_w_f2_1775579193864",
        "name": null,
        "kind": "indoor-waypoint",
        "level": "2",
        "outdoor": false,
        "modes": [
          "pedestrian",
          "robot"
        ],
        "robotValidated": true,
        "locationId": null,
        "source": "global-nav-0408-gcj2wgs84",
        "verificationStatus": "from-navigation-graph-unverified"
      },
      "geometry": {
        "type": "Point",
        "coordinates": [
          113.47689136112521,
          22.89173447932647
        ]
      }
    },
    {
      "type": "Feature",
      "id": "local/global-nav-indoor/node/node_building_w_f2_1775579198235",
      "properties": {
        "featureClass": "indoorNetworkNode",
        "networkId": "global-nav-w-f2",
        "nodeId": "building_w_f2_1775579198235",
        "name": null,
        "kind": "indoor-waypoint",
        "level": "2",
        "outdoor": false,
        "modes": [
          "pedestrian",
          "robot"
        ],
        "robotValidated": true,
        "locationId": null,
        "source": "global-nav-0408-gcj2wgs84",
        "verificationStatus": "from-navigation-graph-unverified"
      },
      "geometry": {
        "type": "Point",
        "coordinates": [
          113.4767810037278,
          22.891576225788107
        ]
      }
    },
    {
      "type": "Feature",
      "id": "local/global-nav-indoor/node/node_building_w_f2_1775579199178",
      "properties": {
        "featureClass": "indoorNetworkNode",
        "networkId": "global-nav-w-f2",
        "nodeId": "building_w_f2_1775579199178",
        "name": null,
        "kind": "indoor-waypoint",
        "level": "2",
        "outdoor": false,
        "modes": [
          "pedestrian",
          "robot"
        ],
        "robotValidated": true,
        "locationId": null,
        "source": "global-nav-0408-gcj2wgs84",
        "verificationStatus": "from-navigation-graph-unverified"
      },
      "geometry": {
        "type": "Point",
        "coordinates": [
          113.4767097749653,
          22.891447073176646
        ]
      }
    },
    {
      "type": "Feature",
      "id": "local/global-nav-indoor/node/node_building_w_f2_1775579200088",
      "properties": {
        "featureClass": "indoorNetworkNode",
        "networkId": "global-nav-w-f2",
        "nodeId": "building_w_f2_1775579200088",
        "name": null,
        "kind": "indoor-waypoint",
        "level": "2",
        "outdoor": false,
        "modes": [
          "pedestrian",
          "robot"
        ],
        "robotValidated": true,
        "locationId": null,
        "source": "global-nav-0408-gcj2wgs84",
        "verificationStatus": "from-navigation-graph-unverified"
      },
      "geometry": {
        "type": "Point",
        "coordinates": [
          113.47663654282226,
          22.89126993430971
        ]
      }
    },
    {
      "type": "Feature",
      "id": "local/global-nav-indoor/node/node_building_w_f2_1775579202729",
      "properties": {
        "featureClass": "indoorNetworkNode",
        "networkId": "global-nav-w-f2",
        "nodeId": "building_w_f2_1775579202729",
        "name": null,
        "kind": "indoor-waypoint",
        "level": "2",
        "outdoor": false,
        "modes": [
          "pedestrian",
          "robot"
        ],
        "robotValidated": true,
        "locationId": null,
        "source": "global-nav-0408-gcj2wgs84",
        "verificationStatus": "from-navigation-graph-unverified"
      },
      "geometry": {
        "type": "Point",
        "coordinates": [
          113.47657736263238,
          22.891016866652663
        ]
      }
    },
    {
      "type": "Feature",
      "id": "local/global-nav-indoor/node/node_building_w_f2_1775579213070",
      "properties": {
        "featureClass": "indoorNetworkNode",
        "networkId": "global-nav-w-f2",
        "nodeId": "building_w_f2_1775579213070",
        "name": null,
        "kind": "indoor-waypoint",
        "level": "2",
        "outdoor": false,
        "modes": [
          "pedestrian",
          "robot"
        ],
        "robotValidated": true,
        "locationId": null,
        "source": "global-nav-0408-gcj2wgs84",
        "verificationStatus": "from-navigation-graph-unverified"
      },
      "geometry": {
        "type": "Point",
        "coordinates": [
          113.47656934093037,
          22.89094187396104
        ]
      }
    },
    {
      "type": "Feature",
      "id": "local/global-nav-indoor/node/node_building_w_f2_1775648071106",
      "properties": {
        "featureClass": "indoorNetworkNode",
        "networkId": "global-nav-w-f2",
        "nodeId": "building_w_f2_1775648071106",
        "name": null,
        "kind": "indoor-waypoint",
        "level": "2",
        "outdoor": false,
        "modes": [
          "pedestrian",
          "robot"
        ],
        "robotValidated": true,
        "locationId": null,
        "source": "global-nav-0408-gcj2wgs84",
        "verificationStatus": "from-navigation-graph-unverified"
      },
      "geometry": {
        "type": "Point",
        "coordinates": [
          113.47678102134284,
          22.891313332355598
        ]
      }
    },
    {
      "type": "Feature",
      "id": "local/global-nav-indoor/node/node_building_w_f2_1775648072061",
      "properties": {
        "featureClass": "indoorNetworkNode",
        "networkId": "global-nav-w-f2",
        "nodeId": "building_w_f2_1775648072061",
        "name": null,
        "kind": "indoor-waypoint",
        "level": "2",
        "outdoor": false,
        "modes": [
          "pedestrian",
          "robot"
        ],
        "robotValidated": true,
        "locationId": null,
        "source": "global-nav-0408-gcj2wgs84",
        "verificationStatus": "from-navigation-graph-unverified"
      },
      "geometry": {
        "type": "Point",
        "coordinates": [
          113.47687533765982,
          22.89128561507079
        ]
      }
    },
    {
      "type": "Feature",
      "id": "local/global-nav-indoor/node/node_building_w_f2_1775648074924",
      "properties": {
        "featureClass": "indoorNetworkNode",
        "networkId": "global-nav-w-f2",
        "nodeId": "building_w_f2_1775648074924",
        "name": null,
        "kind": "indoor-waypoint",
        "level": "2",
        "outdoor": false,
        "modes": [
          "pedestrian",
          "robot"
        ],
        "robotValidated": true,
        "locationId": null,
        "source": "global-nav-0408-gcj2wgs84",
        "verificationStatus": "from-navigation-graph-unverified"
      },
      "geometry": {
        "type": "Point",
        "coordinates": [
          113.47664958144466,
          22.891341942634778
        ]
      }
    },
    {
      "type": "Feature",
      "id": "local/global-nav-indoor/node/node_building_w_f2_1775648078282",
      "properties": {
        "featureClass": "indoorNetworkNode",
        "networkId": "global-nav-w-f2",
        "nodeId": "building_w_f2_1775648078282",
        "name": null,
        "kind": "indoor-waypoint",
        "level": "2",
        "outdoor": false,
        "modes": [
          "pedestrian",
          "robot"
        ],
        "robotValidated": true,
        "locationId": null,
        "source": "global-nav-0408-gcj2wgs84",
        "verificationStatus": "from-navigation-graph-unverified"
      },
      "geometry": {
        "type": "Point",
        "coordinates": [
          113.47695658080917,
          22.89170268003793
        ]
      }
    },
    {
      "type": "Feature",
      "id": "local/global-nav-indoor/node/node_building_w_f2_1775648079202",
      "properties": {
        "featureClass": "indoorNetworkNode",
        "networkId": "global-nav-w-f2",
        "nodeId": "building_w_f2_1775648079202",
        "name": null,
        "kind": "indoor-waypoint",
        "level": "2",
        "outdoor": false,
        "modes": [
          "pedestrian",
          "robot"
        ],
        "robotValidated": true,
        "locationId": null,
        "source": "global-nav-0408-gcj2wgs84",
        "verificationStatus": "from-navigation-graph-unverified"
      },
      "geometry": {
        "type": "Point",
        "coordinates": [
          113.47704387436964,
          22.89166894519869
        ]
      }
    },
    {
      "type": "Feature",
      "id": "local/global-nav-indoor/node/node_building_w_f2_1775649520298",
      "properties": {
        "featureClass": "indoorNetworkNode",
        "networkId": "global-nav-w-f2",
        "nodeId": "building_w_f2_1775649520298",
        "name": null,
        "kind": "indoor-waypoint",
        "level": "2",
        "outdoor": false,
        "modes": [
          "pedestrian",
          "robot"
        ],
        "robotValidated": true,
        "locationId": null,
        "source": "global-nav-0408-gcj2wgs84",
        "verificationStatus": "from-navigation-graph-unverified"
      },
      "geometry": {
        "type": "Point",
        "coordinates": [
          113.47670678328834,
          22.89117317552883
        ]
      }
    },
    {
      "type": "Feature",
      "id": "local/global-nav-indoor/node/node_building_w_f2_1775649522738",
      "properties": {
        "featureClass": "indoorNetworkNode",
        "networkId": "global-nav-w-f2",
        "nodeId": "building_w_f2_1775649522738",
        "name": null,
        "kind": "indoor-waypoint",
        "level": "2",
        "outdoor": false,
        "modes": [
          "pedestrian",
          "robot"
        ],
        "robotValidated": true,
        "locationId": null,
        "source": "global-nav-0408-gcj2wgs84",
        "verificationStatus": "from-navigation-graph-unverified"
      },
      "geometry": {
        "type": "Point",
        "coordinates": [
          113.4768873593942,
          22.891560538296115
        ]
      }
    },
    {
      "type": "Feature",
      "id": "local/global-nav-indoor/node/node_building_w_f2_1775649533189",
      "properties": {
        "featureClass": "indoorNetworkNode",
        "networkId": "global-nav-w-f2",
        "nodeId": "building_w_f2_1775649533189",
        "name": null,
        "kind": "indoor-waypoint",
        "level": "2",
        "outdoor": false,
        "modes": [
          "pedestrian",
          "robot"
        ],
        "robotValidated": true,
        "locationId": null,
        "source": "global-nav-0408-gcj2wgs84",
        "verificationStatus": "from-navigation-graph-unverified"
      },
      "geometry": {
        "type": "Point",
        "coordinates": [
          113.47718733018853,
          22.892016217956787
        ]
      }
    },
    {
      "type": "Feature",
      "id": "local/global-nav-indoor/node/poi_building_w_f2_1775648343294",
      "properties": {
        "featureClass": "indoorNetworkNode",
        "networkId": "global-nav-w-f2",
        "nodeId": "poi_building_w_f2_1775648343294",
        "name": "光塔亚洲餐厅",
        "kind": "restaurant",
        "level": "2",
        "outdoor": false,
        "modes": [
          "pedestrian",
          "robot"
        ],
        "robotValidated": true,
        "locationId": "light-tower-restaurant",
        "source": "global-nav-0408-gcj2wgs84",
        "verificationStatus": "from-navigation-graph-unverified"
      },
      "geometry": {
        "type": "Point",
        "coordinates": [
          113.47718332113656,
          22.89195123274247
        ]
      }
    },
    {
      "type": "Feature",
      "id": "local/global-nav-indoor/node/poi_building_w_f2_1775650919567",
      "properties": {
        "featureClass": "indoorNetworkNode",
        "networkId": "global-nav-w-f2",
        "nodeId": "poi_building_w_f2_1775650919567",
        "name": "学术科研区",
        "kind": "academic",
        "level": "2",
        "outdoor": false,
        "modes": [
          "pedestrian",
          "robot"
        ],
        "robotValidated": true,
        "locationId": "academic-research-area",
        "source": "global-nav-0408-gcj2wgs84",
        "verificationStatus": "from-navigation-graph-unverified"
      },
      "geometry": {
        "type": "Point",
        "coordinates": [
          113.47737895324676,
          22.89227566558197
        ]
      }
    },
    {
      "type": "Feature",
      "id": "local/global-nav-indoor/node/node_building_w_f3_1775650171147",
      "properties": {
        "featureClass": "indoorNetworkNode",
        "networkId": "global-nav-w-f3",
        "nodeId": "building_w_f3_1775650171147",
        "name": null,
        "kind": "indoor-waypoint",
        "level": "3",
        "outdoor": false,
        "modes": [
          "pedestrian",
          "robot"
        ],
        "robotValidated": true,
        "locationId": null,
        "source": "global-nav-0408-gcj2wgs84",
        "verificationStatus": "from-navigation-graph-unverified"
      },
      "geometry": {
        "type": "Point",
        "coordinates": [
          113.47652920658248,
          22.890952754193027
        ]
      }
    },
    {
      "type": "Feature",
      "id": "local/global-nav-indoor/node/node_building_w_f3_1775650194032",
      "properties": {
        "featureClass": "indoorNetworkNode",
        "networkId": "global-nav-w-f3",
        "nodeId": "building_w_f3_1775650194032",
        "name": null,
        "kind": "indoor-waypoint",
        "level": "3",
        "outdoor": false,
        "modes": [
          "pedestrian",
          "robot"
        ],
        "robotValidated": true,
        "locationId": null,
        "source": "global-nav-0408-gcj2wgs84",
        "verificationStatus": "from-navigation-graph-unverified"
      },
      "geometry": {
        "type": "Point",
        "coordinates": [
          113.47654726034074,
          22.891047767606572
        ]
      }
    },
    {
      "type": "Feature",
      "id": "local/global-nav-indoor/node/node_building_w_f3_1775650212751",
      "properties": {
        "featureClass": "indoorNetworkNode",
        "networkId": "global-nav-w-f3",
        "nodeId": "building_w_f3_1775650212751",
        "name": null,
        "kind": "indoor-waypoint",
        "level": "3",
        "outdoor": false,
        "modes": [
          "pedestrian",
          "robot"
        ],
        "robotValidated": true,
        "locationId": null,
        "source": "global-nav-0408-gcj2wgs84",
        "verificationStatus": "from-navigation-graph-unverified"
      },
      "geometry": {
        "type": "Point",
        "coordinates": [
          113.47663252831651,
          22.89128691588625
        ]
      }
    },
    {
      "type": "Feature",
      "id": "local/global-nav-indoor/node/node_building_w_f3_1775650214131",
      "properties": {
        "featureClass": "indoorNetworkNode",
        "networkId": "global-nav-w-f3",
        "nodeId": "building_w_f3_1775650214131",
        "name": null,
        "kind": "indoor-waypoint",
        "level": "3",
        "outdoor": false,
        "modes": [
          "pedestrian",
          "robot"
        ],
        "robotValidated": true,
        "locationId": null,
        "source": "global-nav-0408-gcj2wgs84",
        "verificationStatus": "from-navigation-graph-unverified"
      },
      "geometry": {
        "type": "Point",
        "coordinates": [
          113.47665961459795,
          22.89134596985804
        ]
      }
    },
    {
      "type": "Feature",
      "id": "local/global-nav-indoor/node/node_building_w_f3_1775650215546",
      "properties": {
        "featureClass": "indoorNetworkNode",
        "networkId": "global-nav-w-f3",
        "nodeId": "building_w_f3_1775650215546",
        "name": null,
        "kind": "indoor-waypoint",
        "level": "3",
        "outdoor": false,
        "modes": [
          "pedestrian",
          "robot"
        ],
        "robotValidated": true,
        "locationId": null,
        "source": "global-nav-0408-gcj2wgs84",
        "verificationStatus": "from-navigation-graph-unverified"
      },
      "geometry": {
        "type": "Point",
        "coordinates": [
          113.47678102154377,
          22.891310333571013
        ]
      }
    },
    {
      "type": "Feature",
      "id": "local/global-nav-indoor/node/node_building_w_f3_1775650217013",
      "properties": {
        "featureClass": "indoorNetworkNode",
        "networkId": "global-nav-w-f3",
        "nodeId": "building_w_f3_1775650217013",
        "name": null,
        "kind": "indoor-waypoint",
        "level": "3",
        "outdoor": false,
        "modes": [
          "pedestrian",
          "robot"
        ],
        "robotValidated": true,
        "locationId": null,
        "source": "global-nav-0408-gcj2wgs84",
        "verificationStatus": "from-navigation-graph-unverified"
      },
      "geometry": {
        "type": "Point",
        "coordinates": [
          113.47672383824685,
          22.89120121323632
        ]
      }
    },
    {
      "type": "Feature",
      "id": "local/global-nav-indoor/node/node_building_w_f3_1775650218074",
      "properties": {
        "featureClass": "indoorNetworkNode",
        "networkId": "global-nav-w-f3",
        "nodeId": "building_w_f3_1775650218074",
        "name": null,
        "kind": "indoor-waypoint",
        "level": "3",
        "outdoor": false,
        "modes": [
          "pedestrian",
          "robot"
        ],
        "robotValidated": true,
        "locationId": null,
        "source": "global-nav-0408-gcj2wgs84",
        "verificationStatus": "from-navigation-graph-unverified"
      },
      "geometry": {
        "type": "Point",
        "coordinates": [
          113.47688135773575,
          22.89128563239676
        ]
      }
    },
    {
      "type": "Feature",
      "id": "local/global-nav-indoor/node/node_building_w_f3_1775650222003",
      "properties": {
        "featureClass": "indoorNetworkNode",
        "networkId": "global-nav-w-f3",
        "nodeId": "building_w_f3_1775650222003",
        "name": null,
        "kind": "indoor-waypoint",
        "level": "3",
        "outdoor": false,
        "modes": [
          "pedestrian",
          "robot"
        ],
        "robotValidated": true,
        "locationId": null,
        "source": "global-nav-0408-gcj2wgs84",
        "verificationStatus": "from-navigation-graph-unverified"
      },
      "geometry": {
        "type": "Point",
        "coordinates": [
          113.47671178118266,
          22.891454076110655
        ]
      }
    },
    {
      "type": "Feature",
      "id": "local/global-nav-indoor/node/node_building_w_f3_1775650223026",
      "properties": {
        "featureClass": "indoorNetworkNode",
        "networkId": "global-nav-w-f3",
        "nodeId": "building_w_f3_1775650223026",
        "name": null,
        "kind": "indoor-waypoint",
        "level": "3",
        "outdoor": false,
        "modes": [
          "pedestrian",
          "robot"
        ],
        "robotValidated": true,
        "locationId": null,
        "source": "global-nav-0408-gcj2wgs84",
        "verificationStatus": "from-navigation-graph-unverified"
      },
      "geometry": {
        "type": "Point",
        "coordinates": [
          113.47677197336172,
          22.89158019819148
        ]
      }
    },
    {
      "type": "Feature",
      "id": "local/global-nav-indoor/node/node_building_w_f3_1775650224775",
      "properties": {
        "featureClass": "indoorNetworkNode",
        "networkId": "global-nav-w-f3",
        "nodeId": "building_w_f3_1775650224775",
        "name": null,
        "kind": "indoor-waypoint",
        "level": "3",
        "outdoor": false,
        "modes": [
          "pedestrian",
          "robot"
        ],
        "robotValidated": true,
        "locationId": null,
        "source": "global-nav-0408-gcj2wgs84",
        "verificationStatus": "from-navigation-graph-unverified"
      },
      "geometry": {
        "type": "Point",
        "coordinates": [
          113.47686928623996,
          22.89175340809589
        ]
      }
    },
    {
      "type": "Feature",
      "id": "local/global-nav-indoor/node/node_building_w_f3_1775650225920",
      "properties": {
        "featureClass": "indoorNetworkNode",
        "networkId": "global-nav-w-f3",
        "nodeId": "building_w_f3_1775650225920",
        "name": null,
        "kind": "indoor-waypoint",
        "level": "3",
        "outdoor": false,
        "modes": [
          "pedestrian",
          "robot"
        ],
        "robotValidated": true,
        "locationId": null,
        "source": "global-nav-0408-gcj2wgs84",
        "verificationStatus": "from-navigation-graph-unverified"
      },
      "geometry": {
        "type": "Point",
        "coordinates": [
          113.47696661368066,
          22.891711705278745
        ]
      }
    },
    {
      "type": "Feature",
      "id": "local/global-nav-indoor/node/node_building_w_f3_1775650227176",
      "properties": {
        "featureClass": "indoorNetworkNode",
        "networkId": "global-nav-w-f3",
        "nodeId": "building_w_f3_1775650227176",
        "name": null,
        "kind": "indoor-waypoint",
        "level": "3",
        "outdoor": false,
        "modes": [
          "pedestrian",
          "robot"
        ],
        "robotValidated": true,
        "locationId": null,
        "source": "global-nav-0408-gcj2wgs84",
        "verificationStatus": "from-navigation-graph-unverified"
      },
      "geometry": {
        "type": "Point",
        "coordinates": [
          113.47690842738997,
          22.891594585164107
        ]
      }
    },
    {
      "type": "Feature",
      "id": "local/global-nav-indoor/node/node_building_w_f3_1775650228334",
      "properties": {
        "featureClass": "indoorNetworkNode",
        "networkId": "global-nav-w-f3",
        "nodeId": "building_w_f3_1775650228334",
        "name": null,
        "kind": "indoor-waypoint",
        "level": "3",
        "outdoor": false,
        "modes": [
          "pedestrian",
          "robot"
        ],
        "robotValidated": true,
        "locationId": null,
        "source": "global-nav-0408-gcj2wgs84",
        "verificationStatus": "from-navigation-graph-unverified"
      },
      "geometry": {
        "type": "Point",
        "coordinates": [
          113.47705992828796,
          22.89166399346797
        ]
      }
    },
    {
      "type": "Feature",
      "id": "local/global-nav-indoor/node/node_building_w_f3_1775650230719",
      "properties": {
        "featureClass": "indoorNetworkNode",
        "networkId": "global-nav-w-f3",
        "nodeId": "building_w_f3_1775650230719",
        "name": null,
        "kind": "indoor-waypoint",
        "level": "3",
        "outdoor": false,
        "modes": [
          "pedestrian",
          "robot"
        ],
        "robotValidated": true,
        "locationId": null,
        "source": "global-nav-0408-gcj2wgs84",
        "verificationStatus": "from-navigation-graph-unverified"
      },
      "geometry": {
        "type": "Point",
        "coordinates": [
          113.47696660155836,
          22.891892631907925
        ]
      }
    },
    {
      "type": "Feature",
      "id": "local/global-nav-indoor/node/node_building_w_f3_1775650233073",
      "properties": {
        "featureClass": "indoorNetworkNode",
        "networkId": "global-nav-w-f3",
        "nodeId": "building_w_f3_1775650233073",
        "name": null,
        "kind": "indoor-waypoint",
        "level": "3",
        "outdoor": false,
        "modes": [
          "pedestrian",
          "robot"
        ],
        "robotValidated": true,
        "locationId": null,
        "source": "global-nav-0408-gcj2wgs84",
        "verificationStatus": "from-navigation-graph-unverified"
      },
      "geometry": {
        "type": "Point",
        "coordinates": [
          113.4770508744386,
          22.892017823950958
        ]
      }
    },
    {
      "type": "Feature",
      "id": "local/global-nav-indoor/node/node_building_w_f3_1775650235743",
      "properties": {
        "featureClass": "indoorNetworkNode",
        "networkId": "global-nav-w-f3",
        "nodeId": "building_w_f3_1775650235743",
        "name": null,
        "kind": "indoor-waypoint",
        "level": "3",
        "outdoor": false,
        "modes": [
          "pedestrian",
          "robot"
        ],
        "robotValidated": true,
        "locationId": null,
        "source": "global-nav-0408-gcj2wgs84",
        "verificationStatus": "from-navigation-graph-unverified"
      },
      "geometry": {
        "type": "Point",
        "coordinates": [
          113.47717528910385,
          22.892029177981374
        ]
      }
    },
    {
      "type": "Feature",
      "id": "local/global-nav-indoor/node/node_building_w_f3_1775650239637",
      "properties": {
        "featureClass": "indoorNetworkNode",
        "networkId": "global-nav-w-f3",
        "nodeId": "building_w_f3_1775650239637",
        "name": null,
        "kind": "indoor-waypoint",
        "level": "3",
        "outdoor": false,
        "modes": [
          "pedestrian",
          "robot"
        ],
        "robotValidated": true,
        "locationId": null,
        "source": "global-nav-0408-gcj2wgs84",
        "verificationStatus": "from-navigation-graph-unverified"
      },
      "geometry": {
        "type": "Point",
        "coordinates": [
          113.47715120191901,
          22.892130067624286
        ]
      }
    },
    {
      "type": "Feature",
      "id": "local/global-nav-indoor/node/node_building_w_f3_1775650241541",
      "properties": {
        "featureClass": "indoorNetworkNode",
        "networkId": "global-nav-w-f3",
        "nodeId": "building_w_f3_1775650241541",
        "name": null,
        "kind": "indoor-waypoint",
        "level": "3",
        "outdoor": false,
        "modes": [
          "pedestrian",
          "robot"
        ],
        "robotValidated": true,
        "locationId": null,
        "source": "global-nav-0408-gcj2wgs84",
        "verificationStatus": "from-navigation-graph-unverified"
      },
      "geometry": {
        "type": "Point",
        "coordinates": [
          113.47725754975151,
          22.89224132919963
        ]
      }
    },
    {
      "type": "Feature",
      "id": "local/global-nav-indoor/node/node_building_w_f3_1775650242416",
      "properties": {
        "featureClass": "indoorNetworkNode",
        "networkId": "global-nav-w-f3",
        "nodeId": "building_w_f3_1775650242416",
        "name": null,
        "kind": "indoor-waypoint",
        "level": "3",
        "outdoor": false,
        "modes": [
          "pedestrian",
          "robot"
        ],
        "robotValidated": true,
        "locationId": null,
        "source": "global-nav-0408-gcj2wgs84",
        "verificationStatus": "from-navigation-graph-unverified"
      },
      "geometry": {
        "type": "Point",
        "coordinates": [
          113.47743011711638,
          22.892383769432058
        ]
      }
    },
    {
      "type": "Feature",
      "id": "local/global-nav-indoor/node/node_building_e_f2_1775578776658",
      "properties": {
        "featureClass": "indoorNetworkNode",
        "networkId": "global-nav-e-f2",
        "nodeId": "building_e_f2_1775578776658",
        "name": null,
        "kind": "indoor-waypoint",
        "level": "2",
        "outdoor": false,
        "modes": [
          "pedestrian",
          "robot"
        ],
        "robotValidated": true,
        "locationId": null,
        "source": "global-nav-0408-gcj2wgs84",
        "verificationStatus": "from-navigation-graph-unverified"
      },
      "geometry": {
        "type": "Point",
        "coordinates": [
          113.47757774385063,
          22.890394001932755
        ]
      }
    },
    {
      "type": "Feature",
      "id": "local/global-nav-indoor/node/node_building_e_f2_1775578865782",
      "properties": {
        "featureClass": "indoorNetworkNode",
        "networkId": "global-nav-e-f2",
        "nodeId": "building_e_f2_1775578865782",
        "name": null,
        "kind": "indoor-waypoint",
        "level": "2",
        "outdoor": false,
        "modes": [
          "pedestrian",
          "robot"
        ],
        "robotValidated": true,
        "locationId": null,
        "source": "global-nav-0408-gcj2wgs84",
        "verificationStatus": "from-navigation-graph-unverified"
      },
      "geometry": {
        "type": "Point",
        "coordinates": [
          113.47783358723257,
          22.890594660333
        ]
      }
    },
    {
      "type": "Feature",
      "id": "local/global-nav-indoor/node/node_building_e_f2_1775578867809",
      "properties": {
        "featureClass": "indoorNetworkNode",
        "networkId": "global-nav-e-f2",
        "nodeId": "building_e_f2_1775578867809",
        "name": null,
        "kind": "indoor-waypoint",
        "level": "2",
        "outdoor": false,
        "modes": [
          "pedestrian",
          "robot"
        ],
        "robotValidated": true,
        "locationId": null,
        "source": "global-nav-0408-gcj2wgs84",
        "verificationStatus": "from-navigation-graph-unverified"
      },
      "geometry": {
        "type": "Point",
        "coordinates": [
          113.4780422715518,
          22.89082417136634
        ]
      }
    },
    {
      "type": "Feature",
      "id": "local/global-nav-indoor/node/node_building_e_f2_1775578869091",
      "properties": {
        "featureClass": "indoorNetworkNode",
        "networkId": "global-nav-e-f2",
        "nodeId": "building_e_f2_1775578869091",
        "name": null,
        "kind": "indoor-waypoint",
        "level": "2",
        "outdoor": false,
        "modes": [
          "pedestrian",
          "robot"
        ],
        "robotValidated": true,
        "locationId": null,
        "source": "global-nav-0408-gcj2wgs84",
        "verificationStatus": "from-navigation-graph-unverified"
      },
      "geometry": {
        "type": "Point",
        "coordinates": [
          113.47817269580246,
          22.89102446801663
        ]
      }
    },
    {
      "type": "Feature",
      "id": "local/global-nav-indoor/node/node_building_e_f2_1775578870169",
      "properties": {
        "featureClass": "indoorNetworkNode",
        "networkId": "global-nav-e-f2",
        "nodeId": "building_e_f2_1775578870169",
        "name": null,
        "kind": "indoor-waypoint",
        "level": "2",
        "outdoor": false,
        "modes": [
          "pedestrian",
          "robot"
        ],
        "robotValidated": true,
        "locationId": null,
        "source": "global-nav-0408-gcj2wgs84",
        "verificationStatus": "from-navigation-graph-unverified"
      },
      "geometry": {
        "type": "Point",
        "coordinates": [
          113.47831816632093,
          22.89129278094516
        ]
      }
    },
    {
      "type": "Feature",
      "id": "local/global-nav-indoor/node/node_building_e_f2_1775578872677",
      "properties": {
        "featureClass": "indoorNetworkNode",
        "networkId": "global-nav-e-f2",
        "nodeId": "building_e_f2_1775578872677",
        "name": null,
        "kind": "indoor-waypoint",
        "level": "2",
        "outdoor": false,
        "modes": [
          "pedestrian",
          "robot"
        ],
        "robotValidated": true,
        "locationId": null,
        "source": "global-nav-0408-gcj2wgs84",
        "verificationStatus": "from-navigation-graph-unverified"
      },
      "geometry": {
        "type": "Point",
        "coordinates": [
          113.47842952400582,
          22.891539004115895
        ]
      }
    },
    {
      "type": "Feature",
      "id": "local/global-nav-indoor/node/node_building_e_f2_1775578873626",
      "properties": {
        "featureClass": "indoorNetworkNode",
        "networkId": "global-nav-e-f2",
        "nodeId": "building_e_f2_1775578873626",
        "name": null,
        "kind": "indoor-waypoint",
        "level": "2",
        "outdoor": false,
        "modes": [
          "pedestrian",
          "robot"
        ],
        "robotValidated": true,
        "locationId": null,
        "source": "global-nav-0408-gcj2wgs84",
        "verificationStatus": "from-navigation-graph-unverified"
      },
      "geometry": {
        "type": "Point",
        "coordinates": [
          113.47847566325319,
          22.891776041901018
        ]
      }
    },
    {
      "type": "Feature",
      "id": "local/global-nav-indoor/node/node_building_e_f2_1775578874620",
      "properties": {
        "featureClass": "indoorNetworkNode",
        "networkId": "global-nav-e-f2",
        "nodeId": "building_e_f2_1775578874620",
        "name": null,
        "kind": "indoor-waypoint",
        "level": "2",
        "outdoor": false,
        "modes": [
          "pedestrian",
          "robot"
        ],
        "robotValidated": true,
        "locationId": null,
        "source": "global-nav-0408-gcj2wgs84",
        "verificationStatus": "from-navigation-graph-unverified"
      },
      "geometry": {
        "type": "Point",
        "coordinates": [
          113.4785278245138,
          22.891987107693595
        ]
      }
    },
    {
      "type": "Feature",
      "id": "local/global-nav-indoor/node/node_building_e_f2_1775647958468",
      "properties": {
        "featureClass": "indoorNetworkNode",
        "networkId": "global-nav-e-f2",
        "nodeId": "building_e_f2_1775647958468",
        "name": null,
        "kind": "indoor-waypoint",
        "level": "2",
        "outdoor": false,
        "modes": [
          "pedestrian",
          "robot"
        ],
        "robotValidated": true,
        "locationId": null,
        "source": "global-nav-0408-gcj2wgs84",
        "verificationStatus": "from-navigation-graph-unverified"
      },
      "geometry": {
        "type": "Point",
        "coordinates": [
          113.4777693548916,
          22.89085137063422
        ]
      }
    },
    {
      "type": "Feature",
      "id": "local/global-nav-indoor/node/node_building_e_f2_1775647961757",
      "properties": {
        "featureClass": "indoorNetworkNode",
        "networkId": "global-nav-e-f2",
        "nodeId": "building_e_f2_1775647961757",
        "name": null,
        "kind": "indoor-waypoint",
        "level": "2",
        "outdoor": false,
        "modes": [
          "pedestrian",
          "robot"
        ],
        "robotValidated": true,
        "locationId": null,
        "source": "global-nav-0408-gcj2wgs84",
        "verificationStatus": "from-navigation-graph-unverified"
      },
      "geometry": {
        "type": "Point",
        "coordinates": [
          113.47788173610786,
          22.89078172389915
        ]
      }
    },
    {
      "type": "Feature",
      "id": "local/global-nav-indoor/node/node_building_e_f2_1775647963480",
      "properties": {
        "featureClass": "indoorNetworkNode",
        "networkId": "global-nav-e-f2",
        "nodeId": "building_e_f2_1775647963480",
        "name": null,
        "kind": "indoor-waypoint",
        "level": "2",
        "outdoor": false,
        "modes": [
          "pedestrian",
          "robot"
        ],
        "robotValidated": true,
        "locationId": null,
        "source": "global-nav-0408-gcj2wgs84",
        "verificationStatus": "from-navigation-graph-unverified"
      },
      "geometry": {
        "type": "Point",
        "coordinates": [
          113.47810245656808,
          22.891077243176255
        ]
      }
    },
    {
      "type": "Feature",
      "id": "local/global-nav-indoor/node/node_building_e_f2_1775647964268",
      "properties": {
        "featureClass": "indoorNetworkNode",
        "networkId": "global-nav-e-f2",
        "nodeId": "building_e_f2_1775647964268",
        "name": null,
        "kind": "indoor-waypoint",
        "level": "2",
        "outdoor": false,
        "modes": [
          "pedestrian",
          "robot"
        ],
        "robotValidated": true,
        "locationId": null,
        "source": "global-nav-0408-gcj2wgs84",
        "verificationStatus": "from-navigation-graph-unverified"
      },
      "geometry": {
        "type": "Point",
        "coordinates": [
          113.47797803350396,
          22.891162848242747
        ]
      }
    },
    {
      "type": "Feature",
      "id": "local/global-nav-indoor/node/node_building_e_f2_1775647968182",
      "properties": {
        "featureClass": "indoorNetworkNode",
        "networkId": "global-nav-e-f2",
        "nodeId": "building_e_f2_1775647968182",
        "name": null,
        "kind": "indoor-waypoint",
        "level": "2",
        "outdoor": false,
        "modes": [
          "pedestrian",
          "robot"
        ],
        "robotValidated": true,
        "locationId": null,
        "source": "global-nav-0408-gcj2wgs84",
        "verificationStatus": "from-navigation-graph-unverified"
      },
      "geometry": {
        "type": "Point",
        "coordinates": [
          113.47813854744219,
          22.891530164234513
        ]
      }
    },
    {
      "type": "Feature",
      "id": "local/global-nav-indoor/node/node_building_e_f2_1775647968984",
      "properties": {
        "featureClass": "indoorNetworkNode",
        "networkId": "global-nav-e-f2",
        "nodeId": "building_e_f2_1775647968984",
        "name": null,
        "kind": "indoor-waypoint",
        "level": "2",
        "outdoor": false,
        "modes": [
          "pedestrian",
          "robot"
        ],
        "robotValidated": true,
        "locationId": null,
        "source": "global-nav-0408-gcj2wgs84",
        "verificationStatus": "from-navigation-graph-unverified"
      },
      "geometry": {
        "type": "Point",
        "coordinates": [
          113.47826597906081,
          22.89147255682791
        ]
      }
    },
    {
      "type": "Feature",
      "id": "local/global-nav-indoor/node/node_building_e_f2_1775647992494",
      "properties": {
        "featureClass": "indoorNetworkNode",
        "networkId": "global-nav-e-f2",
        "nodeId": "building_e_f2_1775647992494",
        "name": null,
        "kind": "indoor-waypoint",
        "level": "2",
        "outdoor": false,
        "modes": [
          "pedestrian",
          "robot"
        ],
        "robotValidated": true,
        "locationId": null,
        "source": "global-nav-0408-gcj2wgs84",
        "verificationStatus": "from-navigation-graph-unverified"
      },
      "geometry": {
        "type": "Point",
        "coordinates": [
          113.47836330941205,
          22.891420859948628
        ]
      }
    },
    {
      "type": "Feature",
      "id": "local/global-nav-indoor/node/node_building_e_f2_1775648040135",
      "properties": {
        "featureClass": "indoorNetworkNode",
        "networkId": "global-nav-e-f2",
        "nodeId": "building_e_f2_1775648040135",
        "name": null,
        "kind": "indoor-waypoint",
        "level": "2",
        "outdoor": false,
        "modes": [
          "pedestrian",
          "robot"
        ],
        "robotValidated": true,
        "locationId": null,
        "source": "global-nav-0408-gcj2wgs84",
        "verificationStatus": "from-navigation-graph-unverified"
      },
      "geometry": {
        "type": "Point",
        "coordinates": [
          113.47795498478175,
          22.890734954800912
        ]
      }
    },
    {
      "type": "Feature",
      "id": "local/global-nav-indoor/node/node_building_e_f2_1775649043780",
      "properties": {
        "featureClass": "indoorNetworkNode",
        "networkId": "global-nav-e-f2",
        "nodeId": "building_e_f2_1775649043780",
        "name": null,
        "kind": "indoor-waypoint",
        "level": "2",
        "outdoor": false,
        "modes": [
          "pedestrian",
          "robot"
        ],
        "robotValidated": true,
        "locationId": null,
        "source": "global-nav-0408-gcj2wgs84",
        "verificationStatus": "from-navigation-graph-unverified"
      },
      "geometry": {
        "type": "Point",
        "coordinates": [
          113.47788776344849,
          22.890674784631543
        ]
      }
    },
    {
      "type": "Feature",
      "id": "local/global-nav-indoor/node/node_building_e_f2_1775649320291",
      "properties": {
        "featureClass": "indoorNetworkNode",
        "networkId": "global-nav-e-f2",
        "nodeId": "building_e_f2_1775649320291",
        "name": null,
        "kind": "indoor-waypoint",
        "level": "2",
        "outdoor": false,
        "modes": [
          "pedestrian",
          "robot"
        ],
        "robotValidated": true,
        "locationId": null,
        "source": "global-nav-0408-gcj2wgs84",
        "verificationStatus": "from-navigation-graph-unverified"
      },
      "geometry": {
        "type": "Point",
        "coordinates": [
          113.47825094553072,
          22.89121861613228
        ]
      }
    },
    {
      "type": "Feature",
      "id": "local/global-nav-indoor/node/node_building_e_f2_1775649333991",
      "properties": {
        "featureClass": "indoorNetworkNode",
        "networkId": "global-nav-e-f2",
        "nodeId": "building_e_f2_1775649333991",
        "name": null,
        "kind": "indoor-waypoint",
        "level": "2",
        "outdoor": false,
        "modes": [
          "pedestrian",
          "robot"
        ],
        "robotValidated": true,
        "locationId": null,
        "source": "global-nav-0408-gcj2wgs84",
        "verificationStatus": "from-navigation-graph-unverified"
      },
      "geometry": {
        "type": "Point",
        "coordinates": [
          113.4777312488132,
          22.890528391199613
        ]
      }
    },
    {
      "type": "Feature",
      "id": "local/global-nav-indoor/node/poi_building_e_f2_1775579562554",
      "properties": {
        "featureClass": "indoorNetworkNode",
        "networkId": "global-nav-e-f2",
        "nodeId": "poi_building_e_f2_1775579562554",
        "name": "森绿餐吧",
        "kind": "restaurant",
        "level": "2",
        "outdoor": false,
        "modes": [
          "pedestrian",
          "robot"
        ],
        "robotValidated": true,
        "locationId": "senlv-cafe",
        "source": "global-nav-0408-gcj2wgs84",
        "verificationStatus": "from-navigation-graph-unverified"
      },
      "geometry": {
        "type": "Point",
        "coordinates": [
          113.47797804896899,
          22.89093194180156
        ]
      }
    },
    {
      "type": "Feature",
      "id": "local/global-nav-indoor/node/node_building_e_f3_1775649763503",
      "properties": {
        "featureClass": "indoorNetworkNode",
        "networkId": "global-nav-e-f3",
        "nodeId": "building_e_f3_1775649763503",
        "name": null,
        "kind": "indoor-waypoint",
        "level": "3",
        "outdoor": false,
        "modes": [
          "pedestrian",
          "robot"
        ],
        "robotValidated": true,
        "locationId": null,
        "source": "global-nav-0408-gcj2wgs84",
        "verificationStatus": "from-navigation-graph-unverified"
      },
      "geometry": {
        "type": "Point",
        "coordinates": [
          113.47756670463959,
          22.890427956299007
        ]
      }
    },
    {
      "type": "Feature",
      "id": "local/global-nav-indoor/node/node_building_e_f3_1775649765213",
      "properties": {
        "featureClass": "indoorNetworkNode",
        "networkId": "global-nav-e-f3",
        "nodeId": "building_e_f3_1775649765213",
        "name": null,
        "kind": "indoor-waypoint",
        "level": "3",
        "outdoor": false,
        "modes": [
          "pedestrian",
          "robot"
        ],
        "robotValidated": true,
        "locationId": null,
        "source": "global-nav-0408-gcj2wgs84",
        "verificationStatus": "from-navigation-graph-unverified"
      },
      "geometry": {
        "type": "Point",
        "coordinates": [
          113.47771519444765,
          22.890537341161927
        ]
      }
    },
    {
      "type": "Feature",
      "id": "local/global-nav-indoor/node/node_building_e_f3_1775649767992",
      "properties": {
        "featureClass": "indoorNetworkNode",
        "networkId": "global-nav-e-f3",
        "nodeId": "building_e_f3_1775649767992",
        "name": null,
        "kind": "indoor-waypoint",
        "level": "3",
        "outdoor": false,
        "modes": [
          "pedestrian",
          "robot"
        ],
        "robotValidated": true,
        "locationId": null,
        "source": "global-nav-0408-gcj2wgs84",
        "verificationStatus": "from-navigation-graph-unverified"
      },
      "geometry": {
        "type": "Point",
        "coordinates": [
          113.47781853566629,
          22.890611609934858
        ]
      }
    },
    {
      "type": "Feature",
      "id": "local/global-nav-indoor/node/node_building_e_f3_1775649777100",
      "properties": {
        "featureClass": "indoorNetworkNode",
        "networkId": "global-nav-e-f3",
        "nodeId": "building_e_f3_1775649777100",
        "name": null,
        "kind": "indoor-waypoint",
        "level": "3",
        "outdoor": false,
        "modes": [
          "pedestrian",
          "robot"
        ],
        "robotValidated": true,
        "locationId": null,
        "source": "global-nav-0408-gcj2wgs84",
        "verificationStatus": "from-navigation-graph-unverified"
      },
      "geometry": {
        "type": "Point",
        "coordinates": [
          113.4778526420083,
          22.890730660400095
        ]
      }
    },
    {
      "type": "Feature",
      "id": "local/global-nav-indoor/node/node_building_e_f3_1775649777986",
      "properties": {
        "featureClass": "indoorNetworkNode",
        "networkId": "global-nav-e-f3",
        "nodeId": "building_e_f3_1775649777986",
        "name": null,
        "kind": "indoor-waypoint",
        "level": "3",
        "outdoor": false,
        "modes": [
          "pedestrian",
          "robot"
        ],
        "robotValidated": true,
        "locationId": null,
        "source": "global-nav-0408-gcj2wgs84",
        "verificationStatus": "from-navigation-graph-unverified"
      },
      "geometry": {
        "type": "Point",
        "coordinates": [
          113.4777653420505,
          22.89084236267742
        ]
      }
    },
    {
      "type": "Feature",
      "id": "local/global-nav-indoor/node/node_building_e_f3_1775649782669",
      "properties": {
        "featureClass": "indoorNetworkNode",
        "networkId": "global-nav-e-f3",
        "nodeId": "building_e_f3_1775649782669",
        "name": null,
        "kind": "indoor-waypoint",
        "level": "3",
        "outdoor": false,
        "modes": [
          "pedestrian",
          "robot"
        ],
        "robotValidated": true,
        "locationId": null,
        "source": "global-nav-0408-gcj2wgs84",
        "verificationStatus": "from-navigation-graph-unverified"
      },
      "geometry": {
        "type": "Point",
        "coordinates": [
          113.47800213822069,
          22.890805062908388
        ]
      }
    },
    {
      "type": "Feature",
      "id": "local/global-nav-indoor/node/node_building_e_f3_1775649785028",
      "properties": {
        "featureClass": "indoorNetworkNode",
        "networkId": "global-nav-e-f3",
        "nodeId": "building_e_f3_1775649785028",
        "name": null,
        "kind": "indoor-waypoint",
        "level": "3",
        "outdoor": false,
        "modes": [
          "pedestrian",
          "robot"
        ],
        "robotValidated": true,
        "locationId": null,
        "source": "global-nav-0408-gcj2wgs84",
        "verificationStatus": "from-navigation-graph-unverified"
      },
      "geometry": {
        "type": "Point",
        "coordinates": [
          113.47817771277411,
          22.89102248335593
        ]
      }
    },
    {
      "type": "Feature",
      "id": "local/global-nav-indoor/node/node_building_e_f3_1775649786261",
      "properties": {
        "featureClass": "indoorNetworkNode",
        "networkId": "global-nav-e-f3",
        "nodeId": "building_e_f3_1775649786261",
        "name": null,
        "kind": "indoor-waypoint",
        "level": "3",
        "outdoor": false,
        "modes": [
          "pedestrian",
          "robot"
        ],
        "robotValidated": true,
        "locationId": null,
        "source": "global-nav-0408-gcj2wgs84",
        "verificationStatus": "from-navigation-graph-unverified"
      },
      "geometry": {
        "type": "Point",
        "coordinates": [
          113.47812051830364,
          22.89106030235162
        ]
      }
    },
    {
      "type": "Feature",
      "id": "local/global-nav-indoor/node/node_building_e_f3_1775649787741",
      "properties": {
        "featureClass": "indoorNetworkNode",
        "networkId": "global-nav-e-f3",
        "nodeId": "building_e_f3_1775649787741",
        "name": null,
        "kind": "indoor-waypoint",
        "level": "3",
        "outdoor": false,
        "modes": [
          "pedestrian",
          "robot"
        ],
        "robotValidated": true,
        "locationId": null,
        "source": "global-nav-0408-gcj2wgs84",
        "verificationStatus": "from-navigation-graph-unverified"
      },
      "geometry": {
        "type": "Point",
        "coordinates": [
          113.47797502321008,
          22.891165838318063
        ]
      }
    },
    {
      "type": "Feature",
      "id": "local/global-nav-indoor/node/node_building_e_f3_1775649789583",
      "properties": {
        "featureClass": "indoorNetworkNode",
        "networkId": "global-nav-e-f3",
        "nodeId": "building_e_f3_1775649789583",
        "name": null,
        "kind": "indoor-waypoint",
        "level": "3",
        "outdoor": false,
        "modes": [
          "pedestrian",
          "robot"
        ],
        "robotValidated": true,
        "locationId": null,
        "source": "global-nav-0408-gcj2wgs84",
        "verificationStatus": "from-navigation-graph-unverified"
      },
      "geometry": {
        "type": "Point",
        "coordinates": [
          113.47826900898278,
          22.891176685471905
        ]
      }
    },
    {
      "type": "Feature",
      "id": "local/global-nav-indoor/node/node_building_e_f3_1775649791672",
      "properties": {
        "featureClass": "indoorNetworkNode",
        "networkId": "global-nav-e-f3",
        "nodeId": "building_e_f3_1775649791672",
        "name": null,
        "kind": "indoor-waypoint",
        "level": "3",
        "outdoor": false,
        "modes": [
          "pedestrian",
          "robot"
        ],
        "robotValidated": true,
        "locationId": null,
        "source": "global-nav-0408-gcj2wgs84",
        "verificationStatus": "from-navigation-graph-unverified"
      },
      "geometry": {
        "type": "Point",
        "coordinates": [
          113.4783151569478,
          22.891281776678273
        ]
      }
    },
    {
      "type": "Feature",
      "id": "local/global-nav-indoor/node/node_building_e_f3_1775649793793",
      "properties": {
        "featureClass": "indoorNetworkNode",
        "networkId": "global-nav-e-f3",
        "nodeId": "building_e_f3_1775649793793",
        "name": null,
        "kind": "indoor-waypoint",
        "level": "3",
        "outdoor": false,
        "modes": [
          "pedestrian",
          "robot"
        ],
        "robotValidated": true,
        "locationId": null,
        "source": "global-nav-0408-gcj2wgs84",
        "verificationStatus": "from-navigation-graph-unverified"
      },
      "geometry": {
        "type": "Point",
        "coordinates": [
          113.47836832405609,
          22.89145386111926
        ]
      }
    },
    {
      "type": "Feature",
      "id": "local/global-nav-indoor/node/node_building_e_f3_1775649806152",
      "properties": {
        "featureClass": "indoorNetworkNode",
        "networkId": "global-nav-e-f3",
        "nodeId": "building_e_f3_1775649806152",
        "name": null,
        "kind": "indoor-waypoint",
        "level": "3",
        "outdoor": false,
        "modes": [
          "pedestrian",
          "robot"
        ],
        "robotValidated": true,
        "locationId": null,
        "source": "global-nav-0408-gcj2wgs84",
        "verificationStatus": "from-navigation-graph-unverified"
      },
      "geometry": {
        "type": "Point",
        "coordinates": [
          113.47829608000474,
          22.89147464323601
        ]
      }
    },
    {
      "type": "Feature",
      "id": "local/global-nav-indoor/node/node_building_e_f3_1775649807164",
      "properties": {
        "featureClass": "indoorNetworkNode",
        "networkId": "global-nav-e-f3",
        "nodeId": "building_e_f3_1775649807164",
        "name": null,
        "kind": "indoor-waypoint",
        "level": "3",
        "outdoor": false,
        "modes": [
          "pedestrian",
          "robot"
        ],
        "robotValidated": true,
        "locationId": null,
        "source": "global-nav-0408-gcj2wgs84",
        "verificationStatus": "from-navigation-graph-unverified"
      },
      "geometry": {
        "type": "Point",
        "coordinates": [
          113.47815861498577,
          22.891527223560182
        ]
      }
    },
    {
      "type": "Feature",
      "id": "local/global-nav-indoor/node/node_building_e_f3_1775649809131",
      "properties": {
        "featureClass": "indoorNetworkNode",
        "networkId": "global-nav-e-f3",
        "nodeId": "building_e_f3_1775649809131",
        "name": null,
        "kind": "indoor-waypoint",
        "level": "3",
        "outdoor": false,
        "modes": [
          "pedestrian",
          "robot"
        ],
        "robotValidated": true,
        "locationId": null,
        "source": "global-nav-0408-gcj2wgs84",
        "verificationStatus": "from-navigation-graph-unverified"
      },
      "geometry": {
        "type": "Point",
        "coordinates": [
          113.47842550918065,
          22.891558984373972
        ]
      }
    },
    {
      "type": "Feature",
      "id": "local/global-nav-indoor/node/node_building_e_f3_1775649810438",
      "properties": {
        "featureClass": "indoorNetworkNode",
        "networkId": "global-nav-e-f3",
        "nodeId": "building_e_f3_1775649810438",
        "name": null,
        "kind": "indoor-waypoint",
        "level": "3",
        "outdoor": false,
        "modes": [
          "pedestrian",
          "robot"
        ],
        "robotValidated": true,
        "locationId": null,
        "source": "global-nav-0408-gcj2wgs84",
        "verificationStatus": "from-navigation-graph-unverified"
      },
      "geometry": {
        "type": "Point",
        "coordinates": [
          113.47845960836025,
          22.891789989669615
        ]
      }
    },
    {
      "type": "Feature",
      "id": "local/global-nav-indoor/node/node_building_e_f3_1775650102997",
      "properties": {
        "featureClass": "indoorNetworkNode",
        "networkId": "global-nav-e-f3",
        "nodeId": "building_e_f3_1775650102997",
        "name": null,
        "kind": "indoor-waypoint",
        "level": "3",
        "outdoor": false,
        "modes": [
          "pedestrian",
          "robot"
        ],
        "robotValidated": true,
        "locationId": null,
        "source": "global-nav-0408-gcj2wgs84",
        "verificationStatus": "from-navigation-graph-unverified"
      },
      "geometry": {
        "type": "Point",
        "coordinates": [
          113.47790080562757,
          22.890697813046376
        ]
      }
    },
    {
      "type": "Feature",
      "id": "local/global-nav-indoor/node/node_building_e_f3_1775650120916",
      "properties": {
        "featureClass": "indoorNetworkNode",
        "networkId": "global-nav-e-f3",
        "nodeId": "building_e_f3_1775650120916",
        "name": null,
        "kind": "indoor-waypoint",
        "level": "3",
        "outdoor": false,
        "modes": [
          "pedestrian",
          "robot"
        ],
        "robotValidated": true,
        "locationId": null,
        "source": "global-nav-0408-gcj2wgs84",
        "verificationStatus": "from-navigation-graph-unverified"
      },
      "geometry": {
        "type": "Point",
        "coordinates": [
          113.47786268005095,
          22.890664716135785
        ]
      }
    },
    {
      "type": "Feature",
      "id": "local/global-nav-indoor/node/poi_building_e_f3_1775649869901",
      "properties": {
        "featureClass": "indoorNetworkNode",
        "networkId": "global-nav-e-f3",
        "nodeId": "poi_building_e_f3_1775649869901",
        "name": "CMA创意区",
        "kind": "creative-area",
        "level": "3",
        "outdoor": false,
        "modes": [
          "pedestrian",
          "robot"
        ],
        "robotValidated": true,
        "locationId": "cma-creative-area",
        "source": "global-nav-0408-gcj2wgs84",
        "verificationStatus": "from-navigation-graph-unverified"
      },
      "geometry": {
        "type": "Point",
        "coordinates": [
          113.4784175042315,
          22.891230094403685
        ]
      }
    },
    {
      "type": "Feature",
      "id": "local/global-nav-indoor/node/node_library_f2_1775578915949",
      "properties": {
        "featureClass": "indoorNetworkNode",
        "networkId": "global-nav-library-f2",
        "nodeId": "library_f2_1775578915949",
        "name": null,
        "kind": "indoor-waypoint",
        "level": "2",
        "outdoor": false,
        "modes": [
          "pedestrian",
          "robot"
        ],
        "robotValidated": true,
        "locationId": null,
        "source": "global-nav-0408-gcj2wgs84",
        "verificationStatus": "from-navigation-graph-unverified"
      },
      "geometry": {
        "type": "Point",
        "coordinates": [
          113.47846661583314,
          22.892030912333073
        ]
      }
    },
    {
      "type": "Feature",
      "id": "local/global-nav-indoor/node/node_library_f2_1775578917154",
      "properties": {
        "featureClass": "indoorNetworkNode",
        "networkId": "global-nav-library-f2",
        "nodeId": "library_f2_1775578917154",
        "name": null,
        "kind": "indoor-waypoint",
        "level": "2",
        "outdoor": false,
        "modes": [
          "pedestrian",
          "robot"
        ],
        "robotValidated": true,
        "locationId": null,
        "source": "global-nav-0408-gcj2wgs84",
        "verificationStatus": "from-navigation-graph-unverified"
      },
      "geometry": {
        "type": "Point",
        "coordinates": [
          113.47828700897865,
          22.89208237061478
        ]
      }
    },
    {
      "type": "Feature",
      "id": "local/global-nav-indoor/node/node_library_f2_1775578919512",
      "properties": {
        "featureClass": "indoorNetworkNode",
        "networkId": "global-nav-library-f2",
        "nodeId": "library_f2_1775578919512",
        "name": null,
        "kind": "indoor-waypoint",
        "level": "2",
        "outdoor": false,
        "modes": [
          "pedestrian",
          "robot"
        ],
        "robotValidated": true,
        "locationId": null,
        "source": "global-nav-0408-gcj2wgs84",
        "verificationStatus": "from-navigation-graph-unverified"
      },
      "geometry": {
        "type": "Point",
        "coordinates": [
          113.47812847246712,
          22.89214688506203
        ]
      }
    },
    {
      "type": "Feature",
      "id": "local/global-nav-indoor/node/node_library_f2_1775578920678",
      "properties": {
        "featureClass": "indoorNetworkNode",
        "networkId": "global-nav-library-f2",
        "nodeId": "library_f2_1775578920678",
        "name": null,
        "kind": "indoor-waypoint",
        "level": "2",
        "outdoor": false,
        "modes": [
          "pedestrian",
          "robot"
        ],
        "robotValidated": true,
        "locationId": null,
        "source": "global-nav-0408-gcj2wgs84",
        "verificationStatus": "from-navigation-graph-unverified"
      },
      "geometry": {
        "type": "Point",
        "coordinates": [
          113.4779709380494,
          22.892236392611082
        ]
      }
    },
    {
      "type": "Feature",
      "id": "local/global-nav-indoor/node/node_library_f2_1775578921735",
      "properties": {
        "featureClass": "indoorNetworkNode",
        "networkId": "global-nav-library-f2",
        "nodeId": "library_f2_1775578921735",
        "name": null,
        "kind": "indoor-waypoint",
        "level": "2",
        "outdoor": false,
        "modes": [
          "pedestrian",
          "robot"
        ],
        "robotValidated": true,
        "locationId": null,
        "source": "global-nav-0408-gcj2wgs84",
        "verificationStatus": "from-navigation-graph-unverified"
      },
      "geometry": {
        "type": "Point",
        "coordinates": [
          113.47787360663563,
          22.892313079847405
        ]
      }
    },
    {
      "type": "Feature",
      "id": "local/global-nav-indoor/node/node_library_f2_1775578922663",
      "properties": {
        "featureClass": "indoorNetworkNode",
        "networkId": "global-nav-library-f2",
        "nodeId": "library_f2_1775578922663",
        "name": null,
        "kind": "indoor-waypoint",
        "level": "2",
        "outdoor": false,
        "modes": [
          "pedestrian",
          "robot"
        ],
        "robotValidated": true,
        "locationId": null,
        "source": "global-nav-0408-gcj2wgs84",
        "verificationStatus": "from-navigation-graph-unverified"
      },
      "geometry": {
        "type": "Point",
        "coordinates": [
          113.47792276674069,
          22.89238319365651
        ]
      }
    },
    {
      "type": "Feature",
      "id": "local/global-nav-indoor/node/node_library_f2_1775578923952",
      "properties": {
        "featureClass": "indoorNetworkNode",
        "networkId": "global-nav-library-f2",
        "nodeId": "library_f2_1775578923952",
        "name": null,
        "kind": "indoor-waypoint",
        "level": "2",
        "outdoor": false,
        "modes": [
          "pedestrian",
          "robot"
        ],
        "robotValidated": true,
        "locationId": null,
        "source": "global-nav-0408-gcj2wgs84",
        "verificationStatus": "from-navigation-graph-unverified"
      },
      "geometry": {
        "type": "Point",
        "coordinates": [
          113.47775921910981,
          22.892376723179286
        ]
      }
    },
    {
      "type": "Feature",
      "id": "local/global-nav-indoor/node/node_library_f2_1775578927187",
      "properties": {
        "featureClass": "indoorNetworkNode",
        "networkId": "global-nav-library-f2",
        "nodeId": "library_f2_1775578927187",
        "name": null,
        "kind": "indoor-waypoint",
        "level": "2",
        "outdoor": false,
        "modes": [
          "pedestrian",
          "robot"
        ],
        "robotValidated": true,
        "locationId": null,
        "source": "global-nav-0408-gcj2wgs84",
        "verificationStatus": "from-navigation-graph-unverified"
      },
      "geometry": {
        "type": "Point",
        "coordinates": [
          113.47762074964814,
          22.892463287797895
        ]
      }
    },
    {
      "type": "Feature",
      "id": "local/global-nav-indoor/node/node_library_f2_1775578934728",
      "properties": {
        "featureClass": "indoorNetworkNode",
        "networkId": "global-nav-library-f2",
        "nodeId": "library_f2_1775578934728",
        "name": null,
        "kind": "indoor-waypoint",
        "level": "2",
        "outdoor": false,
        "modes": [
          "pedestrian",
          "robot"
        ],
        "robotValidated": true,
        "locationId": null,
        "source": "global-nav-0408-gcj2wgs84",
        "verificationStatus": "from-navigation-graph-unverified"
      },
      "geometry": {
        "type": "Point",
        "coordinates": [
          113.47780536682865,
          22.89247981481966
        ]
      }
    },
    {
      "type": "Feature",
      "id": "local/global-nav-indoor/link/edge_manual_1775578883773",
      "properties": {
        "featureClass": "indoorNetworkLink",
        "networkId": "global-nav-e-f2",
        "fromNodeId": "building_e_f2_1775578776658",
        "toNodeId": "building_e_f2_1775578865782",
        "level": "2",
        "highway": "corridor",
        "vertical": false,
        "outdoor": false,
        "modes": [
          "pedestrian",
          "robot"
        ],
        "robotValidated": true,
        "source": "global-nav-0408-gcj2wgs84",
        "verificationStatus": "from-navigation-graph-unverified"
      },
      "geometry": {
        "type": "LineString",
        "coordinates": [
          [
            113.47757774385063,
            22.890394001932755
          ],
          [
            113.47783358723257,
            22.890594660333
          ]
        ]
      }
    },
    {
      "type": "Feature",
      "id": "local/global-nav-indoor/link/edge_manual_1775578885934",
      "properties": {
        "featureClass": "indoorNetworkLink",
        "networkId": "global-nav-e-f2",
        "fromNodeId": "building_e_f2_1775578865782",
        "toNodeId": "building_e_f2_1775578867809",
        "level": "2",
        "highway": "corridor",
        "vertical": false,
        "outdoor": false,
        "modes": [
          "pedestrian",
          "robot"
        ],
        "robotValidated": true,
        "source": "global-nav-0408-gcj2wgs84",
        "verificationStatus": "from-navigation-graph-unverified"
      },
      "geometry": {
        "type": "LineString",
        "coordinates": [
          [
            113.47783358723257,
            22.890594660333
          ],
          [
            113.4780422715518,
            22.89082417136634
          ]
        ]
      }
    },
    {
      "type": "Feature",
      "id": "local/global-nav-indoor/link/edge_manual_1775578888349",
      "properties": {
        "featureClass": "indoorNetworkLink",
        "networkId": "global-nav-e-f2",
        "fromNodeId": "building_e_f2_1775578867809",
        "toNodeId": "building_e_f2_1775578869091",
        "level": "2",
        "highway": "corridor",
        "vertical": false,
        "outdoor": false,
        "modes": [
          "pedestrian",
          "robot"
        ],
        "robotValidated": true,
        "source": "global-nav-0408-gcj2wgs84",
        "verificationStatus": "from-navigation-graph-unverified"
      },
      "geometry": {
        "type": "LineString",
        "coordinates": [
          [
            113.4780422715518,
            22.89082417136634
          ],
          [
            113.47817269580246,
            22.89102446801663
          ]
        ]
      }
    },
    {
      "type": "Feature",
      "id": "local/global-nav-indoor/link/edge_manual_1775578890148",
      "properties": {
        "featureClass": "indoorNetworkLink",
        "networkId": "global-nav-e-f2",
        "fromNodeId": "building_e_f2_1775578869091",
        "toNodeId": "building_e_f2_1775578870169",
        "level": "2",
        "highway": "corridor",
        "vertical": false,
        "outdoor": false,
        "modes": [
          "pedestrian",
          "robot"
        ],
        "robotValidated": true,
        "source": "global-nav-0408-gcj2wgs84",
        "verificationStatus": "from-navigation-graph-unverified"
      },
      "geometry": {
        "type": "LineString",
        "coordinates": [
          [
            113.47817269580246,
            22.89102446801663
          ],
          [
            113.47831816632093,
            22.89129278094516
          ]
        ]
      }
    },
    {
      "type": "Feature",
      "id": "local/global-nav-indoor/link/edge_manual_1775578892334",
      "properties": {
        "featureClass": "indoorNetworkLink",
        "networkId": "global-nav-e-f2",
        "fromNodeId": "building_e_f2_1775578870169",
        "toNodeId": "building_e_f2_1775578872677",
        "level": "2",
        "highway": "corridor",
        "vertical": false,
        "outdoor": false,
        "modes": [
          "pedestrian",
          "robot"
        ],
        "robotValidated": true,
        "source": "global-nav-0408-gcj2wgs84",
        "verificationStatus": "from-navigation-graph-unverified"
      },
      "geometry": {
        "type": "LineString",
        "coordinates": [
          [
            113.47831816632093,
            22.89129278094516
          ],
          [
            113.47842952400582,
            22.891539004115895
          ]
        ]
      }
    },
    {
      "type": "Feature",
      "id": "local/global-nav-indoor/link/edge_manual_1775578895429",
      "properties": {
        "featureClass": "indoorNetworkLink",
        "networkId": "global-nav-e-f2",
        "fromNodeId": "building_e_f2_1775578872677",
        "toNodeId": "building_e_f2_1775578873626",
        "level": "2",
        "highway": "corridor",
        "vertical": false,
        "outdoor": false,
        "modes": [
          "pedestrian",
          "robot"
        ],
        "robotValidated": true,
        "source": "global-nav-0408-gcj2wgs84",
        "verificationStatus": "from-navigation-graph-unverified"
      },
      "geometry": {
        "type": "LineString",
        "coordinates": [
          [
            113.47842952400582,
            22.891539004115895
          ],
          [
            113.47847566325319,
            22.891776041901018
          ]
        ]
      }
    },
    {
      "type": "Feature",
      "id": "local/global-nav-indoor/link/edge_manual_1775578897924",
      "properties": {
        "featureClass": "indoorNetworkLink",
        "networkId": "global-nav-e-f2",
        "fromNodeId": "building_e_f2_1775578873626",
        "toNodeId": "building_e_f2_1775578874620",
        "level": "2",
        "highway": "corridor",
        "vertical": false,
        "outdoor": false,
        "modes": [
          "pedestrian",
          "robot"
        ],
        "robotValidated": true,
        "source": "global-nav-0408-gcj2wgs84",
        "verificationStatus": "from-navigation-graph-unverified"
      },
      "geometry": {
        "type": "LineString",
        "coordinates": [
          [
            113.47847566325319,
            22.891776041901018
          ],
          [
            113.4785278245138,
            22.891987107693595
          ]
        ]
      }
    },
    {
      "type": "Feature",
      "id": "local/global-nav-indoor/link/edge_manual_1775578940649",
      "properties": {
        "featureClass": "indoorNetworkLink",
        "networkId": "global-nav-library-f2",
        "fromNodeId": "library_f2_1775578915949",
        "toNodeId": "library_f2_1775578917154",
        "level": "2",
        "highway": "corridor",
        "vertical": false,
        "outdoor": false,
        "modes": [
          "pedestrian",
          "robot"
        ],
        "robotValidated": true,
        "source": "global-nav-0408-gcj2wgs84",
        "verificationStatus": "from-navigation-graph-unverified"
      },
      "geometry": {
        "type": "LineString",
        "coordinates": [
          [
            113.47846661583314,
            22.892030912333073
          ],
          [
            113.47828700897865,
            22.89208237061478
          ]
        ]
      }
    },
    {
      "type": "Feature",
      "id": "local/global-nav-indoor/link/edge_manual_1775578942219",
      "properties": {
        "featureClass": "indoorNetworkLink",
        "networkId": "global-nav-library-f2",
        "fromNodeId": "library_f2_1775578917154",
        "toNodeId": "library_f2_1775578919512",
        "level": "2",
        "highway": "corridor",
        "vertical": false,
        "outdoor": false,
        "modes": [
          "pedestrian",
          "robot"
        ],
        "robotValidated": true,
        "source": "global-nav-0408-gcj2wgs84",
        "verificationStatus": "from-navigation-graph-unverified"
      },
      "geometry": {
        "type": "LineString",
        "coordinates": [
          [
            113.47828700897865,
            22.89208237061478
          ],
          [
            113.47812847246712,
            22.89214688506203
          ]
        ]
      }
    },
    {
      "type": "Feature",
      "id": "local/global-nav-indoor/link/edge_manual_1775578943325",
      "properties": {
        "featureClass": "indoorNetworkLink",
        "networkId": "global-nav-library-f2",
        "fromNodeId": "library_f2_1775578919512",
        "toNodeId": "library_f2_1775578920678",
        "level": "2",
        "highway": "corridor",
        "vertical": false,
        "outdoor": false,
        "modes": [
          "pedestrian",
          "robot"
        ],
        "robotValidated": true,
        "source": "global-nav-0408-gcj2wgs84",
        "verificationStatus": "from-navigation-graph-unverified"
      },
      "geometry": {
        "type": "LineString",
        "coordinates": [
          [
            113.47812847246712,
            22.89214688506203
          ],
          [
            113.4779709380494,
            22.892236392611082
          ]
        ]
      }
    },
    {
      "type": "Feature",
      "id": "local/global-nav-indoor/link/edge_manual_1775578946079",
      "properties": {
        "featureClass": "indoorNetworkLink",
        "networkId": "global-nav-library-f2",
        "fromNodeId": "library_f2_1775578920678",
        "toNodeId": "library_f2_1775578921735",
        "level": "2",
        "highway": "corridor",
        "vertical": false,
        "outdoor": false,
        "modes": [
          "pedestrian",
          "robot"
        ],
        "robotValidated": true,
        "source": "global-nav-0408-gcj2wgs84",
        "verificationStatus": "from-navigation-graph-unverified"
      },
      "geometry": {
        "type": "LineString",
        "coordinates": [
          [
            113.4779709380494,
            22.892236392611082
          ],
          [
            113.47787360663563,
            22.892313079847405
          ]
        ]
      }
    },
    {
      "type": "Feature",
      "id": "local/global-nav-indoor/link/edge_manual_1775578946903",
      "properties": {
        "featureClass": "indoorNetworkLink",
        "networkId": "global-nav-library-f2",
        "fromNodeId": "library_f2_1775578921735",
        "toNodeId": "library_f2_1775578922663",
        "level": "2",
        "highway": "corridor",
        "vertical": false,
        "outdoor": false,
        "modes": [
          "pedestrian",
          "robot"
        ],
        "robotValidated": true,
        "source": "global-nav-0408-gcj2wgs84",
        "verificationStatus": "from-navigation-graph-unverified"
      },
      "geometry": {
        "type": "LineString",
        "coordinates": [
          [
            113.47787360663563,
            22.892313079847405
          ],
          [
            113.47792276674069,
            22.89238319365651
          ]
        ]
      }
    },
    {
      "type": "Feature",
      "id": "local/global-nav-indoor/link/edge_manual_1775578948117",
      "properties": {
        "featureClass": "indoorNetworkLink",
        "networkId": "global-nav-library-f2",
        "fromNodeId": "library_f2_1775578922663",
        "toNodeId": "library_f2_1775578934728",
        "level": "2",
        "highway": "corridor",
        "vertical": false,
        "outdoor": false,
        "modes": [
          "pedestrian",
          "robot"
        ],
        "robotValidated": true,
        "source": "global-nav-0408-gcj2wgs84",
        "verificationStatus": "from-navigation-graph-unverified"
      },
      "geometry": {
        "type": "LineString",
        "coordinates": [
          [
            113.47792276674069,
            22.89238319365651
          ],
          [
            113.47780536682865,
            22.89247981481966
          ]
        ]
      }
    },
    {
      "type": "Feature",
      "id": "local/global-nav-indoor/link/edge_manual_1775578949672",
      "properties": {
        "featureClass": "indoorNetworkLink",
        "networkId": "global-nav-library-f2",
        "fromNodeId": "library_f2_1775578921735",
        "toNodeId": "library_f2_1775578923952",
        "level": "2",
        "highway": "corridor",
        "vertical": false,
        "outdoor": false,
        "modes": [
          "pedestrian",
          "robot"
        ],
        "robotValidated": true,
        "source": "global-nav-0408-gcj2wgs84",
        "verificationStatus": "from-navigation-graph-unverified"
      },
      "geometry": {
        "type": "LineString",
        "coordinates": [
          [
            113.47787360663563,
            22.892313079847405
          ],
          [
            113.47775921910981,
            22.892376723179286
          ]
        ]
      }
    },
    {
      "type": "Feature",
      "id": "local/global-nav-indoor/link/edge_manual_1775578950824",
      "properties": {
        "featureClass": "indoorNetworkLink",
        "networkId": "global-nav-library-f2",
        "fromNodeId": "library_f2_1775578923952",
        "toNodeId": "library_f2_1775578927187",
        "level": "2",
        "highway": "corridor",
        "vertical": false,
        "outdoor": false,
        "modes": [
          "pedestrian",
          "robot"
        ],
        "robotValidated": true,
        "source": "global-nav-0408-gcj2wgs84",
        "verificationStatus": "from-navigation-graph-unverified"
      },
      "geometry": {
        "type": "LineString",
        "coordinates": [
          [
            113.47775921910981,
            22.892376723179286
          ],
          [
            113.47762074964814,
            22.892463287797895
          ]
        ]
      }
    },
    {
      "type": "Feature",
      "id": "local/global-nav-indoor/link/edge_manual_1775579221458",
      "properties": {
        "featureClass": "indoorNetworkLink",
        "networkId": "global-nav-w-f2",
        "fromNodeId": "building_w_f2_1775579185080",
        "toNodeId": "building_w_f2_1775579186483",
        "level": "2",
        "highway": "corridor",
        "vertical": false,
        "outdoor": false,
        "modes": [
          "pedestrian",
          "robot"
        ],
        "robotValidated": true,
        "source": "global-nav-0408-gcj2wgs84",
        "verificationStatus": "from-navigation-graph-unverified"
      },
      "geometry": {
        "type": "LineString",
        "coordinates": [
          [
            113.4775906480289,
            22.892476195583296
          ],
          [
            113.47748730806474,
            22.8923889324741
          ]
        ]
      }
    },
    {
      "type": "Feature",
      "id": "local/global-nav-indoor/link/edge_manual_1775579222593",
      "properties": {
        "featureClass": "indoorNetworkLink",
        "networkId": "global-nav-w-f2",
        "fromNodeId": "building_w_f2_1775579186483",
        "toNodeId": "building_w_f2_1775579187988",
        "level": "2",
        "highway": "corridor",
        "vertical": false,
        "outdoor": false,
        "modes": [
          "pedestrian",
          "robot"
        ],
        "robotValidated": true,
        "source": "global-nav-0408-gcj2wgs84",
        "verificationStatus": "from-navigation-graph-unverified"
      },
      "geometry": {
        "type": "LineString",
        "coordinates": [
          [
            113.47748730806474,
            22.8923889324741
          ],
          [
            113.47730972356689,
            22.892249476416595
          ]
        ]
      }
    },
    {
      "type": "Feature",
      "id": "local/global-nav-indoor/link/edge_manual_1775579223944",
      "properties": {
        "featureClass": "indoorNetworkLink",
        "networkId": "global-nav-w-f2",
        "fromNodeId": "building_w_f2_1775579187988",
        "toNodeId": "building_w_f2_1775579189293",
        "level": "2",
        "highway": "corridor",
        "vertical": false,
        "outdoor": false,
        "modes": [
          "pedestrian",
          "robot"
        ],
        "robotValidated": true,
        "source": "global-nav-0408-gcj2wgs84",
        "verificationStatus": "from-navigation-graph-unverified"
      },
      "geometry": {
        "type": "LineString",
        "coordinates": [
          [
            113.47730972356689,
            22.892249476416595
          ],
          [
            113.4771883263071,
            22.892124177056388
          ]
        ]
      }
    },
    {
      "type": "Feature",
      "id": "local/global-nav-indoor/link/edge_manual_1775579225030",
      "properties": {
        "featureClass": "indoorNetworkLink",
        "networkId": "global-nav-w-f2",
        "fromNodeId": "building_w_f2_1775579189293",
        "toNodeId": "building_w_f2_1775579191356",
        "level": "2",
        "highway": "corridor",
        "vertical": false,
        "outdoor": false,
        "modes": [
          "pedestrian",
          "robot"
        ],
        "robotValidated": true,
        "source": "global-nav-0408-gcj2wgs84",
        "verificationStatus": "from-navigation-graph-unverified"
      },
      "geometry": {
        "type": "LineString",
        "coordinates": [
          [
            113.4771883263071,
            22.892124177056388
          ],
          [
            113.47708498925064,
            22.892003927901126
          ]
        ]
      }
    },
    {
      "type": "Feature",
      "id": "local/global-nav-indoor/link/edge_manual_1775579226943",
      "properties": {
        "featureClass": "indoorNetworkLink",
        "networkId": "global-nav-w-f2",
        "fromNodeId": "building_w_f2_1775579191356",
        "toNodeId": "building_w_f2_1775579192394",
        "level": "2",
        "highway": "corridor",
        "vertical": false,
        "outdoor": false,
        "modes": [
          "pedestrian",
          "robot"
        ],
        "robotValidated": true,
        "source": "global-nav-0408-gcj2wgs84",
        "verificationStatus": "from-navigation-graph-unverified"
      },
      "geometry": {
        "type": "LineString",
        "coordinates": [
          [
            113.47708498925064,
            22.892003927901126
          ],
          [
            113.47698767259668,
            22.891881697038333
          ]
        ]
      }
    },
    {
      "type": "Feature",
      "id": "local/global-nav-indoor/link/edge_manual_1775579228350",
      "properties": {
        "featureClass": "indoorNetworkLink",
        "networkId": "global-nav-w-f2",
        "fromNodeId": "building_w_f2_1775579192394",
        "toNodeId": "building_w_f2_1775579193864",
        "level": "2",
        "highway": "corridor",
        "vertical": false,
        "outdoor": false,
        "modes": [
          "pedestrian",
          "robot"
        ],
        "robotValidated": true,
        "source": "global-nav-0408-gcj2wgs84",
        "verificationStatus": "from-navigation-graph-unverified"
      },
      "geometry": {
        "type": "LineString",
        "coordinates": [
          [
            113.47698767259668,
            22.891881697038333
          ],
          [
            113.47689136112521,
            22.89173447932647
          ]
        ]
      }
    },
    {
      "type": "Feature",
      "id": "local/global-nav-indoor/link/edge_manual_1775579229843",
      "properties": {
        "featureClass": "indoorNetworkLink",
        "networkId": "global-nav-w-f2",
        "fromNodeId": "building_w_f2_1775579193864",
        "toNodeId": "building_w_f2_1775579198235",
        "level": "2",
        "highway": "corridor",
        "vertical": false,
        "outdoor": false,
        "modes": [
          "pedestrian",
          "robot"
        ],
        "robotValidated": true,
        "source": "global-nav-0408-gcj2wgs84",
        "verificationStatus": "from-navigation-graph-unverified"
      },
      "geometry": {
        "type": "LineString",
        "coordinates": [
          [
            113.47689136112521,
            22.89173447932647
          ],
          [
            113.4767810037278,
            22.891576225788107
          ]
        ]
      }
    },
    {
      "type": "Feature",
      "id": "local/global-nav-indoor/link/edge_manual_1775579231064",
      "properties": {
        "featureClass": "indoorNetworkLink",
        "networkId": "global-nav-w-f2",
        "fromNodeId": "building_w_f2_1775579198235",
        "toNodeId": "building_w_f2_1775579199178",
        "level": "2",
        "highway": "corridor",
        "vertical": false,
        "outdoor": false,
        "modes": [
          "pedestrian",
          "robot"
        ],
        "robotValidated": true,
        "source": "global-nav-0408-gcj2wgs84",
        "verificationStatus": "from-navigation-graph-unverified"
      },
      "geometry": {
        "type": "LineString",
        "coordinates": [
          [
            113.4767810037278,
            22.891576225788107
          ],
          [
            113.4767097749653,
            22.891447073176646
          ]
        ]
      }
    },
    {
      "type": "Feature",
      "id": "local/global-nav-indoor/link/edge_manual_1775579233230",
      "properties": {
        "featureClass": "indoorNetworkLink",
        "networkId": "global-nav-w-f2",
        "fromNodeId": "building_w_f2_1775579199178",
        "toNodeId": "building_w_f2_1775579200088",
        "level": "2",
        "highway": "corridor",
        "vertical": false,
        "outdoor": false,
        "modes": [
          "pedestrian",
          "robot"
        ],
        "robotValidated": true,
        "source": "global-nav-0408-gcj2wgs84",
        "verificationStatus": "from-navigation-graph-unverified"
      },
      "geometry": {
        "type": "LineString",
        "coordinates": [
          [
            113.4767097749653,
            22.891447073176646
          ],
          [
            113.47663654282226,
            22.89126993430971
          ]
        ]
      }
    },
    {
      "type": "Feature",
      "id": "local/global-nav-indoor/link/edge_manual_1775579234766",
      "properties": {
        "featureClass": "indoorNetworkLink",
        "networkId": "global-nav-w-f2",
        "fromNodeId": "building_w_f2_1775579200088",
        "toNodeId": "building_w_f2_1775579202729",
        "level": "2",
        "highway": "corridor",
        "vertical": false,
        "outdoor": false,
        "modes": [
          "pedestrian",
          "robot"
        ],
        "robotValidated": true,
        "source": "global-nav-0408-gcj2wgs84",
        "verificationStatus": "from-navigation-graph-unverified"
      },
      "geometry": {
        "type": "LineString",
        "coordinates": [
          [
            113.47663654282226,
            22.89126993430971
          ],
          [
            113.47657736263238,
            22.891016866652663
          ]
        ]
      }
    },
    {
      "type": "Feature",
      "id": "local/global-nav-indoor/link/edge_manual_1775579235993",
      "properties": {
        "featureClass": "indoorNetworkLink",
        "networkId": "global-nav-w-f2",
        "fromNodeId": "building_w_f2_1775579202729",
        "toNodeId": "building_w_f2_1775579213070",
        "level": "2",
        "highway": "corridor",
        "vertical": false,
        "outdoor": false,
        "modes": [
          "pedestrian",
          "robot"
        ],
        "robotValidated": true,
        "source": "global-nav-0408-gcj2wgs84",
        "verificationStatus": "from-navigation-graph-unverified"
      },
      "geometry": {
        "type": "LineString",
        "coordinates": [
          [
            113.47657736263238,
            22.891016866652663
          ],
          [
            113.47656934093037,
            22.89094187396104
          ]
        ]
      }
    },
    {
      "type": "Feature",
      "id": "local/global-nav-indoor/link/edge_manual_1775647975983",
      "properties": {
        "featureClass": "indoorNetworkLink",
        "networkId": "global-nav-e-f2",
        "fromNodeId": "building_e_f2_1775647968182",
        "toNodeId": "building_e_f2_1775647968984",
        "level": "2",
        "highway": "corridor",
        "vertical": false,
        "outdoor": false,
        "modes": [
          "pedestrian",
          "robot"
        ],
        "robotValidated": true,
        "source": "global-nav-0408-gcj2wgs84",
        "verificationStatus": "from-navigation-graph-unverified"
      },
      "geometry": {
        "type": "LineString",
        "coordinates": [
          [
            113.47813854744219,
            22.891530164234513
          ],
          [
            113.47826597906081,
            22.89147255682791
          ]
        ]
      }
    },
    {
      "type": "Feature",
      "id": "local/global-nav-indoor/link/edge_manual_1775647996349",
      "properties": {
        "featureClass": "indoorNetworkLink",
        "networkId": "global-nav-e-f2",
        "fromNodeId": "building_e_f2_1775647968984",
        "toNodeId": "building_e_f2_1775647992494",
        "level": "2",
        "highway": "corridor",
        "vertical": false,
        "outdoor": false,
        "modes": [
          "pedestrian",
          "robot"
        ],
        "robotValidated": true,
        "source": "global-nav-0408-gcj2wgs84",
        "verificationStatus": "from-navigation-graph-unverified"
      },
      "geometry": {
        "type": "LineString",
        "coordinates": [
          [
            113.47826597906081,
            22.89147255682791
          ],
          [
            113.47836330941205,
            22.891420859948628
          ]
        ]
      }
    },
    {
      "type": "Feature",
      "id": "local/global-nav-indoor/link/edge_manual_1775648022185",
      "properties": {
        "featureClass": "indoorNetworkLink",
        "networkId": "global-nav-e-f2",
        "fromNodeId": "building_e_f2_1775647958468",
        "toNodeId": "building_e_f2_1775647961757",
        "level": "2",
        "highway": "corridor",
        "vertical": false,
        "outdoor": false,
        "modes": [
          "pedestrian",
          "robot"
        ],
        "robotValidated": true,
        "source": "global-nav-0408-gcj2wgs84",
        "verificationStatus": "from-navigation-graph-unverified"
      },
      "geometry": {
        "type": "LineString",
        "coordinates": [
          [
            113.4777693548916,
            22.89085137063422
          ],
          [
            113.47788173610786,
            22.89078172389915
          ]
        ]
      }
    },
    {
      "type": "Feature",
      "id": "local/global-nav-indoor/link/edge_manual_1775648043774",
      "properties": {
        "featureClass": "indoorNetworkLink",
        "networkId": "global-nav-e-f2",
        "fromNodeId": "building_e_f2_1775647961757",
        "toNodeId": "building_e_f2_1775648040135",
        "level": "2",
        "highway": "corridor",
        "vertical": false,
        "outdoor": false,
        "modes": [
          "pedestrian",
          "robot"
        ],
        "robotValidated": true,
        "source": "global-nav-0408-gcj2wgs84",
        "verificationStatus": "from-navigation-graph-unverified"
      },
      "geometry": {
        "type": "LineString",
        "coordinates": [
          [
            113.47788173610786,
            22.89078172389915
          ],
          [
            113.47795498478175,
            22.890734954800912
          ]
        ]
      }
    },
    {
      "type": "Feature",
      "id": "local/global-nav-indoor/link/edge_manual_1775648048298",
      "properties": {
        "featureClass": "indoorNetworkLink",
        "networkId": "global-nav-e-f2",
        "fromNodeId": "building_e_f2_1775647964268",
        "toNodeId": "building_e_f2_1775647963480",
        "level": "2",
        "highway": "corridor",
        "vertical": false,
        "outdoor": false,
        "modes": [
          "pedestrian",
          "robot"
        ],
        "robotValidated": true,
        "source": "global-nav-0408-gcj2wgs84",
        "verificationStatus": "from-navigation-graph-unverified"
      },
      "geometry": {
        "type": "LineString",
        "coordinates": [
          [
            113.47797803350396,
            22.891162848242747
          ],
          [
            113.47810245656808,
            22.891077243176255
          ]
        ]
      }
    },
    {
      "type": "Feature",
      "id": "local/global-nav-indoor/link/edge_manual_1775648049503",
      "properties": {
        "featureClass": "indoorNetworkLink",
        "networkId": "global-nav-e-f2",
        "fromNodeId": "building_e_f2_1775647963480",
        "toNodeId": "building_e_f2_1775578869091",
        "level": "2",
        "highway": "corridor",
        "vertical": false,
        "outdoor": false,
        "modes": [
          "pedestrian",
          "robot"
        ],
        "robotValidated": true,
        "source": "global-nav-0408-gcj2wgs84",
        "verificationStatus": "from-navigation-graph-unverified"
      },
      "geometry": {
        "type": "LineString",
        "coordinates": [
          [
            113.47810245656808,
            22.891077243176255
          ],
          [
            113.47817269580246,
            22.89102446801663
          ]
        ]
      }
    },
    {
      "type": "Feature",
      "id": "local/global-nav-indoor/link/edge_manual_1775648091406",
      "properties": {
        "featureClass": "indoorNetworkLink",
        "networkId": "global-nav-w-f2",
        "fromNodeId": "building_w_f2_1775579193864",
        "toNodeId": "building_w_f2_1775648078282",
        "level": "2",
        "highway": "corridor",
        "vertical": false,
        "outdoor": false,
        "modes": [
          "pedestrian",
          "robot"
        ],
        "robotValidated": true,
        "source": "global-nav-0408-gcj2wgs84",
        "verificationStatus": "from-navigation-graph-unverified"
      },
      "geometry": {
        "type": "LineString",
        "coordinates": [
          [
            113.47689136112521,
            22.89173447932647
          ],
          [
            113.47695658080917,
            22.89170268003793
          ]
        ]
      }
    },
    {
      "type": "Feature",
      "id": "local/global-nav-indoor/link/edge_manual_1775648098559",
      "properties": {
        "featureClass": "indoorNetworkLink",
        "networkId": "global-nav-w-f2",
        "fromNodeId": "building_w_f2_1775648079202",
        "toNodeId": "building_w_f2_1775648078282",
        "level": "2",
        "highway": "corridor",
        "vertical": false,
        "outdoor": false,
        "modes": [
          "pedestrian",
          "robot"
        ],
        "robotValidated": true,
        "source": "global-nav-0408-gcj2wgs84",
        "verificationStatus": "from-navigation-graph-unverified"
      },
      "geometry": {
        "type": "LineString",
        "coordinates": [
          [
            113.47704387436964,
            22.89166894519869
          ],
          [
            113.47695658080917,
            22.89170268003793
          ]
        ]
      }
    },
    {
      "type": "Feature",
      "id": "local/global-nav-indoor/link/edge_manual_1775648101444",
      "properties": {
        "featureClass": "indoorNetworkLink",
        "networkId": "global-nav-w-f2",
        "fromNodeId": "building_w_f2_1775648074924",
        "toNodeId": "building_w_f2_1775648071106",
        "level": "2",
        "highway": "corridor",
        "vertical": false,
        "outdoor": false,
        "modes": [
          "pedestrian",
          "robot"
        ],
        "robotValidated": true,
        "source": "global-nav-0408-gcj2wgs84",
        "verificationStatus": "from-navigation-graph-unverified"
      },
      "geometry": {
        "type": "LineString",
        "coordinates": [
          [
            113.47664958144466,
            22.891341942634778
          ],
          [
            113.47678102134284,
            22.891313332355598
          ]
        ]
      }
    },
    {
      "type": "Feature",
      "id": "local/global-nav-indoor/link/edge_manual_1775648102998",
      "properties": {
        "featureClass": "indoorNetworkLink",
        "networkId": "global-nav-w-f2",
        "fromNodeId": "building_w_f2_1775648072061",
        "toNodeId": "building_w_f2_1775648071106",
        "level": "2",
        "highway": "corridor",
        "vertical": false,
        "outdoor": false,
        "modes": [
          "pedestrian",
          "robot"
        ],
        "robotValidated": true,
        "source": "global-nav-0408-gcj2wgs84",
        "verificationStatus": "from-navigation-graph-unverified"
      },
      "geometry": {
        "type": "LineString",
        "coordinates": [
          [
            113.47687533765982,
            22.89128561507079
          ],
          [
            113.47678102134284,
            22.891313332355598
          ]
        ]
      }
    },
    {
      "type": "Feature",
      "id": "local/global-nav-indoor/link/edge_manual_1775648453126",
      "properties": {
        "featureClass": "indoorNetworkLink",
        "networkId": "global-nav-core-f2",
        "fromNodeId": "building_core_f2_1775648375394",
        "toNodeId": "building_core_f2_1775648371548",
        "level": "2",
        "highway": "corridor",
        "vertical": false,
        "outdoor": false,
        "modes": [
          "pedestrian",
          "robot"
        ],
        "robotValidated": true,
        "source": "global-nav-0408-gcj2wgs84",
        "verificationStatus": "from-navigation-graph-unverified"
      },
      "geometry": {
        "type": "LineString",
        "coordinates": [
          [
            113.47689440036504,
            22.891298664671478
          ],
          [
            113.47693754560974,
            22.891278796966976
          ]
        ]
      }
    },
    {
      "type": "Feature",
      "id": "local/global-nav-indoor/link/edge_manual_1775648454796",
      "properties": {
        "featureClass": "indoorNetworkLink",
        "networkId": "global-nav-core-f2",
        "fromNodeId": "building_core_f2_1775648369945",
        "toNodeId": "building_core_f2_1775648371548",
        "level": "2",
        "highway": "corridor",
        "vertical": false,
        "outdoor": false,
        "modes": [
          "pedestrian",
          "robot"
        ],
        "robotValidated": true,
        "source": "global-nav-0408-gcj2wgs84",
        "verificationStatus": "from-navigation-graph-unverified"
      },
      "geometry": {
        "type": "LineString",
        "coordinates": [
          [
            113.47701179527714,
            22.89125002250568
          ],
          [
            113.47693754560974,
            22.891278796966976
          ]
        ]
      }
    },
    {
      "type": "Feature",
      "id": "local/global-nav-indoor/link/edge_manual_1775648456362",
      "properties": {
        "featureClass": "indoorNetworkLink",
        "networkId": "global-nav-core-f2",
        "fromNodeId": "building_core_f2_1775648369945",
        "toNodeId": "building_core_f2_1775648369151",
        "level": "2",
        "highway": "corridor",
        "vertical": false,
        "outdoor": false,
        "modes": [
          "pedestrian",
          "robot"
        ],
        "robotValidated": true,
        "source": "global-nav-0408-gcj2wgs84",
        "verificationStatus": "from-navigation-graph-unverified"
      },
      "geometry": {
        "type": "LineString",
        "coordinates": [
          [
            113.47701179527714,
            22.89125002250568
          ],
          [
            113.47710811826339,
            22.891228308885758
          ]
        ]
      }
    },
    {
      "type": "Feature",
      "id": "local/global-nav-indoor/link/edge_manual_1775648458004",
      "properties": {
        "featureClass": "indoorNetworkLink",
        "networkId": "global-nav-core-f2",
        "fromNodeId": "building_core_f2_1775648369151",
        "toNodeId": "building_core_f2_1775648368318",
        "level": "2",
        "highway": "corridor",
        "vertical": false,
        "outdoor": false,
        "modes": [
          "pedestrian",
          "robot"
        ],
        "robotValidated": true,
        "source": "global-nav-0408-gcj2wgs84",
        "verificationStatus": "from-navigation-graph-unverified"
      },
      "geometry": {
        "type": "LineString",
        "coordinates": [
          [
            113.47710811826339,
            22.891228308885758
          ],
          [
            113.47716832236927,
            22.89118250100471
          ]
        ]
      }
    },
    {
      "type": "Feature",
      "id": "local/global-nav-indoor/link/edge_manual_1775648459416",
      "properties": {
        "featureClass": "indoorNetworkLink",
        "networkId": "global-nav-core-f2",
        "fromNodeId": "building_core_f2_1775648367517",
        "toNodeId": "building_core_f2_1775648368318",
        "level": "2",
        "highway": "corridor",
        "vertical": false,
        "outdoor": false,
        "modes": [
          "pedestrian",
          "robot"
        ],
        "robotValidated": true,
        "source": "global-nav-0408-gcj2wgs84",
        "verificationStatus": "from-navigation-graph-unverified"
      },
      "geometry": {
        "type": "LineString",
        "coordinates": [
          [
            113.47723554665198,
            22.891186693170226
          ],
          [
            113.47716832236927,
            22.89118250100471
          ]
        ]
      }
    },
    {
      "type": "Feature",
      "id": "local/global-nav-indoor/link/edge_manual_1775648460948",
      "properties": {
        "featureClass": "indoorNetworkLink",
        "networkId": "global-nav-core-f2",
        "fromNodeId": "building_core_f2_1775648367517",
        "toNodeId": "building_core_f2_1775648366740",
        "level": "2",
        "highway": "corridor",
        "vertical": false,
        "outdoor": false,
        "modes": [
          "pedestrian",
          "robot"
        ],
        "robotValidated": true,
        "source": "global-nav-0408-gcj2wgs84",
        "verificationStatus": "from-navigation-graph-unverified"
      },
      "geometry": {
        "type": "LineString",
        "coordinates": [
          [
            113.47723554665198,
            22.891186693170226
          ],
          [
            113.47732684968445,
            22.891217943916978
          ]
        ]
      }
    },
    {
      "type": "Feature",
      "id": "local/global-nav-indoor/link/edge_manual_1775648461966",
      "properties": {
        "featureClass": "indoorNetworkLink",
        "networkId": "global-nav-core-f2",
        "fromNodeId": "building_core_f2_1775648366740",
        "toNodeId": "building_core_f2_1775648378807",
        "level": "2",
        "highway": "corridor",
        "vertical": false,
        "outdoor": false,
        "modes": [
          "pedestrian",
          "robot"
        ],
        "robotValidated": true,
        "source": "global-nav-0408-gcj2wgs84",
        "verificationStatus": "from-navigation-graph-unverified"
      },
      "geometry": {
        "type": "LineString",
        "coordinates": [
          [
            113.47732684968445,
            22.891217943916978
          ],
          [
            113.47738905790835,
            22.891214124999173
          ]
        ]
      }
    },
    {
      "type": "Feature",
      "id": "local/global-nav-indoor/link/edge_manual_1775648463170",
      "properties": {
        "featureClass": "indoorNetworkLink",
        "networkId": "global-nav-core-f2",
        "fromNodeId": "building_core_f2_1775648378807",
        "toNodeId": "building_core_f2_1775648380184",
        "level": "2",
        "highway": "corridor",
        "vertical": false,
        "outdoor": false,
        "modes": [
          "pedestrian",
          "robot"
        ],
        "robotValidated": true,
        "source": "global-nav-0408-gcj2wgs84",
        "verificationStatus": "from-navigation-graph-unverified"
      },
      "geometry": {
        "type": "LineString",
        "coordinates": [
          [
            113.47738905790835,
            22.891214124999173
          ],
          [
            113.47745628464955,
            22.891185330742548
          ]
        ]
      }
    },
    {
      "type": "Feature",
      "id": "local/global-nav-indoor/link/edge_manual_1775648464755",
      "properties": {
        "featureClass": "indoorNetworkLink",
        "networkId": "global-nav-core-f2",
        "fromNodeId": "building_core_f2_1775648380184",
        "toNodeId": "building_core_f2_1775648380938",
        "level": "2",
        "highway": "corridor",
        "vertical": false,
        "outdoor": false,
        "modes": [
          "pedestrian",
          "robot"
        ],
        "robotValidated": true,
        "source": "global-nav-0408-gcj2wgs84",
        "verificationStatus": "from-navigation-graph-unverified"
      },
      "geometry": {
        "type": "LineString",
        "coordinates": [
          [
            113.47745628464955,
            22.891185330742548
          ],
          [
            113.47745628940376,
            22.891114359502076
          ]
        ]
      }
    },
    {
      "type": "Feature",
      "id": "local/global-nav-indoor/link/edge_manual_1775648465719",
      "properties": {
        "featureClass": "indoorNetworkLink",
        "networkId": "global-nav-core-f2",
        "fromNodeId": "building_core_f2_1775648380938",
        "toNodeId": "building_core_f2_1775648384647",
        "level": "2",
        "highway": "corridor",
        "vertical": false,
        "outdoor": false,
        "modes": [
          "pedestrian",
          "robot"
        ],
        "robotValidated": true,
        "source": "global-nav-0408-gcj2wgs84",
        "verificationStatus": "from-navigation-graph-unverified"
      },
      "geometry": {
        "type": "LineString",
        "coordinates": [
          [
            113.47745628940376,
            22.891114359502076
          ],
          [
            113.47747335040498,
            22.891055432632008
          ]
        ]
      }
    },
    {
      "type": "Feature",
      "id": "local/global-nav-indoor/link/edge_manual_1775648466804",
      "properties": {
        "featureClass": "indoorNetworkLink",
        "networkId": "global-nav-core-f2",
        "fromNodeId": "building_core_f2_1775648384647",
        "toNodeId": "building_core_f2_1775648381704",
        "level": "2",
        "highway": "corridor",
        "vertical": false,
        "outdoor": false,
        "modes": [
          "pedestrian",
          "robot"
        ],
        "robotValidated": true,
        "source": "global-nav-0408-gcj2wgs84",
        "verificationStatus": "from-navigation-graph-unverified"
      },
      "geometry": {
        "type": "LineString",
        "coordinates": [
          [
            113.47747335040498,
            22.891055432632008
          ],
          [
            113.4774853934912,
            22.891013484397572
          ]
        ]
      }
    },
    {
      "type": "Feature",
      "id": "local/global-nav-indoor/link/edge_manual_1775648468069",
      "properties": {
        "featureClass": "indoorNetworkLink",
        "networkId": "global-nav-core-f2",
        "fromNodeId": "building_core_f2_1775648381704",
        "toNodeId": "building_core_f2_1775648385631",
        "level": "2",
        "highway": "corridor",
        "vertical": false,
        "outdoor": false,
        "modes": [
          "pedestrian",
          "robot"
        ],
        "robotValidated": true,
        "source": "global-nav-0408-gcj2wgs84",
        "verificationStatus": "from-navigation-graph-unverified"
      },
      "geometry": {
        "type": "LineString",
        "coordinates": [
          [
            113.4774853934912,
            22.891013484397572
          ],
          [
            113.47756666774627,
            22.890978733222447
          ]
        ]
      }
    },
    {
      "type": "Feature",
      "id": "local/global-nav-indoor/link/edge_manual_1775648469191",
      "properties": {
        "featureClass": "indoorNetworkLink",
        "networkId": "global-nav-core-f2",
        "fromNodeId": "building_core_f2_1775648385631",
        "toNodeId": "building_core_f2_1775648386809",
        "level": "2",
        "highway": "corridor",
        "vertical": false,
        "outdoor": false,
        "modes": [
          "pedestrian",
          "robot"
        ],
        "robotValidated": true,
        "source": "global-nav-0408-gcj2wgs84",
        "verificationStatus": "from-navigation-graph-unverified"
      },
      "geometry": {
        "type": "LineString",
        "coordinates": [
          [
            113.47756666774627,
            22.890978733222447
          ],
          [
            113.47765295970893,
            22.890932001491798
          ]
        ]
      }
    },
    {
      "type": "Feature",
      "id": "local/global-nav-indoor/link/edge_manual_1775648470350",
      "properties": {
        "featureClass": "indoorNetworkLink",
        "networkId": "global-nav-core-f2",
        "fromNodeId": "building_core_f2_1775648386809",
        "toNodeId": "building_core_f2_1775648388791",
        "level": "2",
        "highway": "corridor",
        "vertical": false,
        "outdoor": false,
        "modes": [
          "pedestrian",
          "robot"
        ],
        "robotValidated": true,
        "source": "global-nav-0408-gcj2wgs84",
        "verificationStatus": "from-navigation-graph-unverified"
      },
      "geometry": {
        "type": "LineString",
        "coordinates": [
          [
            113.47765295970893,
            22.890932001491798
          ],
          [
            113.47771316389212,
            22.89089319123156
          ]
        ]
      }
    },
    {
      "type": "Feature",
      "id": "local/global-nav-indoor/link/edge_manual_1775648473858",
      "properties": {
        "featureClass": "indoorNetworkLink",
        "networkId": "global-nav-core-f2",
        "fromNodeId": "building_core_f2_1775648360223",
        "toNodeId": "building_core_f2_1775648361313",
        "level": "2",
        "highway": "corridor",
        "vertical": false,
        "outdoor": false,
        "modes": [
          "pedestrian",
          "robot"
        ],
        "robotValidated": true,
        "source": "global-nav-0408-gcj2wgs84",
        "verificationStatus": "from-navigation-graph-unverified"
      },
      "geometry": {
        "type": "LineString",
        "coordinates": [
          [
            113.47705290437585,
            22.891670970399186
          ],
          [
            113.47713919580005,
            22.89162123927331
          ]
        ]
      }
    },
    {
      "type": "Feature",
      "id": "local/global-nav-indoor/link/edge_manual_1775648475034",
      "properties": {
        "featureClass": "indoorNetworkLink",
        "networkId": "global-nav-core-f2",
        "fromNodeId": "building_core_f2_1775648361313",
        "toNodeId": "building_core_f2_1775648362231",
        "level": "2",
        "highway": "corridor",
        "vertical": false,
        "outdoor": false,
        "modes": [
          "pedestrian",
          "robot"
        ],
        "robotValidated": true,
        "source": "global-nav-0408-gcj2wgs84",
        "verificationStatus": "from-navigation-graph-unverified"
      },
      "geometry": {
        "type": "LineString",
        "coordinates": [
          [
            113.47713919580005,
            22.89162123927331
          ],
          [
            113.4772274923796,
            22.891596503906456
          ]
        ]
      }
    },
    {
      "type": "Feature",
      "id": "local/global-nav-indoor/link/edge_manual_1775648475916",
      "properties": {
        "featureClass": "indoorNetworkLink",
        "networkId": "global-nav-core-f2",
        "fromNodeId": "building_core_f2_1775648362231",
        "toNodeId": "building_core_f2_1775648362991",
        "level": "2",
        "highway": "corridor",
        "vertical": false,
        "outdoor": false,
        "modes": [
          "pedestrian",
          "robot"
        ],
        "robotValidated": true,
        "source": "global-nav-0408-gcj2wgs84",
        "verificationStatus": "from-navigation-graph-unverified"
      },
      "geometry": {
        "type": "LineString",
        "coordinates": [
          [
            113.4772274923796,
            22.891596503906456
          ],
          [
            113.47733886762988,
            22.891550843725057
          ]
        ]
      }
    },
    {
      "type": "Feature",
      "id": "local/global-nav-indoor/link/edge_manual_1775648477188",
      "properties": {
        "featureClass": "indoorNetworkLink",
        "networkId": "global-nav-core-f2",
        "fromNodeId": "building_core_f2_1775648363988",
        "toNodeId": "building_core_f2_1775648362991",
        "level": "2",
        "highway": "corridor",
        "vertical": false,
        "outdoor": false,
        "modes": [
          "pedestrian",
          "robot"
        ],
        "robotValidated": true,
        "source": "global-nav-0408-gcj2wgs84",
        "verificationStatus": "from-navigation-graph-unverified"
      },
      "geometry": {
        "type": "LineString",
        "coordinates": [
          [
            113.47738903935964,
            22.891491012770647
          ],
          [
            113.47733886762988,
            22.891550843725057
          ]
        ]
      }
    },
    {
      "type": "Feature",
      "id": "local/global-nav-indoor/link/edge_manual_1775648478461",
      "properties": {
        "featureClass": "indoorNetworkLink",
        "networkId": "global-nav-core-f2",
        "fromNodeId": "building_core_f2_1775648363988",
        "toNodeId": "building_core_f2_1775648364878",
        "level": "2",
        "highway": "corridor",
        "vertical": false,
        "outdoor": false,
        "modes": [
          "pedestrian",
          "robot"
        ],
        "robotValidated": true,
        "source": "global-nav-0408-gcj2wgs84",
        "verificationStatus": "from-navigation-graph-unverified"
      },
      "geometry": {
        "type": "LineString",
        "coordinates": [
          [
            113.47738903935964,
            22.891491012770647
          ],
          [
            113.4774221560991,
            22.891401144780904
          ]
        ]
      }
    },
    {
      "type": "Feature",
      "id": "local/global-nav-indoor/link/edge_manual_1775648479465",
      "properties": {
        "featureClass": "indoorNetworkLink",
        "networkId": "global-nav-core-f2",
        "fromNodeId": "building_core_f2_1775648364878",
        "toNodeId": "building_core_f2_1775648365915",
        "level": "2",
        "highway": "corridor",
        "vertical": false,
        "outdoor": false,
        "modes": [
          "pedestrian",
          "robot"
        ],
        "robotValidated": true,
        "source": "global-nav-0408-gcj2wgs84",
        "verificationStatus": "from-navigation-graph-unverified"
      },
      "geometry": {
        "type": "LineString",
        "coordinates": [
          [
            113.4774221560991,
            22.891401144780904
          ],
          [
            113.47738604282227,
            22.89128908593098
          ]
        ]
      }
    },
    {
      "type": "Feature",
      "id": "local/global-nav-indoor/link/edge_manual_1775648480405",
      "properties": {
        "featureClass": "indoorNetworkLink",
        "networkId": "global-nav-core-f2",
        "fromNodeId": "building_core_f2_1775648365915",
        "toNodeId": "building_core_f2_1775648378807",
        "level": "2",
        "highway": "corridor",
        "vertical": false,
        "outdoor": false,
        "modes": [
          "pedestrian",
          "robot"
        ],
        "robotValidated": true,
        "source": "global-nav-0408-gcj2wgs84",
        "verificationStatus": "from-navigation-graph-unverified"
      },
      "geometry": {
        "type": "LineString",
        "coordinates": [
          [
            113.47738604282227,
            22.89128908593098
          ],
          [
            113.47738905790835,
            22.891214124999173
          ]
        ]
      }
    },
    {
      "type": "Feature",
      "id": "local/global-nav-indoor/link/edge_manual_1775648481920",
      "properties": {
        "featureClass": "indoorNetworkLink",
        "networkId": "global-nav-core-f2",
        "fromNodeId": "building_core_f2_1775648364878",
        "toNodeId": "building_core_f2_1775648393020",
        "level": "2",
        "highway": "corridor",
        "vertical": false,
        "outdoor": false,
        "modes": [
          "pedestrian",
          "robot"
        ],
        "robotValidated": true,
        "source": "global-nav-0408-gcj2wgs84",
        "verificationStatus": "from-navigation-graph-unverified"
      },
      "geometry": {
        "type": "LineString",
        "coordinates": [
          [
            113.4774221560991,
            22.891401144780904
          ],
          [
            113.4775114540426,
            22.891412398075243
          ]
        ]
      }
    },
    {
      "type": "Feature",
      "id": "local/global-nav-indoor/link/edge_manual_1775648482964",
      "properties": {
        "featureClass": "indoorNetworkLink",
        "networkId": "global-nav-core-f2",
        "fromNodeId": "building_core_f2_1775648393020",
        "toNodeId": "building_core_f2_1775648392321",
        "level": "2",
        "highway": "corridor",
        "vertical": false,
        "outdoor": false,
        "modes": [
          "pedestrian",
          "robot"
        ],
        "robotValidated": true,
        "source": "global-nav-0408-gcj2wgs84",
        "verificationStatus": "from-navigation-graph-unverified"
      },
      "geometry": {
        "type": "LineString",
        "coordinates": [
          [
            113.4775114540426,
            22.891412398075243
          ],
          [
            113.47758570516244,
            22.89137262867737
          ]
        ]
      }
    },
    {
      "type": "Feature",
      "id": "local/global-nav-indoor/link/edge_manual_1775648484164",
      "properties": {
        "featureClass": "indoorNetworkLink",
        "networkId": "global-nav-core-f2",
        "fromNodeId": "building_core_f2_1775648392321",
        "toNodeId": "building_core_f2_1775648391409",
        "level": "2",
        "highway": "corridor",
        "vertical": false,
        "outdoor": false,
        "modes": [
          "pedestrian",
          "robot"
        ],
        "robotValidated": true,
        "source": "global-nav-0408-gcj2wgs84",
        "verificationStatus": "from-navigation-graph-unverified"
      },
      "geometry": {
        "type": "LineString",
        "coordinates": [
          [
            113.47758570516244,
            22.89137262867737
          ],
          [
            113.47756865410626,
            22.89128261588074
          ]
        ]
      }
    },
    {
      "type": "Feature",
      "id": "local/global-nav-indoor/link/edge_manual_1775648485648",
      "properties": {
        "featureClass": "indoorNetworkLink",
        "networkId": "global-nav-core-f2",
        "fromNodeId": "building_core_f2_1775648391409",
        "toNodeId": "building_core_f2_1775648390655",
        "level": "2",
        "highway": "corridor",
        "vertical": false,
        "outdoor": false,
        "modes": [
          "pedestrian",
          "robot"
        ],
        "robotValidated": true,
        "source": "global-nav-0408-gcj2wgs84",
        "verificationStatus": "from-navigation-graph-unverified"
      },
      "geometry": {
        "type": "LineString",
        "coordinates": [
          [
            113.47756865410626,
            22.89128261588074
          ],
          [
            113.4775184905301,
            22.891218496949733
          ]
        ]
      }
    },
    {
      "type": "Feature",
      "id": "local/global-nav-indoor/link/edge_manual_1775648491274",
      "properties": {
        "featureClass": "indoorNetworkLink",
        "networkId": "global-nav-core-f2",
        "fromNodeId": "building_core_f2_1775648390655",
        "toNodeId": "building_core_f2_1775648380184",
        "level": "2",
        "highway": "corridor",
        "vertical": false,
        "outdoor": false,
        "modes": [
          "pedestrian",
          "robot"
        ],
        "robotValidated": true,
        "source": "global-nav-0408-gcj2wgs84",
        "verificationStatus": "from-navigation-graph-unverified"
      },
      "geometry": {
        "type": "LineString",
        "coordinates": [
          [
            113.4775184905301,
            22.891218496949733
          ],
          [
            113.47745628464955,
            22.891185330742548
          ]
        ]
      }
    },
    {
      "type": "Feature",
      "id": "local/global-nav-indoor/link/edge_manual_1775648501351",
      "properties": {
        "featureClass": "indoorNetworkLink",
        "networkId": "global-nav-core-f2",
        "fromNodeId": "building_core_f2_1775648392321",
        "toNodeId": "building_core_f2_1775648396021",
        "level": "2",
        "highway": "corridor",
        "vertical": false,
        "outdoor": false,
        "modes": [
          "pedestrian",
          "robot"
        ],
        "robotValidated": true,
        "source": "global-nav-0408-gcj2wgs84",
        "verificationStatus": "from-navigation-graph-unverified"
      },
      "geometry": {
        "type": "LineString",
        "coordinates": [
          [
            113.47758570516244,
            22.89137262867737
          ],
          [
            113.47765293265867,
            22.891335837849
          ]
        ]
      }
    },
    {
      "type": "Feature",
      "id": "local/global-nav-indoor/link/edge_manual_1775648502742",
      "properties": {
        "featureClass": "indoorNetworkLink",
        "networkId": "global-nav-core-f2",
        "fromNodeId": "building_core_f2_1775648396021",
        "toNodeId": "building_core_f2_1775648419183",
        "level": "2",
        "highway": "corridor",
        "vertical": false,
        "outdoor": false,
        "modes": [
          "pedestrian",
          "robot"
        ],
        "robotValidated": true,
        "source": "global-nav-0408-gcj2wgs84",
        "verificationStatus": "from-navigation-graph-unverified"
      },
      "geometry": {
        "type": "LineString",
        "coordinates": [
          [
            113.47765293265867,
            22.891335837849
          ],
          [
            113.47773520775434,
            22.891342073157563
          ]
        ]
      }
    },
    {
      "type": "Feature",
      "id": "local/global-nav-indoor/link/edge_manual_1775648505082",
      "properties": {
        "featureClass": "indoorNetworkLink",
        "networkId": "global-nav-core-f2",
        "fromNodeId": "building_core_f2_1775648419183",
        "toNodeId": "building_core_f2_1775648410160",
        "level": "2",
        "highway": "corridor",
        "vertical": false,
        "outdoor": false,
        "modes": [
          "pedestrian",
          "robot"
        ],
        "robotValidated": true,
        "source": "global-nav-0408-gcj2wgs84",
        "verificationStatus": "from-navigation-graph-unverified"
      },
      "geometry": {
        "type": "LineString",
        "coordinates": [
          [
            113.47773520775434,
            22.891342073157563
          ],
          [
            113.47774424107853,
            22.891296117893148
          ]
        ]
      }
    },
    {
      "type": "Feature",
      "id": "local/global-nav-indoor/link/edge_manual_1775648506208",
      "properties": {
        "featureClass": "indoorNetworkLink",
        "networkId": "global-nav-core-f2",
        "fromNodeId": "building_core_f2_1775648410160",
        "toNodeId": "building_core_f2_1775648410889",
        "level": "2",
        "highway": "corridor",
        "vertical": false,
        "outdoor": false,
        "modes": [
          "pedestrian",
          "robot"
        ],
        "robotValidated": true,
        "source": "global-nav-0408-gcj2wgs84",
        "verificationStatus": "from-navigation-graph-unverified"
      },
      "geometry": {
        "type": "LineString",
        "coordinates": [
          [
            113.47774424107853,
            22.891296117893148
          ],
          [
            113.47783755649291,
            22.89125440466442
          ]
        ]
      }
    },
    {
      "type": "Feature",
      "id": "local/global-nav-indoor/link/edge_manual_1775648507106",
      "properties": {
        "featureClass": "indoorNetworkLink",
        "networkId": "global-nav-core-f2",
        "fromNodeId": "building_core_f2_1775648410889",
        "toNodeId": "building_core_f2_1775648411546",
        "level": "2",
        "highway": "corridor",
        "vertical": false,
        "outdoor": false,
        "modes": [
          "pedestrian",
          "robot"
        ],
        "robotValidated": true,
        "source": "global-nav-0408-gcj2wgs84",
        "verificationStatus": "from-navigation-graph-unverified"
      },
      "geometry": {
        "type": "LineString",
        "coordinates": [
          [
            113.47783755649291,
            22.89125440466442
          ],
          [
            113.47791281204255,
            22.891204642551916
          ]
        ]
      }
    },
    {
      "type": "Feature",
      "id": "local/global-nav-indoor/link/edge_manual_1775648507992",
      "properties": {
        "featureClass": "indoorNetworkLink",
        "networkId": "global-nav-core-f2",
        "fromNodeId": "building_core_f2_1775648411546",
        "toNodeId": "building_core_f2_1775648413376",
        "level": "2",
        "highway": "corridor",
        "vertical": false,
        "outdoor": false,
        "modes": [
          "pedestrian",
          "robot"
        ],
        "robotValidated": true,
        "source": "global-nav-0408-gcj2wgs84",
        "verificationStatus": "from-navigation-graph-unverified"
      },
      "geometry": {
        "type": "LineString",
        "coordinates": [
          [
            113.47791281204255,
            22.891204642551916
          ],
          [
            113.47795796488086,
            22.89118278208046
          ]
        ]
      }
    },
    {
      "type": "Feature",
      "id": "local/global-nav-indoor/link/edge_manual_1775648510017",
      "properties": {
        "featureClass": "indoorNetworkLink",
        "networkId": "global-nav-core-f2",
        "fromNodeId": "building_core_f2_1775648419183",
        "toNodeId": "building_core_f2_1775648430347",
        "level": "2",
        "highway": "corridor",
        "vertical": false,
        "outdoor": false,
        "modes": [
          "pedestrian",
          "robot"
        ],
        "robotValidated": true,
        "source": "global-nav-0408-gcj2wgs84",
        "verificationStatus": "from-navigation-graph-unverified"
      },
      "geometry": {
        "type": "LineString",
        "coordinates": [
          [
            113.47773520775434,
            22.891342073157563
          ],
          [
            113.47782851806666,
            22.891376329126665
          ]
        ]
      }
    },
    {
      "type": "Feature",
      "id": "local/global-nav-indoor/link/edge_manual_1775648513187",
      "properties": {
        "featureClass": "indoorNetworkLink",
        "networkId": "global-nav-core-f2",
        "fromNodeId": "building_core_f2_1775648430347",
        "toNodeId": "building_core_f2_1775648439050",
        "level": "2",
        "highway": "corridor",
        "vertical": false,
        "outdoor": false,
        "modes": [
          "pedestrian",
          "robot"
        ],
        "robotValidated": true,
        "source": "global-nav-0408-gcj2wgs84",
        "verificationStatus": "from-navigation-graph-unverified"
      },
      "geometry": {
        "type": "LineString",
        "coordinates": [
          [
            113.47782851806666,
            22.891376329126665
          ],
          [
            113.47779440008793,
            22.89143120821153
          ]
        ]
      }
    },
    {
      "type": "Feature",
      "id": "local/global-nav-indoor/link/edge_manual_1775648516872",
      "properties": {
        "featureClass": "indoorNetworkLink",
        "networkId": "global-nav-core-f2",
        "fromNodeId": "building_core_f2_1775648439050",
        "toNodeId": "building_core_f2_1775648430347",
        "level": "2",
        "highway": "corridor",
        "vertical": false,
        "outdoor": false,
        "modes": [
          "pedestrian",
          "robot"
        ],
        "robotValidated": true,
        "source": "global-nav-0408-gcj2wgs84",
        "verificationStatus": "from-navigation-graph-unverified"
      },
      "geometry": {
        "type": "LineString",
        "coordinates": [
          [
            113.47779440008793,
            22.89143120821153
          ],
          [
            113.47782851806666,
            22.891376329126665
          ]
        ]
      }
    },
    {
      "type": "Feature",
      "id": "local/global-nav-indoor/link/edge_manual_1775648518079",
      "properties": {
        "featureClass": "indoorNetworkLink",
        "networkId": "global-nav-core-f2",
        "fromNodeId": "building_core_f2_1775648430347",
        "toNodeId": "building_core_f2_1775648431040",
        "level": "2",
        "highway": "corridor",
        "vertical": false,
        "outdoor": false,
        "modes": [
          "pedestrian",
          "robot"
        ],
        "robotValidated": true,
        "source": "global-nav-0408-gcj2wgs84",
        "verificationStatus": "from-navigation-graph-unverified"
      },
      "geometry": {
        "type": "LineString",
        "coordinates": [
          [
            113.47782851806666,
            22.891376329126665
          ],
          [
            113.47790075722267,
            22.891420520215547
          ]
        ]
      }
    },
    {
      "type": "Feature",
      "id": "local/global-nav-indoor/link/edge_manual_1775648518903",
      "properties": {
        "featureClass": "indoorNetworkLink",
        "networkId": "global-nav-core-f2",
        "fromNodeId": "building_core_f2_1775648431040",
        "toNodeId": "building_core_f2_1775648431720",
        "level": "2",
        "highway": "corridor",
        "vertical": false,
        "outdoor": false,
        "modes": [
          "pedestrian",
          "robot"
        ],
        "robotValidated": true,
        "source": "global-nav-0408-gcj2wgs84",
        "verificationStatus": "from-navigation-graph-unverified"
      },
      "geometry": {
        "type": "LineString",
        "coordinates": [
          [
            113.47790075722267,
            22.891420520215547
          ],
          [
            113.47791479801455,
            22.89151452275681
          ]
        ]
      }
    },
    {
      "type": "Feature",
      "id": "local/global-nav-indoor/link/edge_manual_1775648519699",
      "properties": {
        "featureClass": "indoorNetworkLink",
        "networkId": "global-nav-core-f2",
        "fromNodeId": "building_core_f2_1775648431720",
        "toNodeId": "building_core_f2_1775648432441",
        "level": "2",
        "highway": "corridor",
        "vertical": false,
        "outdoor": false,
        "modes": [
          "pedestrian",
          "robot"
        ],
        "robotValidated": true,
        "source": "global-nav-0408-gcj2wgs84",
        "verificationStatus": "from-navigation-graph-unverified"
      },
      "geometry": {
        "type": "LineString",
        "coordinates": [
          [
            113.47791479801455,
            22.89151452275681
          ],
          [
            113.47793385582861,
            22.89160554102522
          ]
        ]
      }
    },
    {
      "type": "Feature",
      "id": "local/global-nav-indoor/link/edge_manual_1775648520717",
      "properties": {
        "featureClass": "indoorNetworkLink",
        "networkId": "global-nav-core-f2",
        "fromNodeId": "building_core_f2_1775648432441",
        "toNodeId": "building_core_f2_1775648440499",
        "level": "2",
        "highway": "corridor",
        "vertical": false,
        "outdoor": false,
        "modes": [
          "pedestrian",
          "robot"
        ],
        "robotValidated": true,
        "source": "global-nav-0408-gcj2wgs84",
        "verificationStatus": "from-navigation-graph-unverified"
      },
      "geometry": {
        "type": "LineString",
        "coordinates": [
          [
            113.47793385582861,
            22.89160554102522
          ],
          [
            113.47789271545504,
            22.89164240703591
          ]
        ]
      }
    },
    {
      "type": "Feature",
      "id": "local/global-nav-indoor/link/edge_manual_1775648521854",
      "properties": {
        "featureClass": "indoorNetworkLink",
        "networkId": "global-nav-core-f2",
        "fromNodeId": "building_core_f2_1775648432441",
        "toNodeId": "building_core_f2_1775648444614",
        "level": "2",
        "highway": "corridor",
        "vertical": false,
        "outdoor": false,
        "modes": [
          "pedestrian",
          "robot"
        ],
        "robotValidated": true,
        "source": "global-nav-0408-gcj2wgs84",
        "verificationStatus": "from-navigation-graph-unverified"
      },
      "geometry": {
        "type": "LineString",
        "coordinates": [
          [
            113.47793385582861,
            22.89160554102522
          ],
          [
            113.47800810585541,
            22.891589762337485
          ]
        ]
      }
    },
    {
      "type": "Feature",
      "id": "local/global-nav-indoor/link/edge_manual_1775648522764",
      "properties": {
        "featureClass": "indoorNetworkLink",
        "networkId": "global-nav-core-f2",
        "fromNodeId": "building_core_f2_1775648444614",
        "toNodeId": "building_core_f2_1775648445426",
        "level": "2",
        "highway": "corridor",
        "vertical": false,
        "outdoor": false,
        "modes": [
          "pedestrian",
          "robot"
        ],
        "robotValidated": true,
        "source": "global-nav-0408-gcj2wgs84",
        "verificationStatus": "from-navigation-graph-unverified"
      },
      "geometry": {
        "type": "LineString",
        "coordinates": [
          [
            113.47800810585541,
            22.891589762337485
          ],
          [
            113.4780994144688,
            22.891555040804636
          ]
        ]
      }
    },
    {
      "type": "Feature",
      "id": "local/global-nav-indoor/link/edge_manual_1775649548149",
      "properties": {
        "featureClass": "indoorNetworkLink",
        "networkId": "global-nav-w-f2",
        "fromNodeId": "building_w_f2_1775648071106",
        "toNodeId": "building_w_f2_1775649520298",
        "level": "2",
        "highway": "corridor",
        "vertical": false,
        "outdoor": false,
        "modes": [
          "pedestrian",
          "robot"
        ],
        "robotValidated": true,
        "source": "global-nav-0408-gcj2wgs84",
        "verificationStatus": "from-navigation-graph-unverified"
      },
      "geometry": {
        "type": "LineString",
        "coordinates": [
          [
            113.47678102134284,
            22.891313332355598
          ],
          [
            113.47670678328834,
            22.89117317552883
          ]
        ]
      }
    },
    {
      "type": "Feature",
      "id": "local/global-nav-indoor/link/edge_manual_1775649549441",
      "properties": {
        "featureClass": "indoorNetworkLink",
        "networkId": "global-nav-w-f2",
        "fromNodeId": "building_w_f2_1775648078282",
        "toNodeId": "building_w_f2_1775649522738",
        "level": "2",
        "highway": "corridor",
        "vertical": false,
        "outdoor": false,
        "modes": [
          "pedestrian",
          "robot"
        ],
        "robotValidated": true,
        "source": "global-nav-0408-gcj2wgs84",
        "verificationStatus": "from-navigation-graph-unverified"
      },
      "geometry": {
        "type": "LineString",
        "coordinates": [
          [
            113.47695658080917,
            22.89170268003793
          ],
          [
            113.4768873593942,
            22.891560538296115
          ]
        ]
      }
    },
    {
      "type": "Feature",
      "id": "local/global-nav-indoor/link/edge_manual_1775649556519",
      "properties": {
        "featureClass": "indoorNetworkLink",
        "networkId": "global-nav-w-f2",
        "fromNodeId": "building_w_f2_1775579191356",
        "toNodeId": "building_w_f2_1775649533189",
        "level": "2",
        "highway": "corridor",
        "vertical": false,
        "outdoor": false,
        "modes": [
          "pedestrian",
          "robot"
        ],
        "robotValidated": true,
        "source": "global-nav-0408-gcj2wgs84",
        "verificationStatus": "from-navigation-graph-unverified"
      },
      "geometry": {
        "type": "LineString",
        "coordinates": [
          [
            113.47708498925064,
            22.892003927901126
          ],
          [
            113.47718733018853,
            22.892016217956787
          ]
        ]
      }
    },
    {
      "type": "Feature",
      "id": "local/global-nav-indoor/link/edge_manual_1775649827220",
      "properties": {
        "featureClass": "indoorNetworkLink",
        "networkId": "global-nav-e-f3",
        "fromNodeId": "building_e_f3_1775649763503",
        "toNodeId": "building_e_f3_1775649765213",
        "level": "3",
        "highway": "corridor",
        "vertical": false,
        "outdoor": false,
        "modes": [
          "pedestrian",
          "robot"
        ],
        "robotValidated": true,
        "source": "global-nav-0408-gcj2wgs84",
        "verificationStatus": "from-navigation-graph-unverified"
      },
      "geometry": {
        "type": "LineString",
        "coordinates": [
          [
            113.47756670463959,
            22.890427956299007
          ],
          [
            113.47771519444765,
            22.890537341161927
          ]
        ]
      }
    },
    {
      "type": "Feature",
      "id": "local/global-nav-indoor/link/edge_manual_1775649828188",
      "properties": {
        "featureClass": "indoorNetworkLink",
        "networkId": "global-nav-e-f3",
        "fromNodeId": "building_e_f3_1775649767992",
        "toNodeId": "building_e_f3_1775650102997",
        "level": "3",
        "highway": "corridor",
        "vertical": false,
        "outdoor": false,
        "modes": [
          "pedestrian",
          "robot"
        ],
        "robotValidated": true,
        "source": "global-nav-0408-gcj2wgs84",
        "verificationStatus": "from-navigation-graph-unverified"
      },
      "geometry": {
        "type": "LineString",
        "coordinates": [
          [
            113.47781853566629,
            22.890611609934858
          ],
          [
            113.47790080562757,
            22.890697813046376
          ]
        ]
      }
    },
    {
      "type": "Feature",
      "id": "local/global-nav-indoor/link/edge_manual_1775649829373",
      "properties": {
        "featureClass": "indoorNetworkLink",
        "networkId": "global-nav-e-f3",
        "fromNodeId": "building_e_f3_1775649777100",
        "toNodeId": "building_e_f3_1775649777986",
        "level": "3",
        "highway": "corridor",
        "vertical": false,
        "outdoor": false,
        "modes": [
          "pedestrian",
          "robot"
        ],
        "robotValidated": true,
        "source": "global-nav-0408-gcj2wgs84",
        "verificationStatus": "from-navigation-graph-unverified"
      },
      "geometry": {
        "type": "LineString",
        "coordinates": [
          [
            113.4778526420083,
            22.890730660400095
          ],
          [
            113.4777653420505,
            22.89084236267742
          ]
        ]
      }
    },
    {
      "type": "Feature",
      "id": "local/global-nav-indoor/link/edge_manual_1775649830936",
      "properties": {
        "featureClass": "indoorNetworkLink",
        "networkId": "global-nav-e-f3",
        "fromNodeId": "building_e_f3_1775649782669",
        "toNodeId": "building_e_f3_1775650102997",
        "level": "3",
        "highway": "corridor",
        "vertical": false,
        "outdoor": false,
        "modes": [
          "pedestrian",
          "robot"
        ],
        "robotValidated": true,
        "source": "global-nav-0408-gcj2wgs84",
        "verificationStatus": "from-navigation-graph-unverified"
      },
      "geometry": {
        "type": "LineString",
        "coordinates": [
          [
            113.47800213822069,
            22.890805062908388
          ],
          [
            113.47790080562757,
            22.890697813046376
          ]
        ]
      }
    },
    {
      "type": "Feature",
      "id": "local/global-nav-indoor/link/edge_manual_1775649831991",
      "properties": {
        "featureClass": "indoorNetworkLink",
        "networkId": "global-nav-e-f3",
        "fromNodeId": "building_e_f3_1775649765213",
        "toNodeId": "building_e_f3_1775649767992",
        "level": "3",
        "highway": "corridor",
        "vertical": false,
        "outdoor": false,
        "modes": [
          "pedestrian",
          "robot"
        ],
        "robotValidated": true,
        "source": "global-nav-0408-gcj2wgs84",
        "verificationStatus": "from-navigation-graph-unverified"
      },
      "geometry": {
        "type": "LineString",
        "coordinates": [
          [
            113.47771519444765,
            22.890537341161927
          ],
          [
            113.47781853566629,
            22.890611609934858
          ]
        ]
      }
    },
    {
      "type": "Feature",
      "id": "local/global-nav-indoor/link/edge_manual_1775649835682",
      "properties": {
        "featureClass": "indoorNetworkLink",
        "networkId": "global-nav-e-f3",
        "fromNodeId": "building_e_f3_1775649777100",
        "toNodeId": "building_e_f3_1775649777986",
        "level": "3",
        "highway": "corridor",
        "vertical": false,
        "outdoor": false,
        "modes": [
          "pedestrian",
          "robot"
        ],
        "robotValidated": true,
        "source": "global-nav-0408-gcj2wgs84",
        "verificationStatus": "from-navigation-graph-unverified"
      },
      "geometry": {
        "type": "LineString",
        "coordinates": [
          [
            113.4778526420083,
            22.890730660400095
          ],
          [
            113.4777653420505,
            22.89084236267742
          ]
        ]
      }
    },
    {
      "type": "Feature",
      "id": "local/global-nav-indoor/link/edge_manual_1775649837288",
      "properties": {
        "featureClass": "indoorNetworkLink",
        "networkId": "global-nav-e-f3",
        "fromNodeId": "building_e_f3_1775649782669",
        "toNodeId": "building_e_f3_1775649785028",
        "level": "3",
        "highway": "corridor",
        "vertical": false,
        "outdoor": false,
        "modes": [
          "pedestrian",
          "robot"
        ],
        "robotValidated": true,
        "source": "global-nav-0408-gcj2wgs84",
        "verificationStatus": "from-navigation-graph-unverified"
      },
      "geometry": {
        "type": "LineString",
        "coordinates": [
          [
            113.47800213822069,
            22.890805062908388
          ],
          [
            113.47817771277411,
            22.89102248335593
          ]
        ]
      }
    },
    {
      "type": "Feature",
      "id": "local/global-nav-indoor/link/edge_manual_1775649838152",
      "properties": {
        "featureClass": "indoorNetworkLink",
        "networkId": "global-nav-e-f3",
        "fromNodeId": "building_e_f3_1775649785028",
        "toNodeId": "building_e_f3_1775649786261",
        "level": "3",
        "highway": "corridor",
        "vertical": false,
        "outdoor": false,
        "modes": [
          "pedestrian",
          "robot"
        ],
        "robotValidated": true,
        "source": "global-nav-0408-gcj2wgs84",
        "verificationStatus": "from-navigation-graph-unverified"
      },
      "geometry": {
        "type": "LineString",
        "coordinates": [
          [
            113.47817771277411,
            22.89102248335593
          ],
          [
            113.47812051830364,
            22.89106030235162
          ]
        ]
      }
    },
    {
      "type": "Feature",
      "id": "local/global-nav-indoor/link/edge_manual_1775649840888",
      "properties": {
        "featureClass": "indoorNetworkLink",
        "networkId": "global-nav-e-f3",
        "fromNodeId": "building_e_f3_1775649787741",
        "toNodeId": "building_e_f3_1775649786261",
        "level": "3",
        "highway": "corridor",
        "vertical": false,
        "outdoor": false,
        "modes": [
          "pedestrian",
          "robot"
        ],
        "robotValidated": true,
        "source": "global-nav-0408-gcj2wgs84",
        "verificationStatus": "from-navigation-graph-unverified"
      },
      "geometry": {
        "type": "LineString",
        "coordinates": [
          [
            113.47797502321008,
            22.891165838318063
          ],
          [
            113.47812051830364,
            22.89106030235162
          ]
        ]
      }
    },
    {
      "type": "Feature",
      "id": "local/global-nav-indoor/link/edge_manual_1775649842615",
      "properties": {
        "featureClass": "indoorNetworkLink",
        "networkId": "global-nav-e-f3",
        "fromNodeId": "building_e_f3_1775649785028",
        "toNodeId": "building_e_f3_1775649789583",
        "level": "3",
        "highway": "corridor",
        "vertical": false,
        "outdoor": false,
        "modes": [
          "pedestrian",
          "robot"
        ],
        "robotValidated": true,
        "source": "global-nav-0408-gcj2wgs84",
        "verificationStatus": "from-navigation-graph-unverified"
      },
      "geometry": {
        "type": "LineString",
        "coordinates": [
          [
            113.47817771277411,
            22.89102248335593
          ],
          [
            113.47826900898278,
            22.891176685471905
          ]
        ]
      }
    },
    {
      "type": "Feature",
      "id": "local/global-nav-indoor/link/edge_manual_1775649848723",
      "properties": {
        "featureClass": "indoorNetworkLink",
        "networkId": "global-nav-e-f3",
        "fromNodeId": "building_e_f3_1775649789583",
        "toNodeId": "building_e_f3_1775649791672",
        "level": "3",
        "highway": "corridor",
        "vertical": false,
        "outdoor": false,
        "modes": [
          "pedestrian",
          "robot"
        ],
        "robotValidated": true,
        "source": "global-nav-0408-gcj2wgs84",
        "verificationStatus": "from-navigation-graph-unverified"
      },
      "geometry": {
        "type": "LineString",
        "coordinates": [
          [
            113.47826900898278,
            22.891176685471905
          ],
          [
            113.4783151569478,
            22.891281776678273
          ]
        ]
      }
    },
    {
      "type": "Feature",
      "id": "local/global-nav-indoor/link/edge_manual_1775649850394",
      "properties": {
        "featureClass": "indoorNetworkLink",
        "networkId": "global-nav-e-f3",
        "fromNodeId": "building_e_f3_1775649791672",
        "toNodeId": "building_e_f3_1775649793793",
        "level": "3",
        "highway": "corridor",
        "vertical": false,
        "outdoor": false,
        "modes": [
          "pedestrian",
          "robot"
        ],
        "robotValidated": true,
        "source": "global-nav-0408-gcj2wgs84",
        "verificationStatus": "from-navigation-graph-unverified"
      },
      "geometry": {
        "type": "LineString",
        "coordinates": [
          [
            113.4783151569478,
            22.891281776678273
          ],
          [
            113.47836832405609,
            22.89145386111926
          ]
        ]
      }
    },
    {
      "type": "Feature",
      "id": "local/global-nav-indoor/link/edge_manual_1775649851260",
      "properties": {
        "featureClass": "indoorNetworkLink",
        "networkId": "global-nav-e-f3",
        "fromNodeId": "building_e_f3_1775649793793",
        "toNodeId": "building_e_f3_1775649806152",
        "level": "3",
        "highway": "corridor",
        "vertical": false,
        "outdoor": false,
        "modes": [
          "pedestrian",
          "robot"
        ],
        "robotValidated": true,
        "source": "global-nav-0408-gcj2wgs84",
        "verificationStatus": "from-navigation-graph-unverified"
      },
      "geometry": {
        "type": "LineString",
        "coordinates": [
          [
            113.47836832405609,
            22.89145386111926
          ],
          [
            113.47829608000474,
            22.89147464323601
          ]
        ]
      }
    },
    {
      "type": "Feature",
      "id": "local/global-nav-indoor/link/edge_manual_1775649852090",
      "properties": {
        "featureClass": "indoorNetworkLink",
        "networkId": "global-nav-e-f3",
        "fromNodeId": "building_e_f3_1775649806152",
        "toNodeId": "building_e_f3_1775649807164",
        "level": "3",
        "highway": "corridor",
        "vertical": false,
        "outdoor": false,
        "modes": [
          "pedestrian",
          "robot"
        ],
        "robotValidated": true,
        "source": "global-nav-0408-gcj2wgs84",
        "verificationStatus": "from-navigation-graph-unverified"
      },
      "geometry": {
        "type": "LineString",
        "coordinates": [
          [
            113.47829608000474,
            22.89147464323601
          ],
          [
            113.47815861498577,
            22.891527223560182
          ]
        ]
      }
    },
    {
      "type": "Feature",
      "id": "local/global-nav-indoor/link/edge_manual_1775649854500",
      "properties": {
        "featureClass": "indoorNetworkLink",
        "networkId": "global-nav-e-f3",
        "fromNodeId": "building_e_f3_1775649793793",
        "toNodeId": "building_e_f3_1775649809131",
        "level": "3",
        "highway": "corridor",
        "vertical": false,
        "outdoor": false,
        "modes": [
          "pedestrian",
          "robot"
        ],
        "robotValidated": true,
        "source": "global-nav-0408-gcj2wgs84",
        "verificationStatus": "from-navigation-graph-unverified"
      },
      "geometry": {
        "type": "LineString",
        "coordinates": [
          [
            113.47836832405609,
            22.89145386111926
          ],
          [
            113.47842550918065,
            22.891558984373972
          ]
        ]
      }
    },
    {
      "type": "Feature",
      "id": "local/global-nav-indoor/link/edge_manual_1775649855835",
      "properties": {
        "featureClass": "indoorNetworkLink",
        "networkId": "global-nav-e-f3",
        "fromNodeId": "building_e_f3_1775649809131",
        "toNodeId": "building_e_f3_1775649810438",
        "level": "3",
        "highway": "corridor",
        "vertical": false,
        "outdoor": false,
        "modes": [
          "pedestrian",
          "robot"
        ],
        "robotValidated": true,
        "source": "global-nav-0408-gcj2wgs84",
        "verificationStatus": "from-navigation-graph-unverified"
      },
      "geometry": {
        "type": "LineString",
        "coordinates": [
          [
            113.47842550918065,
            22.891558984373972
          ],
          [
            113.47845960836025,
            22.891789989669615
          ]
        ]
      }
    },
    {
      "type": "Feature",
      "id": "local/global-nav-indoor/link/edge_manual_1775650111805",
      "properties": {
        "featureClass": "indoorNetworkLink",
        "networkId": "global-nav-e-f3",
        "fromNodeId": "building_e_f3_1775649777100",
        "toNodeId": "building_e_f3_1775650102997",
        "level": "3",
        "highway": "corridor",
        "vertical": false,
        "outdoor": false,
        "modes": [
          "pedestrian",
          "robot"
        ],
        "robotValidated": true,
        "source": "global-nav-0408-gcj2wgs84",
        "verificationStatus": "from-navigation-graph-unverified"
      },
      "geometry": {
        "type": "LineString",
        "coordinates": [
          [
            113.4778526420083,
            22.890730660400095
          ],
          [
            113.47790080562757,
            22.890697813046376
          ]
        ]
      }
    },
    {
      "type": "Feature",
      "id": "local/global-nav-indoor/link/edge_manual_1775650251222",
      "properties": {
        "featureClass": "indoorNetworkLink",
        "networkId": "global-nav-w-f3",
        "fromNodeId": "building_w_f3_1775650171147",
        "toNodeId": "building_w_f3_1775650194032",
        "level": "3",
        "highway": "corridor",
        "vertical": false,
        "outdoor": false,
        "modes": [
          "pedestrian",
          "robot"
        ],
        "robotValidated": true,
        "source": "global-nav-0408-gcj2wgs84",
        "verificationStatus": "from-navigation-graph-unverified"
      },
      "geometry": {
        "type": "LineString",
        "coordinates": [
          [
            113.47652920658248,
            22.890952754193027
          ],
          [
            113.47654726034074,
            22.891047767606572
          ]
        ]
      }
    },
    {
      "type": "Feature",
      "id": "local/global-nav-indoor/link/edge_manual_1775650252825",
      "properties": {
        "featureClass": "indoorNetworkLink",
        "networkId": "global-nav-w-f3",
        "fromNodeId": "building_w_f3_1775650194032",
        "toNodeId": "building_w_f3_1775650212751",
        "level": "3",
        "highway": "corridor",
        "vertical": false,
        "outdoor": false,
        "modes": [
          "pedestrian",
          "robot"
        ],
        "robotValidated": true,
        "source": "global-nav-0408-gcj2wgs84",
        "verificationStatus": "from-navigation-graph-unverified"
      },
      "geometry": {
        "type": "LineString",
        "coordinates": [
          [
            113.47654726034074,
            22.891047767606572
          ],
          [
            113.47663252831651,
            22.89128691588625
          ]
        ]
      }
    },
    {
      "type": "Feature",
      "id": "local/global-nav-indoor/link/edge_manual_1775650254219",
      "properties": {
        "featureClass": "indoorNetworkLink",
        "networkId": "global-nav-w-f3",
        "fromNodeId": "building_w_f3_1775650212751",
        "toNodeId": "building_w_f3_1775650214131",
        "level": "3",
        "highway": "corridor",
        "vertical": false,
        "outdoor": false,
        "modes": [
          "pedestrian",
          "robot"
        ],
        "robotValidated": true,
        "source": "global-nav-0408-gcj2wgs84",
        "verificationStatus": "from-navigation-graph-unverified"
      },
      "geometry": {
        "type": "LineString",
        "coordinates": [
          [
            113.47663252831651,
            22.89128691588625
          ],
          [
            113.47665961459795,
            22.89134596985804
          ]
        ]
      }
    },
    {
      "type": "Feature",
      "id": "local/global-nav-indoor/link/edge_manual_1775650255185",
      "properties": {
        "featureClass": "indoorNetworkLink",
        "networkId": "global-nav-w-f3",
        "fromNodeId": "building_w_f3_1775650214131",
        "toNodeId": "building_w_f3_1775650215546",
        "level": "3",
        "highway": "corridor",
        "vertical": false,
        "outdoor": false,
        "modes": [
          "pedestrian",
          "robot"
        ],
        "robotValidated": true,
        "source": "global-nav-0408-gcj2wgs84",
        "verificationStatus": "from-navigation-graph-unverified"
      },
      "geometry": {
        "type": "LineString",
        "coordinates": [
          [
            113.47665961459795,
            22.89134596985804
          ],
          [
            113.47678102154377,
            22.891310333571013
          ]
        ]
      }
    },
    {
      "type": "Feature",
      "id": "local/global-nav-indoor/link/edge_manual_1775650256249",
      "properties": {
        "featureClass": "indoorNetworkLink",
        "networkId": "global-nav-w-f3",
        "fromNodeId": "building_w_f3_1775650215546",
        "toNodeId": "building_w_f3_1775650217013",
        "level": "3",
        "highway": "corridor",
        "vertical": false,
        "outdoor": false,
        "modes": [
          "pedestrian",
          "robot"
        ],
        "robotValidated": true,
        "source": "global-nav-0408-gcj2wgs84",
        "verificationStatus": "from-navigation-graph-unverified"
      },
      "geometry": {
        "type": "LineString",
        "coordinates": [
          [
            113.47678102154377,
            22.891310333571013
          ],
          [
            113.47672383824685,
            22.89120121323632
          ]
        ]
      }
    },
    {
      "type": "Feature",
      "id": "local/global-nav-indoor/link/edge_manual_1775650257146",
      "properties": {
        "featureClass": "indoorNetworkLink",
        "networkId": "global-nav-w-f3",
        "fromNodeId": "building_w_f3_1775650215546",
        "toNodeId": "building_w_f3_1775650218074",
        "level": "3",
        "highway": "corridor",
        "vertical": false,
        "outdoor": false,
        "modes": [
          "pedestrian",
          "robot"
        ],
        "robotValidated": true,
        "source": "global-nav-0408-gcj2wgs84",
        "verificationStatus": "from-navigation-graph-unverified"
      },
      "geometry": {
        "type": "LineString",
        "coordinates": [
          [
            113.47678102154377,
            22.891310333571013
          ],
          [
            113.47688135773575,
            22.89128563239676
          ]
        ]
      }
    },
    {
      "type": "Feature",
      "id": "local/global-nav-indoor/link/edge_manual_1775650258460",
      "properties": {
        "featureClass": "indoorNetworkLink",
        "networkId": "global-nav-w-f3",
        "fromNodeId": "building_w_f3_1775650214131",
        "toNodeId": "building_w_f3_1775650222003",
        "level": "3",
        "highway": "corridor",
        "vertical": false,
        "outdoor": false,
        "modes": [
          "pedestrian",
          "robot"
        ],
        "robotValidated": true,
        "source": "global-nav-0408-gcj2wgs84",
        "verificationStatus": "from-navigation-graph-unverified"
      },
      "geometry": {
        "type": "LineString",
        "coordinates": [
          [
            113.47665961459795,
            22.89134596985804
          ],
          [
            113.47671178118266,
            22.891454076110655
          ]
        ]
      }
    },
    {
      "type": "Feature",
      "id": "local/global-nav-indoor/link/edge_manual_1775650259708",
      "properties": {
        "featureClass": "indoorNetworkLink",
        "networkId": "global-nav-w-f3",
        "fromNodeId": "building_w_f3_1775650222003",
        "toNodeId": "building_w_f3_1775650223026",
        "level": "3",
        "highway": "corridor",
        "vertical": false,
        "outdoor": false,
        "modes": [
          "pedestrian",
          "robot"
        ],
        "robotValidated": true,
        "source": "global-nav-0408-gcj2wgs84",
        "verificationStatus": "from-navigation-graph-unverified"
      },
      "geometry": {
        "type": "LineString",
        "coordinates": [
          [
            113.47671178118266,
            22.891454076110655
          ],
          [
            113.47677197336172,
            22.89158019819148
          ]
        ]
      }
    },
    {
      "type": "Feature",
      "id": "local/global-nav-indoor/link/edge_manual_1775650260834",
      "properties": {
        "featureClass": "indoorNetworkLink",
        "networkId": "global-nav-w-f3",
        "fromNodeId": "building_w_f3_1775650223026",
        "toNodeId": "building_w_f3_1775650224775",
        "level": "3",
        "highway": "corridor",
        "vertical": false,
        "outdoor": false,
        "modes": [
          "pedestrian",
          "robot"
        ],
        "robotValidated": true,
        "source": "global-nav-0408-gcj2wgs84",
        "verificationStatus": "from-navigation-graph-unverified"
      },
      "geometry": {
        "type": "LineString",
        "coordinates": [
          [
            113.47677197336172,
            22.89158019819148
          ],
          [
            113.47686928623996,
            22.89175340809589
          ]
        ]
      }
    },
    {
      "type": "Feature",
      "id": "local/global-nav-indoor/link/edge_manual_1775650261698",
      "properties": {
        "featureClass": "indoorNetworkLink",
        "networkId": "global-nav-w-f3",
        "fromNodeId": "building_w_f3_1775650224775",
        "toNodeId": "building_w_f3_1775650225920",
        "level": "3",
        "highway": "corridor",
        "vertical": false,
        "outdoor": false,
        "modes": [
          "pedestrian",
          "robot"
        ],
        "robotValidated": true,
        "source": "global-nav-0408-gcj2wgs84",
        "verificationStatus": "from-navigation-graph-unverified"
      },
      "geometry": {
        "type": "LineString",
        "coordinates": [
          [
            113.47686928623996,
            22.89175340809589
          ],
          [
            113.47696661368066,
            22.891711705278745
          ]
        ]
      }
    },
    {
      "type": "Feature",
      "id": "local/global-nav-indoor/link/edge_manual_1775650262685",
      "properties": {
        "featureClass": "indoorNetworkLink",
        "networkId": "global-nav-w-f3",
        "fromNodeId": "building_w_f3_1775650225920",
        "toNodeId": "building_w_f3_1775650227176",
        "level": "3",
        "highway": "corridor",
        "vertical": false,
        "outdoor": false,
        "modes": [
          "pedestrian",
          "robot"
        ],
        "robotValidated": true,
        "source": "global-nav-0408-gcj2wgs84",
        "verificationStatus": "from-navigation-graph-unverified"
      },
      "geometry": {
        "type": "LineString",
        "coordinates": [
          [
            113.47696661368066,
            22.891711705278745
          ],
          [
            113.47690842738997,
            22.891594585164107
          ]
        ]
      }
    },
    {
      "type": "Feature",
      "id": "local/global-nav-indoor/link/edge_manual_1775650264991",
      "properties": {
        "featureClass": "indoorNetworkLink",
        "networkId": "global-nav-w-f3",
        "fromNodeId": "building_w_f3_1775650225920",
        "toNodeId": "building_w_f3_1775650228334",
        "level": "3",
        "highway": "corridor",
        "vertical": false,
        "outdoor": false,
        "modes": [
          "pedestrian",
          "robot"
        ],
        "robotValidated": true,
        "source": "global-nav-0408-gcj2wgs84",
        "verificationStatus": "from-navigation-graph-unverified"
      },
      "geometry": {
        "type": "LineString",
        "coordinates": [
          [
            113.47696661368066,
            22.891711705278745
          ],
          [
            113.47705992828796,
            22.89166399346797
          ]
        ]
      }
    },
    {
      "type": "Feature",
      "id": "local/global-nav-indoor/link/edge_manual_1775650267928",
      "properties": {
        "featureClass": "indoorNetworkLink",
        "networkId": "global-nav-w-f3",
        "fromNodeId": "building_w_f3_1775650224775",
        "toNodeId": "building_w_f3_1775650230719",
        "level": "3",
        "highway": "corridor",
        "vertical": false,
        "outdoor": false,
        "modes": [
          "pedestrian",
          "robot"
        ],
        "robotValidated": true,
        "source": "global-nav-0408-gcj2wgs84",
        "verificationStatus": "from-navigation-graph-unverified"
      },
      "geometry": {
        "type": "LineString",
        "coordinates": [
          [
            113.47686928623996,
            22.89175340809589
          ],
          [
            113.47696660155836,
            22.891892631907925
          ]
        ]
      }
    },
    {
      "type": "Feature",
      "id": "local/global-nav-indoor/link/edge_manual_1775650269079",
      "properties": {
        "featureClass": "indoorNetworkLink",
        "networkId": "global-nav-w-f3",
        "fromNodeId": "building_w_f3_1775650230719",
        "toNodeId": "building_w_f3_1775650233073",
        "level": "3",
        "highway": "corridor",
        "vertical": false,
        "outdoor": false,
        "modes": [
          "pedestrian",
          "robot"
        ],
        "robotValidated": true,
        "source": "global-nav-0408-gcj2wgs84",
        "verificationStatus": "from-navigation-graph-unverified"
      },
      "geometry": {
        "type": "LineString",
        "coordinates": [
          [
            113.47696660155836,
            22.891892631907925
          ],
          [
            113.4770508744386,
            22.892017823950958
          ]
        ]
      }
    },
    {
      "type": "Feature",
      "id": "local/global-nav-indoor/link/edge_manual_1775650271731",
      "properties": {
        "featureClass": "indoorNetworkLink",
        "networkId": "global-nav-w-f3",
        "fromNodeId": "building_w_f3_1775650233073",
        "toNodeId": "building_w_f3_1775650235743",
        "level": "3",
        "highway": "corridor",
        "vertical": false,
        "outdoor": false,
        "modes": [
          "pedestrian",
          "robot"
        ],
        "robotValidated": true,
        "source": "global-nav-0408-gcj2wgs84",
        "verificationStatus": "from-navigation-graph-unverified"
      },
      "geometry": {
        "type": "LineString",
        "coordinates": [
          [
            113.4770508744386,
            22.892017823950958
          ],
          [
            113.47717528910385,
            22.892029177981374
          ]
        ]
      }
    },
    {
      "type": "Feature",
      "id": "local/global-nav-indoor/link/edge_manual_1775650274047",
      "properties": {
        "featureClass": "indoorNetworkLink",
        "networkId": "global-nav-w-f3",
        "fromNodeId": "building_w_f3_1775650233073",
        "toNodeId": "building_w_f3_1775650239637",
        "level": "3",
        "highway": "corridor",
        "vertical": false,
        "outdoor": false,
        "modes": [
          "pedestrian",
          "robot"
        ],
        "robotValidated": true,
        "source": "global-nav-0408-gcj2wgs84",
        "verificationStatus": "from-navigation-graph-unverified"
      },
      "geometry": {
        "type": "LineString",
        "coordinates": [
          [
            113.4770508744386,
            22.892017823950958
          ],
          [
            113.47715120191901,
            22.892130067624286
          ]
        ]
      }
    },
    {
      "type": "Feature",
      "id": "local/global-nav-indoor/link/edge_manual_1775650274995",
      "properties": {
        "featureClass": "indoorNetworkLink",
        "networkId": "global-nav-w-f3",
        "fromNodeId": "building_w_f3_1775650239637",
        "toNodeId": "building_w_f3_1775650241541",
        "level": "3",
        "highway": "corridor",
        "vertical": false,
        "outdoor": false,
        "modes": [
          "pedestrian",
          "robot"
        ],
        "robotValidated": true,
        "source": "global-nav-0408-gcj2wgs84",
        "verificationStatus": "from-navigation-graph-unverified"
      },
      "geometry": {
        "type": "LineString",
        "coordinates": [
          [
            113.47715120191901,
            22.892130067624286
          ],
          [
            113.47725754975151,
            22.89224132919963
          ]
        ]
      }
    },
    {
      "type": "Feature",
      "id": "local/global-nav-indoor/link/edge_manual_1775650276340",
      "properties": {
        "featureClass": "indoorNetworkLink",
        "networkId": "global-nav-w-f3",
        "fromNodeId": "building_w_f3_1775650241541",
        "toNodeId": "building_w_f3_1775650242416",
        "level": "3",
        "highway": "corridor",
        "vertical": false,
        "outdoor": false,
        "modes": [
          "pedestrian",
          "robot"
        ],
        "robotValidated": true,
        "source": "global-nav-0408-gcj2wgs84",
        "verificationStatus": "from-navigation-graph-unverified"
      },
      "geometry": {
        "type": "LineString",
        "coordinates": [
          [
            113.47725754975151,
            22.89224132919963
          ],
          [
            113.47743011711638,
            22.892383769432058
          ]
        ]
      }
    },
    {
      "type": "Feature",
      "id": "local/global-nav-indoor/link/edge_manual_1775650562610",
      "properties": {
        "featureClass": "indoorNetworkLink",
        "networkId": "global-nav-core-f3",
        "fromNodeId": "building_core_f3_1775650459458",
        "toNodeId": "building_core_f3_1775650460094",
        "level": "3",
        "highway": "corridor",
        "vertical": false,
        "outdoor": true,
        "modes": [
          "pedestrian",
          "robot"
        ],
        "robotValidated": true,
        "source": "global-nav-0408-gcj2wgs84",
        "verificationStatus": "from-navigation-graph-unverified"
      },
      "geometry": {
        "type": "LineString",
        "coordinates": [
          [
            113.477060931771,
            22.891661997168864
          ],
          [
            113.47715023319178,
            22.89161327432212
          ]
        ]
      }
    },
    {
      "type": "Feature",
      "id": "local/global-nav-indoor/link/edge_manual_1775650565359",
      "properties": {
        "featureClass": "indoorNetworkLink",
        "networkId": "global-nav-core-f3",
        "fromNodeId": "building_core_f3_1775650458593",
        "toNodeId": "building_core_f3_1775650460094",
        "level": "3",
        "highway": "corridor",
        "vertical": false,
        "outdoor": true,
        "modes": [
          "pedestrian",
          "robot"
        ],
        "robotValidated": true,
        "source": "global-nav-0408-gcj2wgs84",
        "verificationStatus": "from-navigation-graph-unverified"
      },
      "geometry": {
        "type": "LineString",
        "coordinates": [
          [
            113.47717933445244,
            22.891552382905203
          ],
          [
            113.47715023319178,
            22.89161327432212
          ]
        ]
      }
    },
    {
      "type": "Feature",
      "id": "local/global-nav-indoor/link/edge_manual_1775650566872",
      "properties": {
        "featureClass": "indoorNetworkLink",
        "networkId": "global-nav-core-f3",
        "fromNodeId": "building_core_f3_1775650458593",
        "toNodeId": "building_core_f3_1775650457446",
        "level": "3",
        "highway": "corridor",
        "vertical": false,
        "outdoor": true,
        "modes": [
          "pedestrian",
          "robot"
        ],
        "robotValidated": true,
        "source": "global-nav-0408-gcj2wgs84",
        "verificationStatus": "from-navigation-graph-unverified"
      },
      "geometry": {
        "type": "LineString",
        "coordinates": [
          [
            113.47717933445244,
            22.891552382905203
          ],
          [
            113.47712716483768,
            22.891483260501563
          ]
        ]
      }
    },
    {
      "type": "Feature",
      "id": "local/global-nav-indoor/link/edge_manual_1775650567834",
      "properties": {
        "featureClass": "indoorNetworkLink",
        "networkId": "global-nav-core-f3",
        "fromNodeId": "building_core_f3_1775650457446",
        "toNodeId": "building_core_f3_1775650456994",
        "level": "3",
        "highway": "corridor",
        "vertical": false,
        "outdoor": true,
        "modes": [
          "pedestrian",
          "robot"
        ],
        "robotValidated": true,
        "source": "global-nav-0408-gcj2wgs84",
        "verificationStatus": "from-navigation-graph-unverified"
      },
      "geometry": {
        "type": "LineString",
        "coordinates": [
          [
            113.47712716483768,
            22.891483260501563
          ],
          [
            113.47709305569418,
            22.891412190976467
          ]
        ]
      }
    },
    {
      "type": "Feature",
      "id": "local/global-nav-indoor/link/edge_manual_1775650568602",
      "properties": {
        "featureClass": "indoorNetworkLink",
        "networkId": "global-nav-core-f3",
        "fromNodeId": "building_core_f3_1775650456994",
        "toNodeId": "building_core_f3_1775650456539",
        "level": "3",
        "highway": "corridor",
        "vertical": false,
        "outdoor": true,
        "modes": [
          "pedestrian",
          "robot"
        ],
        "robotValidated": true,
        "source": "global-nav-0408-gcj2wgs84",
        "verificationStatus": "from-navigation-graph-unverified"
      },
      "geometry": {
        "type": "LineString",
        "coordinates": [
          [
            113.47709305569418,
            22.891412190976467
          ],
          [
            113.47710510011042,
            22.891349251192413
          ]
        ]
      }
    },
    {
      "type": "Feature",
      "id": "local/global-nav-indoor/link/edge_manual_1775650569437",
      "properties": {
        "featureClass": "indoorNetworkLink",
        "networkId": "global-nav-core-f3",
        "fromNodeId": "building_core_f3_1775650456539",
        "toNodeId": "building_core_f3_1775650455880",
        "level": "3",
        "highway": "corridor",
        "vertical": false,
        "outdoor": true,
        "modes": [
          "pedestrian",
          "robot"
        ],
        "robotValidated": true,
        "source": "global-nav-0408-gcj2wgs84",
        "verificationStatus": "from-navigation-graph-unverified"
      },
      "geometry": {
        "type": "LineString",
        "coordinates": [
          [
            113.47710510011042,
            22.891349251192413
          ],
          [
            113.47710309856738,
            22.891272276606184
          ]
        ]
      }
    },
    {
      "type": "Feature",
      "id": "local/global-nav-indoor/link/edge_manual_1775650570483",
      "properties": {
        "featureClass": "indoorNetworkLink",
        "networkId": "global-nav-core-f3",
        "fromNodeId": "building_core_f3_1775650455880",
        "toNodeId": "building_core_f3_1775650454731",
        "level": "3",
        "highway": "corridor",
        "vertical": false,
        "outdoor": true,
        "modes": [
          "pedestrian",
          "robot"
        ],
        "robotValidated": true,
        "source": "global-nav-0408-gcj2wgs84",
        "verificationStatus": "from-navigation-graph-unverified"
      },
      "geometry": {
        "type": "LineString",
        "coordinates": [
          [
            113.47710309856738,
            22.891272276606184
          ],
          [
            113.47704189754121,
            22.89122312013785
          ]
        ]
      }
    },
    {
      "type": "Feature",
      "id": "local/global-nav-indoor/link/edge_manual_1775650571547",
      "properties": {
        "featureClass": "indoorNetworkLink",
        "networkId": "global-nav-core-f3",
        "fromNodeId": "building_core_f3_1775650453753",
        "toNodeId": "building_core_f3_1775650454731",
        "level": "3",
        "highway": "corridor",
        "vertical": false,
        "outdoor": true,
        "modes": [
          "pedestrian",
          "robot"
        ],
        "robotValidated": true,
        "source": "global-nav-0408-gcj2wgs84",
        "verificationStatus": "from-navigation-graph-unverified"
      },
      "geometry": {
        "type": "LineString",
        "coordinates": [
          [
            113.47698871740077,
            22.89126295078236
          ],
          [
            113.47704189754121,
            22.89122312013785
          ]
        ]
      }
    },
    {
      "type": "Feature",
      "id": "local/global-nav-indoor/link/edge_manual_1775650572815",
      "properties": {
        "featureClass": "indoorNetworkLink",
        "networkId": "global-nav-core-f3",
        "fromNodeId": "building_core_f3_1775650452709",
        "toNodeId": "building_core_f3_1775650453753",
        "level": "3",
        "highway": "corridor",
        "vertical": false,
        "outdoor": true,
        "modes": [
          "pedestrian",
          "robot"
        ],
        "robotValidated": true,
        "source": "global-nav-0408-gcj2wgs84",
        "verificationStatus": "from-navigation-graph-unverified"
      },
      "geometry": {
        "type": "LineString",
        "coordinates": [
          [
            113.47690042124661,
            22.891286686860663
          ],
          [
            113.47698871740077,
            22.89126295078236
          ]
        ]
      }
    },
    {
      "type": "Feature",
      "id": "local/global-nav-indoor/link/edge_manual_1775650574317",
      "properties": {
        "featureClass": "indoorNetworkLink",
        "networkId": "global-nav-core-f3",
        "fromNodeId": "building_core_f3_1775650455880",
        "toNodeId": "building_core_f3_1775650466954",
        "level": "3",
        "highway": "corridor",
        "vertical": false,
        "outdoor": true,
        "modes": [
          "pedestrian",
          "robot"
        ],
        "robotValidated": true,
        "source": "global-nav-0408-gcj2wgs84",
        "verificationStatus": "from-navigation-graph-unverified"
      },
      "geometry": {
        "type": "LineString",
        "coordinates": [
          [
            113.47710309856738,
            22.891272276606184
          ],
          [
            113.4771352079136,
            22.89124038208629
          ]
        ]
      }
    },
    {
      "type": "Feature",
      "id": "local/global-nav-indoor/link/edge_manual_1775650575119",
      "properties": {
        "featureClass": "indoorNetworkLink",
        "networkId": "global-nav-core-f3",
        "fromNodeId": "building_core_f3_1775650466954",
        "toNodeId": "building_core_f3_1775650466434",
        "level": "3",
        "highway": "corridor",
        "vertical": false,
        "outdoor": true,
        "modes": [
          "pedestrian",
          "robot"
        ],
        "robotValidated": true,
        "source": "global-nav-0408-gcj2wgs84",
        "verificationStatus": "from-navigation-graph-unverified"
      },
      "geometry": {
        "type": "LineString",
        "coordinates": [
          [
            113.4771352079136,
            22.89124038208629
          ],
          [
            113.47720945682525,
            22.891226601758515
          ]
        ]
      }
    },
    {
      "type": "Feature",
      "id": "local/global-nav-indoor/link/edge_manual_1775650576285",
      "properties": {
        "featureClass": "indoorNetworkLink",
        "networkId": "global-nav-core-f3",
        "fromNodeId": "building_core_f3_1775650466434",
        "toNodeId": "building_core_f3_1775650465915",
        "level": "3",
        "highway": "corridor",
        "vertical": false,
        "outdoor": true,
        "modes": [
          "pedestrian",
          "robot"
        ],
        "robotValidated": true,
        "source": "global-nav-0408-gcj2wgs84",
        "verificationStatus": "from-navigation-graph-unverified"
      },
      "geometry": {
        "type": "LineString",
        "coordinates": [
          [
            113.47720945682525,
            22.891226601758515
          ],
          [
            113.47730176377361,
            22.89124885901064
          ]
        ]
      }
    },
    {
      "type": "Feature",
      "id": "local/global-nav-indoor/link/edge_manual_1775650577270",
      "properties": {
        "featureClass": "indoorNetworkLink",
        "networkId": "global-nav-core-f3",
        "fromNodeId": "building_core_f3_1775650465915",
        "toNodeId": "building_core_f3_1775650465248",
        "level": "3",
        "highway": "corridor",
        "vertical": false,
        "outdoor": true,
        "modes": [
          "pedestrian",
          "robot"
        ],
        "robotValidated": true,
        "source": "global-nav-0408-gcj2wgs84",
        "verificationStatus": "from-navigation-graph-unverified"
      },
      "geometry": {
        "type": "LineString",
        "coordinates": [
          [
            113.47730176377361,
            22.89124885901064
          ],
          [
            113.477356941595,
            22.89134797808025
          ]
        ]
      }
    },
    {
      "type": "Feature",
      "id": "local/global-nav-indoor/link/edge_manual_1775650578565",
      "properties": {
        "featureClass": "indoorNetworkLink",
        "networkId": "global-nav-core-f3",
        "fromNodeId": "building_core_f3_1775650465248",
        "toNodeId": "building_core_f3_1775650464782",
        "level": "3",
        "highway": "corridor",
        "vertical": false,
        "outdoor": true,
        "modes": [
          "pedestrian",
          "robot"
        ],
        "robotValidated": true,
        "source": "global-nav-0408-gcj2wgs84",
        "verificationStatus": "from-navigation-graph-unverified"
      },
      "geometry": {
        "type": "LineString",
        "coordinates": [
          [
            113.477356941595,
            22.89134797808025
          ],
          [
            113.47736797480832,
            22.891402987636734
          ]
        ]
      }
    },
    {
      "type": "Feature",
      "id": "local/global-nav-indoor/link/edge_manual_1775650579567",
      "properties": {
        "featureClass": "indoorNetworkLink",
        "networkId": "global-nav-core-f3",
        "fromNodeId": "building_core_f3_1775650464782",
        "toNodeId": "building_core_f3_1775650464145",
        "level": "3",
        "highway": "corridor",
        "vertical": false,
        "outdoor": true,
        "modes": [
          "pedestrian",
          "robot"
        ],
        "robotValidated": true,
        "source": "global-nav-0408-gcj2wgs84",
        "verificationStatus": "from-navigation-graph-unverified"
      },
      "geometry": {
        "type": "LineString",
        "coordinates": [
          [
            113.47736797480832,
            22.891402987636734
          ],
          [
            113.47735994335393,
            22.891471936521153
          ]
        ]
      }
    },
    {
      "type": "Feature",
      "id": "local/global-nav-indoor/link/edge_manual_1775650581274",
      "properties": {
        "featureClass": "indoorNetworkLink",
        "networkId": "global-nav-core-f3",
        "fromNodeId": "building_core_f3_1775650463617",
        "toNodeId": "building_core_f3_1775650462962",
        "level": "3",
        "highway": "corridor",
        "vertical": false,
        "outdoor": true,
        "modes": [
          "pedestrian",
          "robot"
        ],
        "robotValidated": true,
        "source": "global-nav-0408-gcj2wgs84",
        "verificationStatus": "from-navigation-graph-unverified"
      },
      "geometry": {
        "type": "LineString",
        "coordinates": [
          [
            113.47731478995563,
            22.891508791286576
          ],
          [
            113.47723652569523,
            22.8915495489884
          ]
        ]
      }
    },
    {
      "type": "Feature",
      "id": "local/global-nav-indoor/link/edge_manual_1775650582256",
      "properties": {
        "featureClass": "indoorNetworkLink",
        "networkId": "global-nav-core-f3",
        "fromNodeId": "building_core_f3_1775650462962",
        "toNodeId": "building_core_f3_1775650458593",
        "level": "3",
        "highway": "corridor",
        "vertical": false,
        "outdoor": true,
        "modes": [
          "pedestrian",
          "robot"
        ],
        "robotValidated": true,
        "source": "global-nav-0408-gcj2wgs84",
        "verificationStatus": "from-navigation-graph-unverified"
      },
      "geometry": {
        "type": "LineString",
        "coordinates": [
          [
            113.47723652569523,
            22.8915495489884
          ],
          [
            113.47717933445244,
            22.891552382905203
          ]
        ]
      }
    },
    {
      "type": "Feature",
      "id": "local/global-nav-indoor/link/edge_manual_1775650583675",
      "properties": {
        "featureClass": "indoorNetworkLink",
        "networkId": "global-nav-core-f3",
        "fromNodeId": "building_core_f3_1775650463617",
        "toNodeId": "building_core_f3_1775650464145",
        "level": "3",
        "highway": "corridor",
        "vertical": false,
        "outdoor": true,
        "modes": [
          "pedestrian",
          "robot"
        ],
        "robotValidated": true,
        "source": "global-nav-0408-gcj2wgs84",
        "verificationStatus": "from-navigation-graph-unverified"
      },
      "geometry": {
        "type": "LineString",
        "coordinates": [
          [
            113.47731478995563,
            22.891508791286576
          ],
          [
            113.47735994335393,
            22.891471936521153
          ]
        ]
      }
    },
    {
      "type": "Feature",
      "id": "local/global-nav-indoor/link/edge_manual_1775650585254",
      "properties": {
        "featureClass": "indoorNetworkLink",
        "networkId": "global-nav-core-f3",
        "fromNodeId": "building_core_f3_1775650465915",
        "toNodeId": "building_core_f3_1775650475783",
        "level": "3",
        "highway": "corridor",
        "vertical": false,
        "outdoor": true,
        "modes": [
          "pedestrian",
          "robot"
        ],
        "robotValidated": true,
        "source": "global-nav-0408-gcj2wgs84",
        "verificationStatus": "from-navigation-graph-unverified"
      },
      "geometry": {
        "type": "LineString",
        "coordinates": [
          [
            113.47730176377361,
            22.89124885901064
          ],
          [
            113.47736497626317,
            22.891231048636946
          ]
        ]
      }
    },
    {
      "type": "Feature",
      "id": "local/global-nav-indoor/link/edge_manual_1775650587705",
      "properties": {
        "featureClass": "indoorNetworkLink",
        "networkId": "global-nav-core-f3",
        "fromNodeId": "building_core_f3_1775650475783",
        "toNodeId": "building_core_f3_1775650476342",
        "level": "3",
        "highway": "corridor",
        "vertical": false,
        "outdoor": true,
        "modes": [
          "pedestrian",
          "robot"
        ],
        "robotValidated": true,
        "source": "global-nav-0408-gcj2wgs84",
        "verificationStatus": "from-navigation-graph-unverified"
      },
      "geometry": {
        "type": "LineString",
        "coordinates": [
          [
            113.47736497626317,
            22.891231048636946
          ],
          [
            113.47745628304249,
            22.891209321020494
          ]
        ]
      }
    },
    {
      "type": "Feature",
      "id": "local/global-nav-indoor/link/edge_manual_1775650589019",
      "properties": {
        "featureClass": "indoorNetworkLink",
        "networkId": "global-nav-core-f3",
        "fromNodeId": "building_core_f3_1775650476342",
        "toNodeId": "building_core_f3_1775650477917",
        "level": "3",
        "highway": "corridor",
        "vertical": false,
        "outdoor": true,
        "modes": [
          "pedestrian",
          "robot"
        ],
        "robotValidated": true,
        "source": "global-nav-0408-gcj2wgs84",
        "verificationStatus": "from-navigation-graph-unverified"
      },
      "geometry": {
        "type": "LineString",
        "coordinates": [
          [
            113.47745628304249,
            22.891209321020494
          ],
          [
            113.4774964206349,
            22.891159457123162
          ]
        ]
      }
    },
    {
      "type": "Feature",
      "id": "local/global-nav-indoor/link/edge_manual_1775650589972",
      "properties": {
        "featureClass": "indoorNetworkLink",
        "networkId": "global-nav-core-f3",
        "fromNodeId": "building_core_f3_1775650477917",
        "toNodeId": "building_core_f3_1775650478414",
        "level": "3",
        "highway": "corridor",
        "vertical": false,
        "outdoor": true,
        "modes": [
          "pedestrian",
          "robot"
        ],
        "robotValidated": true,
        "source": "global-nav-0408-gcj2wgs84",
        "verificationStatus": "from-navigation-graph-unverified"
      },
      "geometry": {
        "type": "LineString",
        "coordinates": [
          [
            113.4774964206349,
            22.891159457123162
          ],
          [
            113.47749341552067,
            22.89108547840752
          ]
        ]
      }
    },
    {
      "type": "Feature",
      "id": "local/global-nav-indoor/link/edge_manual_1775650590881",
      "properties": {
        "featureClass": "indoorNetworkLink",
        "networkId": "global-nav-core-f3",
        "fromNodeId": "building_core_f3_1775650478414",
        "toNodeId": "building_core_f3_1775650478888",
        "level": "3",
        "highway": "corridor",
        "vertical": false,
        "outdoor": true,
        "modes": [
          "pedestrian",
          "robot"
        ],
        "robotValidated": true,
        "source": "global-nav-0408-gcj2wgs84",
        "verificationStatus": "from-navigation-graph-unverified"
      },
      "geometry": {
        "type": "LineString",
        "coordinates": [
          [
            113.47749341552067,
            22.89108547840752
          ],
          [
            113.47754960638402,
            22.891042658047258
          ]
        ]
      }
    },
    {
      "type": "Feature",
      "id": "local/global-nav-indoor/link/edge_manual_1775650591769",
      "properties": {
        "featureClass": "indoorNetworkLink",
        "networkId": "global-nav-core-f3",
        "fromNodeId": "building_core_f3_1775650478888",
        "toNodeId": "building_core_f3_1775650482770",
        "level": "3",
        "highway": "corridor",
        "vertical": false,
        "outdoor": true,
        "modes": [
          "pedestrian",
          "robot"
        ],
        "robotValidated": true,
        "source": "global-nav-0408-gcj2wgs84",
        "verificationStatus": "from-navigation-graph-unverified"
      },
      "geometry": {
        "type": "LineString",
        "coordinates": [
          [
            113.47754960638402,
            22.891042658047258
          ],
          [
            113.47760278735875,
            22.890997829846203
          ]
        ]
      }
    },
    {
      "type": "Feature",
      "id": "local/global-nav-indoor/link/edge_manual_1775650592875",
      "properties": {
        "featureClass": "indoorNetworkLink",
        "networkId": "global-nav-core-f3",
        "fromNodeId": "building_core_f3_1775650482770",
        "toNodeId": "building_core_f3_1775650484976",
        "level": "3",
        "highway": "corridor",
        "vertical": false,
        "outdoor": true,
        "modes": [
          "pedestrian",
          "robot"
        ],
        "robotValidated": true,
        "source": "global-nav-0408-gcj2wgs84",
        "verificationStatus": "from-navigation-graph-unverified"
      },
      "geometry": {
        "type": "LineString",
        "coordinates": [
          [
            113.47760278735875,
            22.890997829846203
          ],
          [
            113.47764794251223,
            22.890937984568733
          ]
        ]
      }
    },
    {
      "type": "Feature",
      "id": "local/global-nav-indoor/link/edge_manual_1775650601198",
      "properties": {
        "featureClass": "indoorNetworkLink",
        "networkId": "global-nav-core-f3",
        "fromNodeId": "building_core_f3_1775650478888",
        "toNodeId": "building_core_f3_1775650479543",
        "level": "3",
        "highway": "corridor",
        "vertical": false,
        "outdoor": true,
        "modes": [
          "pedestrian",
          "robot"
        ],
        "robotValidated": true,
        "source": "global-nav-0408-gcj2wgs84",
        "verificationStatus": "from-navigation-graph-unverified"
      },
      "geometry": {
        "type": "LineString",
        "coordinates": [
          [
            113.47754960638402,
            22.891042658047258
          ],
          [
            113.47763990573164,
            22.891085901440192
          ]
        ]
      }
    },
    {
      "type": "Feature",
      "id": "local/global-nav-indoor/link/edge_manual_1775650605323",
      "properties": {
        "featureClass": "indoorNetworkLink",
        "networkId": "global-nav-core-f3",
        "fromNodeId": "building_core_f3_1775650479543",
        "toNodeId": "building_core_f3_1775650479963",
        "level": "3",
        "highway": "corridor",
        "vertical": false,
        "outdoor": true,
        "modes": [
          "pedestrian",
          "robot"
        ],
        "robotValidated": true,
        "source": "global-nav-0408-gcj2wgs84",
        "verificationStatus": "from-navigation-graph-unverified"
      },
      "geometry": {
        "type": "LineString",
        "coordinates": [
          [
            113.47763990573164,
            22.891085901440192
          ],
          [
            113.47763588801126,
            22.89114986392313
          ]
        ]
      }
    },
    {
      "type": "Feature",
      "id": "local/global-nav-indoor/link/edge_manual_1775650606518",
      "properties": {
        "featureClass": "indoorNetworkLink",
        "networkId": "global-nav-core-f3",
        "fromNodeId": "building_core_f3_1775650479963",
        "toNodeId": "building_core_f3_1775650480444",
        "level": "3",
        "highway": "corridor",
        "vertical": false,
        "outdoor": true,
        "modes": [
          "pedestrian",
          "robot"
        ],
        "robotValidated": true,
        "source": "global-nav-0408-gcj2wgs84",
        "verificationStatus": "from-navigation-graph-unverified"
      },
      "geometry": {
        "type": "LineString",
        "coordinates": [
          [
            113.47763588801126,
            22.89114986392313
          ],
          [
            113.47754759069697,
            22.891176597976727
          ]
        ]
      }
    },
    {
      "type": "Feature",
      "id": "local/global-nav-indoor/link/edge_manual_1775650607893",
      "properties": {
        "featureClass": "indoorNetworkLink",
        "networkId": "global-nav-core-f3",
        "fromNodeId": "building_core_f3_1775650480444",
        "toNodeId": "building_core_f3_1775650477917",
        "level": "3",
        "highway": "corridor",
        "vertical": false,
        "outdoor": true,
        "modes": [
          "pedestrian",
          "robot"
        ],
        "robotValidated": true,
        "source": "global-nav-0408-gcj2wgs84",
        "verificationStatus": "from-navigation-graph-unverified"
      },
      "geometry": {
        "type": "LineString",
        "coordinates": [
          [
            113.47754759069697,
            22.891176597976727
          ],
          [
            113.4774964206349,
            22.891159457123162
          ]
        ]
      }
    },
    {
      "type": "Feature",
      "id": "local/global-nav-indoor/link/edge_manual_1775650609229",
      "properties": {
        "featureClass": "indoorNetworkLink",
        "networkId": "global-nav-core-f3",
        "fromNodeId": "building_core_f3_1775650496946",
        "toNodeId": "building_core_f3_1775650480444",
        "level": "3",
        "highway": "corridor",
        "vertical": false,
        "outdoor": true,
        "modes": [
          "pedestrian",
          "robot"
        ],
        "robotValidated": true,
        "source": "global-nav-0408-gcj2wgs84",
        "verificationStatus": "from-navigation-graph-unverified"
      },
      "geometry": {
        "type": "LineString",
        "coordinates": [
          [
            113.47757668465069,
            22.891227661342466
          ],
          [
            113.47754759069697,
            22.891176597976727
          ]
        ]
      }
    },
    {
      "type": "Feature",
      "id": "local/global-nav-indoor/link/edge_manual_1775650610569",
      "properties": {
        "featureClass": "indoorNetworkLink",
        "networkId": "global-nav-core-f3",
        "fromNodeId": "building_core_f3_1775650496946",
        "toNodeId": "building_core_f3_1775650496201",
        "level": "3",
        "highway": "corridor",
        "vertical": false,
        "outdoor": true,
        "modes": [
          "pedestrian",
          "robot"
        ],
        "robotValidated": true,
        "source": "global-nav-0408-gcj2wgs84",
        "verificationStatus": "from-navigation-graph-unverified"
      },
      "geometry": {
        "type": "LineString",
        "coordinates": [
          [
            113.47757668465069,
            22.891227661342466
          ],
          [
            113.47759173220702,
            22.89126968779383
          ]
        ]
      }
    },
    {
      "type": "Feature",
      "id": "local/global-nav-indoor/link/edge_manual_1775650613087",
      "properties": {
        "featureClass": "indoorNetworkLink",
        "networkId": "global-nav-core-f3",
        "fromNodeId": "building_core_f3_1775650496201",
        "toNodeId": "building_core_f3_1775650493797",
        "level": "3",
        "highway": "corridor",
        "vertical": false,
        "outdoor": true,
        "modes": [
          "pedestrian",
          "robot"
        ],
        "robotValidated": true,
        "source": "global-nav-0408-gcj2wgs84",
        "verificationStatus": "from-navigation-graph-unverified"
      },
      "geometry": {
        "type": "LineString",
        "coordinates": [
          [
            113.47759173220702,
            22.89126968779383
          ],
          [
            113.47761379986068,
            22.891362713871544
          ]
        ]
      }
    },
    {
      "type": "Feature",
      "id": "local/global-nav-indoor/link/edge_manual_1775650614144",
      "properties": {
        "featureClass": "indoorNetworkLink",
        "networkId": "global-nav-core-f3",
        "fromNodeId": "building_core_f3_1775650493797",
        "toNodeId": "building_core_f3_1775650492892",
        "level": "3",
        "highway": "corridor",
        "vertical": false,
        "outdoor": true,
        "modes": [
          "pedestrian",
          "robot"
        ],
        "robotValidated": true,
        "source": "global-nav-0408-gcj2wgs84",
        "verificationStatus": "from-navigation-graph-unverified"
      },
      "geometry": {
        "type": "LineString",
        "coordinates": [
          [
            113.47761379986068,
            22.891362713871544
          ],
          [
            113.47756764264662,
            22.891403563959752
          ]
        ]
      }
    },
    {
      "type": "Feature",
      "id": "local/global-nav-indoor/link/edge_manual_1775650615916",
      "properties": {
        "featureClass": "indoorNetworkLink",
        "networkId": "global-nav-core-f3",
        "fromNodeId": "building_core_f3_1775650491563",
        "toNodeId": "building_core_f3_1775650492892",
        "level": "3",
        "highway": "corridor",
        "vertical": false,
        "outdoor": true,
        "modes": [
          "pedestrian",
          "robot"
        ],
        "robotValidated": true,
        "source": "global-nav-0408-gcj2wgs84",
        "verificationStatus": "from-navigation-graph-unverified"
      },
      "geometry": {
        "type": "LineString",
        "coordinates": [
          [
            113.4774933939595,
            22.89140734796265
          ],
          [
            113.47756764264662,
            22.891403563959752
          ]
        ]
      }
    },
    {
      "type": "Feature",
      "id": "local/global-nav-indoor/link/edge_manual_1775650616901",
      "properties": {
        "featureClass": "indoorNetworkLink",
        "networkId": "global-nav-core-f3",
        "fromNodeId": "building_core_f3_1775650491563",
        "toNodeId": "building_core_f3_1775650490412",
        "level": "3",
        "highway": "corridor",
        "vertical": false,
        "outdoor": true,
        "modes": [
          "pedestrian",
          "robot"
        ],
        "robotValidated": true,
        "source": "global-nav-0408-gcj2wgs84",
        "verificationStatus": "from-navigation-graph-unverified"
      },
      "geometry": {
        "type": "LineString",
        "coordinates": [
          [
            113.4774933939595,
            22.89140734796265
          ],
          [
            113.47743921474718,
            22.89137720372983
          ]
        ]
      }
    },
    {
      "type": "Feature",
      "id": "local/global-nav-indoor/link/edge_manual_1775650617851",
      "properties": {
        "featureClass": "indoorNetworkLink",
        "networkId": "global-nav-core-f3",
        "fromNodeId": "building_core_f3_1775650490412",
        "toNodeId": "building_core_f3_1775650465248",
        "level": "3",
        "highway": "corridor",
        "vertical": false,
        "outdoor": true,
        "modes": [
          "pedestrian",
          "robot"
        ],
        "robotValidated": true,
        "source": "global-nav-0408-gcj2wgs84",
        "verificationStatus": "from-navigation-graph-unverified"
      },
      "geometry": {
        "type": "LineString",
        "coordinates": [
          [
            113.47743921474718,
            22.89137720372983
          ],
          [
            113.477356941595,
            22.89134797808025
          ]
        ]
      }
    },
    {
      "type": "Feature",
      "id": "local/global-nav-indoor/link/edge_manual_1775650623512",
      "properties": {
        "featureClass": "indoorNetworkLink",
        "networkId": "global-nav-core-f3",
        "fromNodeId": "building_core_f3_1775650492892",
        "toNodeId": "building_core_f3_1775650514618",
        "level": "3",
        "highway": "corridor",
        "vertical": false,
        "outdoor": true,
        "modes": [
          "pedestrian",
          "robot"
        ],
        "robotValidated": true,
        "source": "global-nav-0408-gcj2wgs84",
        "verificationStatus": "from-navigation-graph-unverified"
      },
      "geometry": {
        "type": "LineString",
        "coordinates": [
          [
            113.47756764264662,
            22.891403563959752
          ],
          [
            113.47760677099566,
            22.891442661170466
          ]
        ]
      }
    },
    {
      "type": "Feature",
      "id": "local/global-nav-indoor/link/edge_manual_1775650624739",
      "properties": {
        "featureClass": "indoorNetworkLink",
        "networkId": "global-nav-core-f3",
        "fromNodeId": "building_core_f3_1775650493797",
        "toNodeId": "building_core_f3_1775650498719",
        "level": "3",
        "highway": "corridor",
        "vertical": false,
        "outdoor": true,
        "modes": [
          "pedestrian",
          "robot"
        ],
        "robotValidated": true,
        "source": "global-nav-0408-gcj2wgs84",
        "verificationStatus": "from-navigation-graph-unverified"
      },
      "geometry": {
        "type": "LineString",
        "coordinates": [
          [
            113.47761379986068,
            22.891362713871544
          ],
          [
            113.47767199628267,
            22.891338891711175
          ]
        ]
      }
    },
    {
      "type": "Feature",
      "id": "local/global-nav-indoor/link/edge_manual_1775650625984",
      "properties": {
        "featureClass": "indoorNetworkLink",
        "networkId": "global-nav-core-f3",
        "fromNodeId": "building_core_f3_1775650498719",
        "toNodeId": "building_core_f3_1775650499932",
        "level": "3",
        "highway": "corridor",
        "vertical": false,
        "outdoor": true,
        "modes": [
          "pedestrian",
          "robot"
        ],
        "robotValidated": true,
        "source": "global-nav-0408-gcj2wgs84",
        "verificationStatus": "from-navigation-graph-unverified"
      },
      "geometry": {
        "type": "LineString",
        "coordinates": [
          [
            113.47767199628267,
            22.891338891711175
          ],
          [
            113.47773822024598,
            22.89130609644231
          ]
        ]
      }
    },
    {
      "type": "Feature",
      "id": "local/global-nav-indoor/link/edge_manual_1775650626878",
      "properties": {
        "featureClass": "indoorNetworkLink",
        "networkId": "global-nav-core-f3",
        "fromNodeId": "building_core_f3_1775650499932",
        "toNodeId": "building_core_f3_1775650499216",
        "level": "3",
        "highway": "corridor",
        "vertical": false,
        "outdoor": true,
        "modes": [
          "pedestrian",
          "robot"
        ],
        "robotValidated": true,
        "source": "global-nav-0408-gcj2wgs84",
        "verificationStatus": "from-navigation-graph-unverified"
      },
      "geometry": {
        "type": "LineString",
        "coordinates": [
          [
            113.47773822024598,
            22.89130609644231
          ],
          [
            113.47777133222111,
            22.891290198627868
          ]
        ]
      }
    },
    {
      "type": "Feature",
      "id": "local/global-nav-indoor/link/edge_manual_1775650627846",
      "properties": {
        "featureClass": "indoorNetworkLink",
        "networkId": "global-nav-core-f3",
        "fromNodeId": "building_core_f3_1775650499216",
        "toNodeId": "building_core_f3_1775650504734",
        "level": "3",
        "highway": "corridor",
        "vertical": false,
        "outdoor": true,
        "modes": [
          "pedestrian",
          "robot"
        ],
        "robotValidated": true,
        "source": "global-nav-0408-gcj2wgs84",
        "verificationStatus": "from-navigation-graph-unverified"
      },
      "geometry": {
        "type": "LineString",
        "coordinates": [
          [
            113.47777133222111,
            22.891290198627868
          ],
          [
            113.47784257403998,
            22.891243423627035
          ]
        ]
      }
    },
    {
      "type": "Feature",
      "id": "local/global-nav-indoor/link/edge_manual_1775650629031",
      "properties": {
        "featureClass": "indoorNetworkLink",
        "networkId": "global-nav-core-f3",
        "fromNodeId": "building_core_f3_1775650499932",
        "toNodeId": "building_core_f3_1775650525091",
        "level": "3",
        "highway": "corridor",
        "vertical": false,
        "outdoor": true,
        "modes": [
          "pedestrian",
          "robot"
        ],
        "robotValidated": true,
        "source": "global-nav-0408-gcj2wgs84",
        "verificationStatus": "from-navigation-graph-unverified"
      },
      "geometry": {
        "type": "LineString",
        "coordinates": [
          [
            113.47773822024598,
            22.89130609644231
          ],
          [
            113.47778637962499,
            22.891335223903187
          ]
        ]
      }
    },
    {
      "type": "Feature",
      "id": "local/global-nav-indoor/link/edge_manual_1775650629884",
      "properties": {
        "featureClass": "indoorNetworkLink",
        "networkId": "global-nav-core-f3",
        "fromNodeId": "building_core_f3_1775650525091",
        "toNodeId": "building_core_f3_1775650524646",
        "level": "3",
        "highway": "corridor",
        "vertical": false,
        "outdoor": true,
        "modes": [
          "pedestrian",
          "robot"
        ],
        "robotValidated": true,
        "source": "global-nav-0408-gcj2wgs84",
        "verificationStatus": "from-navigation-graph-unverified"
      },
      "geometry": {
        "type": "LineString",
        "coordinates": [
          [
            113.47778637962499,
            22.891335223903187
          ],
          [
            113.4778515953955,
            22.891376395856167
          ]
        ]
      }
    },
    {
      "type": "Feature",
      "id": "local/global-nav-indoor/link/edge_manual_1775650630854",
      "properties": {
        "featureClass": "indoorNetworkLink",
        "networkId": "global-nav-core-f3",
        "fromNodeId": "building_core_f3_1775650524646",
        "toNodeId": "building_core_f3_1775650524211",
        "level": "3",
        "highway": "corridor",
        "vertical": false,
        "outdoor": true,
        "modes": [
          "pedestrian",
          "robot"
        ],
        "robotValidated": true,
        "source": "global-nav-0408-gcj2wgs84",
        "verificationStatus": "from-navigation-graph-unverified"
      },
      "geometry": {
        "type": "LineString",
        "coordinates": [
          [
            113.4778515953955,
            22.891376395856167
          ],
          [
            113.47791379732924,
            22.8914745360634
          ]
        ]
      }
    },
    {
      "type": "Feature",
      "id": "local/global-nav-indoor/link/edge_manual_1775650631660",
      "properties": {
        "featureClass": "indoorNetworkLink",
        "networkId": "global-nav-core-f3",
        "fromNodeId": "building_core_f3_1775650524211",
        "toNodeId": "building_core_f3_1775650523780",
        "level": "3",
        "highway": "corridor",
        "vertical": false,
        "outdoor": true,
        "modes": [
          "pedestrian",
          "robot"
        ],
        "robotValidated": true,
        "source": "global-nav-0408-gcj2wgs84",
        "verificationStatus": "from-navigation-graph-unverified"
      },
      "geometry": {
        "type": "LineString",
        "coordinates": [
          [
            113.47791379732924,
            22.8914745360634
          ],
          [
            113.47792783872667,
            22.89155954225213
          ]
        ]
      }
    },
    {
      "type": "Feature",
      "id": "local/global-nav-indoor/link/edge_manual_1775650633763",
      "properties": {
        "featureClass": "indoorNetworkLink",
        "networkId": "global-nav-core-f3",
        "fromNodeId": "building_core_f3_1775650514618",
        "toNodeId": "building_core_f3_1775650513265",
        "level": "3",
        "highway": "corridor",
        "vertical": false,
        "outdoor": true,
        "modes": [
          "pedestrian",
          "robot"
        ],
        "robotValidated": true,
        "source": "global-nav-0408-gcj2wgs84",
        "verificationStatus": "from-navigation-graph-unverified"
      },
      "geometry": {
        "type": "LineString",
        "coordinates": [
          [
            113.47760677099566,
            22.891442661170466
          ],
          [
            113.47764389024177,
            22.891517738016553
          ]
        ]
      }
    },
    {
      "type": "Feature",
      "id": "local/global-nav-indoor/link/edge_manual_1775650635629",
      "properties": {
        "featureClass": "indoorNetworkLink",
        "networkId": "global-nav-core-f3",
        "fromNodeId": "building_core_f3_1775650513265",
        "toNodeId": "building_core_f3_1775650512861",
        "level": "3",
        "highway": "corridor",
        "vertical": false,
        "outdoor": true,
        "modes": [
          "pedestrian",
          "robot"
        ],
        "robotValidated": true,
        "source": "global-nav-0408-gcj2wgs84",
        "verificationStatus": "from-navigation-graph-unverified"
      },
      "geometry": {
        "type": "LineString",
        "coordinates": [
          [
            113.47764389024177,
            22.891517738016553
          ],
          [
            113.47769305103125,
            22.891574856963906
          ]
        ]
      }
    },
    {
      "type": "Feature",
      "id": "local/global-nav-indoor/link/edge_manual_1775650636811",
      "properties": {
        "featureClass": "indoorNetworkLink",
        "networkId": "global-nav-core-f3",
        "fromNodeId": "building_core_f3_1775650512861",
        "toNodeId": "building_core_f3_1775650512404",
        "level": "3",
        "highway": "corridor",
        "vertical": false,
        "outdoor": true,
        "modes": [
          "pedestrian",
          "robot"
        ],
        "robotValidated": true,
        "source": "global-nav-0408-gcj2wgs84",
        "verificationStatus": "from-navigation-graph-unverified"
      },
      "geometry": {
        "type": "LineString",
        "coordinates": [
          [
            113.47769305103125,
            22.891574856963906
          ],
          [
            113.47778435388763,
            22.89161910302124
          ]
        ]
      }
    },
    {
      "type": "Feature",
      "id": "local/global-nav-indoor/link/edge_manual_1775650637713",
      "properties": {
        "featureClass": "indoorNetworkLink",
        "networkId": "global-nav-core-f3",
        "fromNodeId": "building_core_f3_1775650512404",
        "toNodeId": "building_core_f3_1775650511987",
        "level": "3",
        "highway": "corridor",
        "vertical": false,
        "outdoor": true,
        "modes": [
          "pedestrian",
          "robot"
        ],
        "robotValidated": true,
        "source": "global-nav-0408-gcj2wgs84",
        "verificationStatus": "from-navigation-graph-unverified"
      },
      "geometry": {
        "type": "LineString",
        "coordinates": [
          [
            113.47778435388763,
            22.89161910302124
          ],
          [
            113.47788569057545,
            22.8916623786163
          ]
        ]
      }
    },
    {
      "type": "Feature",
      "id": "local/global-nav-indoor/link/edge_manual_1775650639555",
      "properties": {
        "featureClass": "indoorNetworkLink",
        "networkId": "global-nav-core-f3",
        "fromNodeId": "building_core_f3_1775650511987",
        "toNodeId": "building_core_f3_1775650510461",
        "level": "3",
        "highway": "corridor",
        "vertical": false,
        "outdoor": true,
        "modes": [
          "pedestrian",
          "robot"
        ],
        "robotValidated": true,
        "source": "global-nav-0408-gcj2wgs84",
        "verificationStatus": "from-navigation-graph-unverified"
      },
      "geometry": {
        "type": "LineString",
        "coordinates": [
          [
            113.47788569057545,
            22.8916623786163
          ],
          [
            113.47797800110058,
            22.891646652135105
          ]
        ]
      }
    },
    {
      "type": "Feature",
      "id": "local/global-nav-indoor/link/edge_manual_1775650640521",
      "properties": {
        "featureClass": "indoorNetworkLink",
        "networkId": "global-nav-core-f3",
        "fromNodeId": "building_core_f3_1775650510461",
        "toNodeId": "building_core_f3_1775650523780",
        "level": "3",
        "highway": "corridor",
        "vertical": false,
        "outdoor": true,
        "modes": [
          "pedestrian",
          "robot"
        ],
        "robotValidated": true,
        "source": "global-nav-0408-gcj2wgs84",
        "verificationStatus": "from-navigation-graph-unverified"
      },
      "geometry": {
        "type": "LineString",
        "coordinates": [
          [
            113.47797800110058,
            22.891646652135105
          ],
          [
            113.47792783872667,
            22.89155954225213
          ]
        ]
      }
    },
    {
      "type": "Feature",
      "id": "local/global-nav-indoor/link/edge_manual_1775650641683",
      "properties": {
        "featureClass": "indoorNetworkLink",
        "networkId": "global-nav-core-f3",
        "fromNodeId": "building_core_f3_1775650510461",
        "toNodeId": "building_core_f3_1775650510062",
        "level": "3",
        "highway": "corridor",
        "vertical": false,
        "outdoor": true,
        "modes": [
          "pedestrian",
          "robot"
        ],
        "robotValidated": true,
        "source": "global-nav-0408-gcj2wgs84",
        "verificationStatus": "from-navigation-graph-unverified"
      },
      "geometry": {
        "type": "LineString",
        "coordinates": [
          [
            113.47797800110058,
            22.891646652135105
          ],
          [
            113.47802013779945,
            22.891715746114354
          ]
        ]
      }
    },
    {
      "type": "Feature",
      "id": "local/global-nav-indoor/link/edge_manual_1775650643457",
      "properties": {
        "featureClass": "indoorNetworkLink",
        "networkId": "global-nav-core-f3",
        "fromNodeId": "building_core_f3_1775650510062",
        "toNodeId": "building_core_f3_1775650509513",
        "level": "3",
        "highway": "corridor",
        "vertical": false,
        "outdoor": true,
        "modes": [
          "pedestrian",
          "robot"
        ],
        "robotValidated": true,
        "source": "global-nav-0408-gcj2wgs84",
        "verificationStatus": "from-navigation-graph-unverified"
      },
      "geometry": {
        "type": "LineString",
        "coordinates": [
          [
            113.47802013779945,
            22.891715746114354
          ],
          [
            113.47801912767252,
            22.891816702270553
          ]
        ]
      }
    },
    {
      "type": "Feature",
      "id": "local/global-nav-indoor/link/edge_manual_1775650644560",
      "properties": {
        "featureClass": "indoorNetworkLink",
        "networkId": "global-nav-core-f3",
        "fromNodeId": "building_core_f3_1775650509513",
        "toNodeId": "building_core_f3_1775650508786",
        "level": "3",
        "highway": "corridor",
        "vertical": false,
        "outdoor": true,
        "modes": [
          "pedestrian",
          "robot"
        ],
        "robotValidated": true,
        "source": "global-nav-0408-gcj2wgs84",
        "verificationStatus": "from-navigation-graph-unverified"
      },
      "geometry": {
        "type": "LineString",
        "coordinates": [
          [
            113.47801912767252,
            22.891816702270553
          ],
          [
            113.47791879084708,
            22.891822409533077
          ]
        ]
      }
    },
    {
      "type": "Feature",
      "id": "local/global-nav-indoor/link/edge_manual_1775650645827",
      "properties": {
        "featureClass": "indoorNetworkLink",
        "networkId": "global-nav-core-f3",
        "fromNodeId": "building_core_f3_1775650508786",
        "toNodeId": "building_core_f3_1775650508300",
        "level": "3",
        "highway": "corridor",
        "vertical": false,
        "outdoor": true,
        "modes": [
          "pedestrian",
          "robot"
        ],
        "robotValidated": true,
        "source": "global-nav-0408-gcj2wgs84",
        "verificationStatus": "from-navigation-graph-unverified"
      },
      "geometry": {
        "type": "LineString",
        "coordinates": [
          [
            113.47791879084708,
            22.891822409533077
          ],
          [
            113.47790575335053,
            22.891729409501178
          ]
        ]
      }
    },
    {
      "type": "Feature",
      "id": "local/global-nav-indoor/link/edge_manual_1775650646981",
      "properties": {
        "featureClass": "indoorNetworkLink",
        "networkId": "global-nav-core-f3",
        "fromNodeId": "building_core_f3_1775650508300",
        "toNodeId": "building_core_f3_1775650511987",
        "level": "3",
        "highway": "corridor",
        "vertical": false,
        "outdoor": true,
        "modes": [
          "pedestrian",
          "robot"
        ],
        "robotValidated": true,
        "source": "global-nav-0408-gcj2wgs84",
        "verificationStatus": "from-navigation-graph-unverified"
      },
      "geometry": {
        "type": "LineString",
        "coordinates": [
          [
            113.47790575335053,
            22.891729409501178
          ],
          [
            113.47788569057545,
            22.8916623786163
          ]
        ]
      }
    },
    {
      "type": "Feature",
      "id": "local/global-nav-indoor/link/edge_manual_1775650648030",
      "properties": {
        "featureClass": "indoorNetworkLink",
        "networkId": "global-nav-core-f3",
        "fromNodeId": "building_core_f3_1775650510461",
        "toNodeId": "building_core_f3_1775650520414",
        "level": "3",
        "highway": "corridor",
        "vertical": false,
        "outdoor": true,
        "modes": [
          "pedestrian",
          "robot"
        ],
        "robotValidated": true,
        "source": "global-nav-0408-gcj2wgs84",
        "verificationStatus": "from-navigation-graph-unverified"
      },
      "geometry": {
        "type": "LineString",
        "coordinates": [
          [
            113.47797800110058,
            22.891646652135105
          ],
          [
            113.47801312221131,
            22.891596774018723
          ]
        ]
      }
    },
    {
      "type": "Feature",
      "id": "local/global-nav-indoor/link/edge_manual_1775650649370",
      "properties": {
        "featureClass": "indoorNetworkLink",
        "networkId": "global-nav-core-f3",
        "fromNodeId": "building_core_f3_1775650520414",
        "toNodeId": "building_core_f3_1775650521047",
        "level": "3",
        "highway": "corridor",
        "vertical": false,
        "outdoor": true,
        "modes": [
          "pedestrian",
          "robot"
        ],
        "robotValidated": true,
        "source": "global-nav-0408-gcj2wgs84",
        "verificationStatus": "from-navigation-graph-unverified"
      },
      "geometry": {
        "type": "LineString",
        "coordinates": [
          [
            113.47801312221131,
            22.891596774018723
          ],
          [
            113.478096404169,
            22.891558030874453
          ]
        ]
      }
    },
    {
      "type": "Feature",
      "id": "local/global-nav-indoor/link/edge_manual_1775650659355",
      "properties": {
        "featureClass": "indoorNetworkLink",
        "networkId": "global-nav-core-f3",
        "fromNodeId": "building_core_f3_1775650512404",
        "toNodeId": "building_core_f3_1775650654307",
        "level": "3",
        "highway": "corridor",
        "vertical": false,
        "outdoor": true,
        "modes": [
          "pedestrian",
          "robot"
        ],
        "robotValidated": true,
        "source": "global-nav-0408-gcj2wgs84",
        "verificationStatus": "from-navigation-graph-unverified"
      },
      "geometry": {
        "type": "LineString",
        "coordinates": [
          [
            113.47778435388763,
            22.89161910302124
          ],
          [
            113.47782750292103,
            22.891552254908856
          ]
        ]
      }
    },
    {
      "type": "Feature",
      "id": "local/global-nav-indoor/link/edge_manual_1775650660524",
      "properties": {
        "featureClass": "indoorNetworkLink",
        "networkId": "global-nav-core-f3",
        "fromNodeId": "building_core_f3_1775650654307",
        "toNodeId": "building_core_f3_1775650523780",
        "level": "3",
        "highway": "corridor",
        "vertical": false,
        "outdoor": true,
        "modes": [
          "pedestrian",
          "robot"
        ],
        "robotValidated": true,
        "source": "global-nav-0408-gcj2wgs84",
        "verificationStatus": "from-navigation-graph-unverified"
      },
      "geometry": {
        "type": "LineString",
        "coordinates": [
          [
            113.47782750292103,
            22.891552254908856
          ],
          [
            113.47792783872667,
            22.89155954225213
          ]
        ]
      }
    },
    {
      "type": "Feature",
      "id": "local/global-nav-indoor/link/edge_manual_1775650730482",
      "properties": {
        "featureClass": "indoorNetworkLink",
        "networkId": "global-nav-core-f3",
        "fromNodeId": "building_core_f3_1775650504734",
        "toNodeId": "building_core_f3_1775650722674",
        "level": "3",
        "highway": "corridor",
        "vertical": false,
        "outdoor": true,
        "modes": [
          "pedestrian",
          "robot"
        ],
        "robotValidated": true,
        "source": "global-nav-0408-gcj2wgs84",
        "verificationStatus": "from-navigation-graph-unverified"
      },
      "geometry": {
        "type": "LineString",
        "coordinates": [
          [
            113.47784257403998,
            22.891243423627035
          ],
          [
            113.4779669956935,
            22.891174811447755
          ]
        ]
      }
    },
    {
      "type": "Feature",
      "id": "local/global-nav-indoor/link/edge_manual_1775650731894",
      "properties": {
        "featureClass": "indoorNetworkLink",
        "networkId": "global-nav-core-f3",
        "fromNodeId": "building_core_f3_1775650484976",
        "toNodeId": "building_core_f3_1775650721506",
        "level": "3",
        "highway": "corridor",
        "vertical": false,
        "outdoor": true,
        "modes": [
          "pedestrian",
          "robot"
        ],
        "robotValidated": true,
        "source": "global-nav-0408-gcj2wgs84",
        "verificationStatus": "from-navigation-graph-unverified"
      },
      "geometry": {
        "type": "LineString",
        "coordinates": [
          [
            113.47764794251223,
            22.890937984568733
          ],
          [
            113.47772921919461,
            22.890870246939404
          ]
        ]
      }
    },
    {
      "type": "Feature",
      "id": "local/global-nav-indoor/link/edge_manual_1775650845572",
      "properties": {
        "featureClass": "indoorNetworkLink",
        "networkId": "global-nav-core-f2",
        "fromNodeId": "building_core_f2_1775650830639",
        "toNodeId": "building_core_f2_1775648439050",
        "level": "2",
        "highway": "corridor",
        "vertical": false,
        "outdoor": false,
        "modes": [
          "pedestrian",
          "robot"
        ],
        "robotValidated": true,
        "source": "global-nav-0408-gcj2wgs84",
        "verificationStatus": "from-navigation-graph-unverified"
      },
      "geometry": {
        "type": "LineString",
        "coordinates": [
          [
            113.47784255221353,
            22.891569291537756
          ],
          [
            113.47779440008793,
            22.89143120821153
          ]
        ]
      }
    },
    {
      "type": "Feature",
      "id": "local/global-nav-indoor/link/edge_manual_1775650846806",
      "properties": {
        "featureClass": "indoorNetworkLink",
        "networkId": "global-nav-core-f2",
        "fromNodeId": "building_core_f2_1775650830639",
        "toNodeId": "building_core_f2_1775648440499",
        "level": "2",
        "highway": "corridor",
        "vertical": false,
        "outdoor": false,
        "modes": [
          "pedestrian",
          "robot"
        ],
        "robotValidated": true,
        "source": "global-nav-0408-gcj2wgs84",
        "verificationStatus": "from-navigation-graph-unverified"
      },
      "geometry": {
        "type": "LineString",
        "coordinates": [
          [
            113.47784255221353,
            22.891569291537756
          ],
          [
            113.47789271545504,
            22.89164240703591
          ]
        ]
      }
    },
    {
      "type": "Feature",
      "id": "local/global-nav-indoor/link/edge_manual_1775578976007",
      "properties": {
        "featureClass": "indoorNetworkLink",
        "networkId": "global-nav-cross",
        "fromNodeId": "building_e_f2_1775578874620",
        "toNodeId": "library_f2_1775578915949",
        "level": "2",
        "highway": "corridor",
        "vertical": false,
        "outdoor": false,
        "distanceMeters": 7.928,
        "modes": [
          "pedestrian",
          "robot"
        ],
        "robotValidated": true,
        "source": "global-nav-0408-gcj2wgs84",
        "verificationStatus": "from-navigation-graph-unverified"
      },
      "geometry": {
        "type": "LineString",
        "coordinates": [
          [
            113.4785278245138,
            22.891987107693595
          ],
          [
            113.47846661583314,
            22.892030912333073
          ]
        ]
      }
    },
    {
      "type": "Feature",
      "id": "local/global-nav-indoor/link/edge_manual_1775579075634",
      "properties": {
        "featureClass": "indoorNetworkLink",
        "networkId": "global-nav-cross",
        "fromNodeId": "building_e_f2_1775578776658",
        "toNodeId": "building_e_f2_1775578776658",
        "level": "2",
        "highway": "corridor",
        "vertical": false,
        "outdoor": false,
        "distanceMeters": 1,
        "modes": [
          "pedestrian",
          "robot"
        ],
        "robotValidated": true,
        "source": "global-nav-0408-gcj2wgs84",
        "verificationStatus": "from-navigation-graph-unverified"
      },
      "geometry": {
        "type": "LineString",
        "coordinates": [
          [
            113.47757774385063,
            22.890394001932755
          ],
          [
            113.47757774385063,
            22.890394001932755
          ]
        ]
      }
    },
    {
      "type": "Feature",
      "id": "local/global-nav-indoor/link/edge_manual_1775579252994",
      "properties": {
        "featureClass": "indoorNetworkLink",
        "networkId": "global-nav-cross",
        "fromNodeId": "library_f2_1775578927187",
        "toNodeId": "building_w_f2_1775579185080",
        "level": "2",
        "highway": "corridor",
        "vertical": false,
        "outdoor": false,
        "distanceMeters": 3.401,
        "modes": [
          "pedestrian",
          "robot"
        ],
        "robotValidated": true,
        "source": "global-nav-0408-gcj2wgs84",
        "verificationStatus": "from-navigation-graph-unverified"
      },
      "geometry": {
        "type": "LineString",
        "coordinates": [
          [
            113.47762074964814,
            22.892463287797895
          ],
          [
            113.4775906480289,
            22.892476195583296
          ]
        ]
      }
    },
    {
      "type": "Feature",
      "id": "local/global-nav-indoor/link/edge_manual_1775579478880",
      "properties": {
        "featureClass": "indoorNetworkLink",
        "networkId": "global-nav-cross",
        "fromNodeId": "building_w_f2_1775579213070",
        "toNodeId": "building_w_f2_1775579213070",
        "level": "2",
        "highway": "corridor",
        "vertical": false,
        "outdoor": false,
        "distanceMeters": 1,
        "modes": [
          "pedestrian",
          "robot"
        ],
        "robotValidated": true,
        "source": "global-nav-0408-gcj2wgs84",
        "verificationStatus": "from-navigation-graph-unverified"
      },
      "geometry": {
        "type": "LineString",
        "coordinates": [
          [
            113.47656934093037,
            22.89094187396104
          ],
          [
            113.47656934093037,
            22.89094187396104
          ]
        ]
      }
    },
    {
      "type": "Feature",
      "id": "local/global-nav-indoor/link/edge_manual_1775648542741",
      "properties": {
        "featureClass": "indoorNetworkLink",
        "networkId": "global-nav-cross",
        "fromNodeId": "building_core_f2_1775648360223",
        "toNodeId": "building_w_f2_1775648079202",
        "level": "2",
        "highway": "corridor",
        "vertical": false,
        "outdoor": false,
        "distanceMeters": 1,
        "modes": [
          "pedestrian",
          "robot"
        ],
        "robotValidated": true,
        "source": "global-nav-0408-gcj2wgs84",
        "verificationStatus": "from-navigation-graph-unverified"
      },
      "geometry": {
        "type": "LineString",
        "coordinates": [
          [
            113.47705290437585,
            22.891670970399186
          ],
          [
            113.47704387436964,
            22.89166894519869
          ]
        ]
      }
    },
    {
      "type": "Feature",
      "id": "local/global-nav-indoor/link/edge_manual_1775648561132",
      "properties": {
        "featureClass": "indoorNetworkLink",
        "networkId": "global-nav-cross",
        "fromNodeId": "building_core_f2_1775648375394",
        "toNodeId": "building_w_f2_1775648072061",
        "level": "2",
        "highway": "corridor",
        "vertical": false,
        "outdoor": false,
        "distanceMeters": 2.43,
        "modes": [
          "pedestrian",
          "robot"
        ],
        "robotValidated": true,
        "source": "global-nav-0408-gcj2wgs84",
        "verificationStatus": "from-navigation-graph-unverified"
      },
      "geometry": {
        "type": "LineString",
        "coordinates": [
          [
            113.47689440036504,
            22.891298664671478
          ],
          [
            113.47687533765982,
            22.89128561507079
          ]
        ]
      }
    },
    {
      "type": "Feature",
      "id": "local/global-nav-indoor/link/edge_manual_1775648578848",
      "properties": {
        "featureClass": "indoorNetworkLink",
        "networkId": "global-nav-cross",
        "fromNodeId": "building_core_f2_1775648445426",
        "toNodeId": "building_e_f2_1775647968182",
        "level": "2",
        "highway": "corridor",
        "vertical": false,
        "outdoor": false,
        "distanceMeters": 4.865,
        "modes": [
          "pedestrian",
          "robot"
        ],
        "robotValidated": true,
        "source": "global-nav-0408-gcj2wgs84",
        "verificationStatus": "from-navigation-graph-unverified"
      },
      "geometry": {
        "type": "LineString",
        "coordinates": [
          [
            113.4780994144688,
            22.891555040804636
          ],
          [
            113.47813854744219,
            22.891530164234513
          ]
        ]
      }
    },
    {
      "type": "Feature",
      "id": "local/global-nav-indoor/link/edge_manual_1775648594715",
      "properties": {
        "featureClass": "indoorNetworkLink",
        "networkId": "global-nav-cross",
        "fromNodeId": "building_core_f2_1775648413376",
        "toNodeId": "building_e_f2_1775647964268",
        "level": "2",
        "highway": "corridor",
        "vertical": false,
        "outdoor": false,
        "distanceMeters": 3.015,
        "modes": [
          "pedestrian",
          "robot"
        ],
        "robotValidated": true,
        "source": "global-nav-0408-gcj2wgs84",
        "verificationStatus": "from-navigation-graph-unverified"
      },
      "geometry": {
        "type": "LineString",
        "coordinates": [
          [
            113.47795796488086,
            22.89118278208046
          ],
          [
            113.47797803350396,
            22.891162848242747
          ]
        ]
      }
    },
    {
      "type": "Feature",
      "id": "local/global-nav-indoor/link/edge_manual_1775648610602",
      "properties": {
        "featureClass": "indoorNetworkLink",
        "networkId": "global-nav-cross",
        "fromNodeId": "building_core_f2_1775648388791",
        "toNodeId": "building_e_f2_1775647958468",
        "level": "2",
        "highway": "corridor",
        "vertical": false,
        "outdoor": false,
        "distanceMeters": 7.388,
        "modes": [
          "pedestrian",
          "robot"
        ],
        "robotValidated": true,
        "source": "global-nav-0408-gcj2wgs84",
        "verificationStatus": "from-navigation-graph-unverified"
      },
      "geometry": {
        "type": "LineString",
        "coordinates": [
          [
            113.47771316389212,
            22.89089319123156
          ],
          [
            113.4777693548916,
            22.89085137063422
          ]
        ]
      }
    },
    {
      "type": "Feature",
      "id": "local/global-nav-indoor/link/edge_manual_1775648750910",
      "properties": {
        "featureClass": "indoorNetworkLink",
        "networkId": "global-nav-cross",
        "fromNodeId": "building_core_f2_1775648444614",
        "toNodeId": "building_core_f2_1775648444614",
        "level": "2",
        "highway": "corridor",
        "vertical": true,
        "outdoor": false,
        "distanceMeters": 1,
        "modes": [
          "pedestrian"
        ],
        "robotValidated": false,
        "source": "global-nav-0408-gcj2wgs84",
        "verificationStatus": "from-navigation-graph-unverified"
      },
      "geometry": {
        "type": "LineString",
        "coordinates": [
          [
            113.47800810585541,
            22.891589762337485
          ],
          [
            113.47800810585541,
            22.891589762337485
          ]
        ]
      }
    },
    {
      "type": "Feature",
      "id": "local/global-nav-indoor/link/edge_manual_1775648771198",
      "properties": {
        "featureClass": "indoorNetworkLink",
        "networkId": "global-nav-cross",
        "fromNodeId": "building_core_f2_1775648386809",
        "toNodeId": "building_core_f2_1775648386809",
        "level": "2",
        "highway": "corridor",
        "vertical": true,
        "outdoor": false,
        "distanceMeters": 1,
        "modes": [
          "pedestrian"
        ],
        "robotValidated": false,
        "source": "global-nav-0408-gcj2wgs84",
        "verificationStatus": "from-navigation-graph-unverified"
      },
      "geometry": {
        "type": "LineString",
        "coordinates": [
          [
            113.47765295970893,
            22.890932001491798
          ],
          [
            113.47765295970893,
            22.890932001491798
          ]
        ]
      }
    },
    {
      "type": "Feature",
      "id": "local/global-nav-indoor/link/edge_manual_1775649061870",
      "properties": {
        "featureClass": "indoorNetworkLink",
        "networkId": "global-nav-cross",
        "fromNodeId": "building_e_f2_1775649043780",
        "toNodeId": "building_e_f2_1775649043780",
        "level": "2",
        "highway": "elevator",
        "vertical": true,
        "outdoor": false,
        "distanceMeters": 1,
        "modes": [
          "pedestrian",
          "robot"
        ],
        "robotValidated": true,
        "source": "global-nav-0408-gcj2wgs84",
        "verificationStatus": "from-navigation-graph-unverified"
      },
      "geometry": {
        "type": "LineString",
        "coordinates": [
          [
            113.47788776344849,
            22.890674784631543
          ],
          [
            113.47788776344849,
            22.890674784631543
          ]
        ]
      }
    },
    {
      "type": "Feature",
      "id": "local/global-nav-indoor/link/edge_manual_1775649081833",
      "properties": {
        "featureClass": "indoorNetworkLink",
        "networkId": "global-nav-cross",
        "fromNodeId": "building_e_f2_1775578870169",
        "toNodeId": "building_e_f2_1775578870169",
        "level": "2",
        "highway": "elevator",
        "vertical": true,
        "outdoor": false,
        "distanceMeters": 1,
        "modes": [
          "pedestrian",
          "robot"
        ],
        "robotValidated": true,
        "source": "global-nav-0408-gcj2wgs84",
        "verificationStatus": "from-navigation-graph-unverified"
      },
      "geometry": {
        "type": "LineString",
        "coordinates": [
          [
            113.47831816632093,
            22.89129278094516
          ],
          [
            113.47831816632093,
            22.89129278094516
          ]
        ]
      }
    },
    {
      "type": "Feature",
      "id": "local/global-nav-indoor/link/edge_manual_1775649301371",
      "properties": {
        "featureClass": "indoorNetworkLink",
        "networkId": "global-nav-cross",
        "fromNodeId": "building_e_f2_1775578873626",
        "toNodeId": "building_e_f2_1775578873626",
        "level": "2",
        "highway": "corridor",
        "vertical": true,
        "outdoor": false,
        "distanceMeters": 1,
        "modes": [
          "pedestrian"
        ],
        "robotValidated": false,
        "source": "global-nav-0408-gcj2wgs84",
        "verificationStatus": "from-navigation-graph-unverified"
      },
      "geometry": {
        "type": "LineString",
        "coordinates": [
          [
            113.47847566325319,
            22.891776041901018
          ],
          [
            113.47847566325319,
            22.891776041901018
          ]
        ]
      }
    },
    {
      "type": "Feature",
      "id": "local/global-nav-indoor/link/edge_manual_1775649352497",
      "properties": {
        "featureClass": "indoorNetworkLink",
        "networkId": "global-nav-cross",
        "fromNodeId": "building_e_f2_1775649320291",
        "toNodeId": "building_e_f2_1775649320291",
        "level": "2",
        "highway": "corridor",
        "vertical": true,
        "outdoor": false,
        "distanceMeters": 1,
        "modes": [
          "pedestrian"
        ],
        "robotValidated": false,
        "source": "global-nav-0408-gcj2wgs84",
        "verificationStatus": "from-navigation-graph-unverified"
      },
      "geometry": {
        "type": "LineString",
        "coordinates": [
          [
            113.47825094553072,
            22.89121861613228
          ],
          [
            113.47825094553072,
            22.89121861613228
          ]
        ]
      }
    },
    {
      "type": "Feature",
      "id": "local/global-nav-indoor/link/edge_manual_1775649360387",
      "properties": {
        "featureClass": "indoorNetworkLink",
        "networkId": "global-nav-cross",
        "fromNodeId": "building_e_f2_1775578867809",
        "toNodeId": "building_e_f2_1775578867809",
        "level": "2",
        "highway": "corridor",
        "vertical": true,
        "outdoor": false,
        "distanceMeters": 1,
        "modes": [
          "pedestrian"
        ],
        "robotValidated": false,
        "source": "global-nav-0408-gcj2wgs84",
        "verificationStatus": "from-navigation-graph-unverified"
      },
      "geometry": {
        "type": "LineString",
        "coordinates": [
          [
            113.4780422715518,
            22.89082417136634
          ],
          [
            113.4780422715518,
            22.89082417136634
          ]
        ]
      }
    },
    {
      "type": "Feature",
      "id": "local/global-nav-indoor/link/edge_manual_1775649365233",
      "properties": {
        "featureClass": "indoorNetworkLink",
        "networkId": "global-nav-cross",
        "fromNodeId": "building_e_f2_1775649333991",
        "toNodeId": "building_e_f2_1775649333991",
        "level": "2",
        "highway": "corridor",
        "vertical": true,
        "outdoor": false,
        "distanceMeters": 1,
        "modes": [
          "pedestrian"
        ],
        "robotValidated": false,
        "source": "global-nav-0408-gcj2wgs84",
        "verificationStatus": "from-navigation-graph-unverified"
      },
      "geometry": {
        "type": "LineString",
        "coordinates": [
          [
            113.4777312488132,
            22.890528391199613
          ],
          [
            113.4777312488132,
            22.890528391199613
          ]
        ]
      }
    },
    {
      "type": "Feature",
      "id": "local/global-nav-indoor/link/edge_manual_1775649574906",
      "properties": {
        "featureClass": "indoorNetworkLink",
        "networkId": "global-nav-cross",
        "fromNodeId": "building_w_f2_1775649520298",
        "toNodeId": "building_w_f2_1775649520298",
        "level": "2",
        "highway": "corridor",
        "vertical": true,
        "outdoor": false,
        "distanceMeters": 1,
        "modes": [
          "pedestrian"
        ],
        "robotValidated": false,
        "source": "global-nav-0408-gcj2wgs84",
        "verificationStatus": "from-navigation-graph-unverified"
      },
      "geometry": {
        "type": "LineString",
        "coordinates": [
          [
            113.47670678328834,
            22.89117317552883
          ],
          [
            113.47670678328834,
            22.89117317552883
          ]
        ]
      }
    },
    {
      "type": "Feature",
      "id": "local/global-nav-indoor/link/edge_manual_1775649583761",
      "properties": {
        "featureClass": "indoorNetworkLink",
        "networkId": "global-nav-cross",
        "fromNodeId": "building_w_f2_1775649522738",
        "toNodeId": "building_w_f2_1775649522738",
        "level": "2",
        "highway": "corridor",
        "vertical": true,
        "outdoor": false,
        "distanceMeters": 1,
        "modes": [
          "pedestrian"
        ],
        "robotValidated": false,
        "source": "global-nav-0408-gcj2wgs84",
        "verificationStatus": "from-navigation-graph-unverified"
      },
      "geometry": {
        "type": "LineString",
        "coordinates": [
          [
            113.4768873593942,
            22.891560538296115
          ],
          [
            113.4768873593942,
            22.891560538296115
          ]
        ]
      }
    },
    {
      "type": "Feature",
      "id": "local/global-nav-indoor/link/edge_manual_1775649591531",
      "properties": {
        "featureClass": "indoorNetworkLink",
        "networkId": "global-nav-cross",
        "fromNodeId": "building_w_f2_1775649533189",
        "toNodeId": "building_w_f2_1775649533189",
        "level": "2",
        "highway": "corridor",
        "vertical": true,
        "outdoor": false,
        "distanceMeters": 1,
        "modes": [
          "pedestrian"
        ],
        "robotValidated": false,
        "source": "global-nav-0408-gcj2wgs84",
        "verificationStatus": "from-navigation-graph-unverified"
      },
      "geometry": {
        "type": "LineString",
        "coordinates": [
          [
            113.47718733018853,
            22.892016217956787
          ],
          [
            113.47718733018853,
            22.892016217956787
          ]
        ]
      }
    },
    {
      "type": "Feature",
      "id": "local/global-nav-indoor/link/edge_manual_1775649611527",
      "properties": {
        "featureClass": "indoorNetworkLink",
        "networkId": "global-nav-cross",
        "fromNodeId": "building_w_f2_1775648074924",
        "toNodeId": "building_w_f2_1775648074924",
        "level": "2",
        "highway": "elevator",
        "vertical": true,
        "outdoor": false,
        "distanceMeters": 1,
        "modes": [
          "pedestrian",
          "robot"
        ],
        "robotValidated": true,
        "source": "global-nav-0408-gcj2wgs84",
        "verificationStatus": "from-navigation-graph-unverified"
      },
      "geometry": {
        "type": "LineString",
        "coordinates": [
          [
            113.47664958144466,
            22.891341942634778
          ],
          [
            113.47664958144466,
            22.891341942634778
          ]
        ]
      }
    },
    {
      "type": "Feature",
      "id": "local/global-nav-indoor/link/edge_manual_1775649633550",
      "properties": {
        "featureClass": "indoorNetworkLink",
        "networkId": "global-nav-cross",
        "fromNodeId": "building_w_f2_1775579191356",
        "toNodeId": "building_w_f2_1775579191356",
        "level": "2",
        "highway": "elevator",
        "vertical": true,
        "outdoor": false,
        "distanceMeters": 1,
        "modes": [
          "pedestrian",
          "robot"
        ],
        "robotValidated": true,
        "source": "global-nav-0408-gcj2wgs84",
        "verificationStatus": "from-navigation-graph-unverified"
      },
      "geometry": {
        "type": "LineString",
        "coordinates": [
          [
            113.47708498925064,
            22.892003927901126
          ],
          [
            113.47708498925064,
            22.892003927901126
          ]
        ]
      }
    },
    {
      "type": "Feature",
      "id": "local/global-nav-indoor/link/edge_manual_1775649920605",
      "properties": {
        "featureClass": "indoorNetworkLink",
        "networkId": "global-nav-cross",
        "fromNodeId": "building_e_f3_1775649765213",
        "toNodeId": "building_e_f2_1775649333991",
        "level": "3",
        "highway": "corridor",
        "vertical": true,
        "outdoor": false,
        "distanceMeters": 1.921,
        "modes": [
          "pedestrian"
        ],
        "robotValidated": false,
        "source": "global-nav-0408-gcj2wgs84",
        "verificationStatus": "from-navigation-graph-unverified"
      },
      "geometry": {
        "type": "LineString",
        "coordinates": [
          [
            113.47771519444765,
            22.890537341161927
          ],
          [
            113.4777312488132,
            22.890528391199613
          ]
        ]
      }
    },
    {
      "type": "Feature",
      "id": "local/global-nav-indoor/link/edge_manual_1775649932505",
      "properties": {
        "featureClass": "indoorNetworkLink",
        "networkId": "global-nav-cross",
        "fromNodeId": "building_e_f2_1775649320291",
        "toNodeId": "building_e_f3_1775649789583",
        "level": "2",
        "highway": "corridor",
        "vertical": true,
        "outdoor": false,
        "distanceMeters": 4.991,
        "modes": [
          "pedestrian"
        ],
        "robotValidated": false,
        "source": "global-nav-0408-gcj2wgs84",
        "verificationStatus": "from-navigation-graph-unverified"
      },
      "geometry": {
        "type": "LineString",
        "coordinates": [
          [
            113.47825094553072,
            22.89121861613228
          ],
          [
            113.47826900898278,
            22.891176685471905
          ]
        ]
      }
    },
    {
      "type": "Feature",
      "id": "local/global-nav-indoor/link/edge_manual_1775649942672",
      "properties": {
        "featureClass": "indoorNetworkLink",
        "networkId": "global-nav-cross",
        "fromNodeId": "building_e_f3_1775649810438",
        "toNodeId": "building_e_f2_1775578873626",
        "level": "3",
        "highway": "corridor",
        "vertical": true,
        "outdoor": false,
        "distanceMeters": 2.256,
        "modes": [
          "pedestrian"
        ],
        "robotValidated": false,
        "source": "global-nav-0408-gcj2wgs84",
        "verificationStatus": "from-navigation-graph-unverified"
      },
      "geometry": {
        "type": "LineString",
        "coordinates": [
          [
            113.47845960836025,
            22.891789989669615
          ],
          [
            113.47847566325319,
            22.891776041901018
          ]
        ]
      }
    },
    {
      "type": "Feature",
      "id": "local/global-nav-indoor/connector/edge_manual_1775649955409",
      "properties": {
        "featureClass": "indoorVerticalConnector",
        "networkId": "global-nav-cross",
        "nodeId": "global-nav-el-1",
        "name": "楼内电梯",
        "levels": [
          "2",
          "3"
        ],
        "defaultLevel": "2",
        "modes": [
          "pedestrian",
          "robot"
        ],
        "robotValidated": true,
        "source": "global-nav-0408-gcj2wgs84",
        "verificationStatus": "from-navigation-graph-unverified"
      },
      "geometry": {
        "type": "Point",
        "coordinates": [
          113.47831666163437,
          22.891287278811717
        ]
      }
    },
    {
      "type": "Feature",
      "id": "local/global-nav-indoor/link/edge_manual_1775649955409-el-2f",
      "properties": {
        "featureClass": "indoorNetworkLink",
        "networkId": "global-nav-cross",
        "fromNodeId": "global-nav-el-1-2f",
        "toNodeId": "building_e_f2_1775578870169",
        "level": "2",
        "highway": "corridor",
        "vertical": false,
        "outdoor": false,
        "distanceMeters": 1,
        "modes": [
          "pedestrian",
          "robot"
        ],
        "robotValidated": true,
        "source": "global-nav-0408-gcj2wgs84",
        "verificationStatus": "from-navigation-graph-unverified"
      },
      "geometry": {
        "type": "LineString",
        "coordinates": [
          [
            113.47831666163437,
            22.891287278811717
          ],
          [
            113.47831816632093,
            22.89129278094516
          ]
        ]
      }
    },
    {
      "type": "Feature",
      "id": "local/global-nav-indoor/link/edge_manual_1775649955409-el-3f",
      "properties": {
        "featureClass": "indoorNetworkLink",
        "networkId": "global-nav-cross",
        "fromNodeId": "global-nav-el-1-3f",
        "toNodeId": "building_e_f3_1775649791672",
        "level": "3",
        "highway": "corridor",
        "vertical": false,
        "outdoor": false,
        "distanceMeters": 1,
        "modes": [
          "pedestrian",
          "robot"
        ],
        "robotValidated": true,
        "source": "global-nav-0408-gcj2wgs84",
        "verificationStatus": "from-navigation-graph-unverified"
      },
      "geometry": {
        "type": "LineString",
        "coordinates": [
          [
            113.47831666163437,
            22.891287278811717
          ],
          [
            113.4783151569478,
            22.891281776678273
          ]
        ]
      }
    },
    {
      "type": "Feature",
      "id": "local/global-nav-indoor/connector/edge_manual_1775650137385",
      "properties": {
        "featureClass": "indoorVerticalConnector",
        "networkId": "global-nav-cross",
        "nodeId": "global-nav-el-2",
        "name": "楼内电梯",
        "levels": [
          "2",
          "3"
        ],
        "defaultLevel": "2",
        "modes": [
          "pedestrian",
          "robot"
        ],
        "robotValidated": true,
        "source": "global-nav-0408-gcj2wgs84",
        "verificationStatus": "from-navigation-graph-unverified"
      },
      "geometry": {
        "type": "Point",
        "coordinates": [
          113.47787522174971,
          22.890669750383665
        ]
      }
    },
    {
      "type": "Feature",
      "id": "local/global-nav-indoor/link/edge_manual_1775650137385-el-2f",
      "properties": {
        "featureClass": "indoorNetworkLink",
        "networkId": "global-nav-cross",
        "fromNodeId": "global-nav-el-2-2f",
        "toNodeId": "building_e_f3_1775650120916",
        "level": "2",
        "highway": "corridor",
        "vertical": false,
        "outdoor": false,
        "distanceMeters": 1.401,
        "modes": [
          "pedestrian",
          "robot"
        ],
        "robotValidated": true,
        "source": "global-nav-0408-gcj2wgs84",
        "verificationStatus": "from-navigation-graph-unverified"
      },
      "geometry": {
        "type": "LineString",
        "coordinates": [
          [
            113.47787522174971,
            22.890669750383665
          ],
          [
            113.47786268005095,
            22.890664716135785
          ]
        ]
      }
    },
    {
      "type": "Feature",
      "id": "local/global-nav-indoor/link/edge_manual_1775650137385-el-3f",
      "properties": {
        "featureClass": "indoorNetworkLink",
        "networkId": "global-nav-cross",
        "fromNodeId": "global-nav-el-2-3f",
        "toNodeId": "building_e_f2_1775649043780",
        "level": "3",
        "highway": "corridor",
        "vertical": false,
        "outdoor": false,
        "distanceMeters": 1.401,
        "modes": [
          "pedestrian",
          "robot"
        ],
        "robotValidated": true,
        "source": "global-nav-0408-gcj2wgs84",
        "verificationStatus": "from-navigation-graph-unverified"
      },
      "geometry": {
        "type": "LineString",
        "coordinates": [
          [
            113.47787522174971,
            22.890669750383665
          ],
          [
            113.47788776344849,
            22.890674784631543
          ]
        ]
      }
    },
    {
      "type": "Feature",
      "id": "local/global-nav-indoor/connector/edge_manual_1775650292755",
      "properties": {
        "featureClass": "indoorVerticalConnector",
        "networkId": "global-nav-cross",
        "nodeId": "global-nav-el-3",
        "name": "楼内电梯",
        "levels": [
          "2",
          "3"
        ],
        "defaultLevel": "2",
        "modes": [
          "pedestrian",
          "robot"
        ],
        "robotValidated": true,
        "source": "global-nav-0408-gcj2wgs84",
        "verificationStatus": "from-navigation-graph-unverified"
      },
      "geometry": {
        "type": "Point",
        "coordinates": [
          113.4766545980213,
          22.89134395624641
        ]
      }
    },
    {
      "type": "Feature",
      "id": "local/global-nav-indoor/link/edge_manual_1775650292755-el-2f",
      "properties": {
        "featureClass": "indoorNetworkLink",
        "networkId": "global-nav-cross",
        "fromNodeId": "global-nav-el-3-2f",
        "toNodeId": "building_w_f3_1775650214131",
        "level": "2",
        "highway": "corridor",
        "vertical": false,
        "outdoor": false,
        "distanceMeters": 1,
        "modes": [
          "pedestrian",
          "robot"
        ],
        "robotValidated": true,
        "source": "global-nav-0408-gcj2wgs84",
        "verificationStatus": "from-navigation-graph-unverified"
      },
      "geometry": {
        "type": "LineString",
        "coordinates": [
          [
            113.4766545980213,
            22.89134395624641
          ],
          [
            113.47665961459795,
            22.89134596985804
          ]
        ]
      }
    },
    {
      "type": "Feature",
      "id": "local/global-nav-indoor/link/edge_manual_1775650292755-el-3f",
      "properties": {
        "featureClass": "indoorNetworkLink",
        "networkId": "global-nav-cross",
        "fromNodeId": "global-nav-el-3-3f",
        "toNodeId": "building_w_f2_1775648074924",
        "level": "3",
        "highway": "corridor",
        "vertical": false,
        "outdoor": false,
        "distanceMeters": 1,
        "modes": [
          "pedestrian",
          "robot"
        ],
        "robotValidated": true,
        "source": "global-nav-0408-gcj2wgs84",
        "verificationStatus": "from-navigation-graph-unverified"
      },
      "geometry": {
        "type": "LineString",
        "coordinates": [
          [
            113.4766545980213,
            22.89134395624641
          ],
          [
            113.47664958144466,
            22.891341942634778
          ]
        ]
      }
    },
    {
      "type": "Feature",
      "id": "local/global-nav-indoor/connector/edge_manual_1775650305398",
      "properties": {
        "featureClass": "indoorVerticalConnector",
        "networkId": "global-nav-cross",
        "nodeId": "global-nav-el-4",
        "name": "楼内电梯",
        "levels": [
          "2",
          "3"
        ],
        "defaultLevel": "2",
        "modes": [
          "pedestrian",
          "robot"
        ],
        "robotValidated": true,
        "source": "global-nav-0408-gcj2wgs84",
        "verificationStatus": "from-navigation-graph-unverified"
      },
      "geometry": {
        "type": "Point",
        "coordinates": [
          113.47706793184463,
          22.89201087592604
        ]
      }
    },
    {
      "type": "Feature",
      "id": "local/global-nav-indoor/link/edge_manual_1775650305398-el-2f",
      "properties": {
        "featureClass": "indoorNetworkLink",
        "networkId": "global-nav-cross",
        "fromNodeId": "global-nav-el-4-2f",
        "toNodeId": "building_w_f2_1775579191356",
        "level": "2",
        "highway": "corridor",
        "vertical": false,
        "outdoor": false,
        "distanceMeters": 1.91,
        "modes": [
          "pedestrian",
          "robot"
        ],
        "robotValidated": true,
        "source": "global-nav-0408-gcj2wgs84",
        "verificationStatus": "from-navigation-graph-unverified"
      },
      "geometry": {
        "type": "LineString",
        "coordinates": [
          [
            113.47706793184463,
            22.89201087592604
          ],
          [
            113.47708498925064,
            22.892003927901126
          ]
        ]
      }
    },
    {
      "type": "Feature",
      "id": "local/global-nav-indoor/link/edge_manual_1775650305398-el-3f",
      "properties": {
        "featureClass": "indoorNetworkLink",
        "networkId": "global-nav-cross",
        "fromNodeId": "global-nav-el-4-3f",
        "toNodeId": "building_w_f3_1775650233073",
        "level": "3",
        "highway": "corridor",
        "vertical": false,
        "outdoor": false,
        "distanceMeters": 1.91,
        "modes": [
          "pedestrian",
          "robot"
        ],
        "robotValidated": true,
        "source": "global-nav-0408-gcj2wgs84",
        "verificationStatus": "from-navigation-graph-unverified"
      },
      "geometry": {
        "type": "LineString",
        "coordinates": [
          [
            113.47706793184463,
            22.89201087592604
          ],
          [
            113.4770508744386,
            22.892017823950958
          ]
        ]
      }
    },
    {
      "type": "Feature",
      "id": "local/global-nav-indoor/link/edge_manual_1775650320545",
      "properties": {
        "featureClass": "indoorNetworkLink",
        "networkId": "global-nav-cross",
        "fromNodeId": "building_w_f3_1775650235743",
        "toNodeId": "building_w_f2_1775649533189",
        "level": "3",
        "highway": "corridor",
        "vertical": true,
        "outdoor": false,
        "distanceMeters": 1.891,
        "modes": [
          "pedestrian"
        ],
        "robotValidated": false,
        "source": "global-nav-0408-gcj2wgs84",
        "verificationStatus": "from-navigation-graph-unverified"
      },
      "geometry": {
        "type": "LineString",
        "coordinates": [
          [
            113.47717528910385,
            22.892029177981374
          ],
          [
            113.47718733018853,
            22.892016217956787
          ]
        ]
      }
    },
    {
      "type": "Feature",
      "id": "local/global-nav-indoor/link/edge_manual_1775650331445",
      "properties": {
        "featureClass": "indoorNetworkLink",
        "networkId": "global-nav-cross",
        "fromNodeId": "building_w_f2_1775649522738",
        "toNodeId": "building_w_f3_1775650227176",
        "level": "2",
        "highway": "corridor",
        "vertical": true,
        "outdoor": false,
        "distanceMeters": 4.34,
        "modes": [
          "pedestrian"
        ],
        "robotValidated": false,
        "source": "global-nav-0408-gcj2wgs84",
        "verificationStatus": "from-navigation-graph-unverified"
      },
      "geometry": {
        "type": "LineString",
        "coordinates": [
          [
            113.4768873593942,
            22.891560538296115
          ],
          [
            113.47690842738997,
            22.891594585164107
          ]
        ]
      }
    },
    {
      "type": "Feature",
      "id": "local/global-nav-indoor/link/edge_manual_1775650336691",
      "properties": {
        "featureClass": "indoorNetworkLink",
        "networkId": "global-nav-cross",
        "fromNodeId": "building_w_f3_1775650217013",
        "toNodeId": "building_w_f2_1775649520298",
        "level": "3",
        "highway": "corridor",
        "vertical": true,
        "outdoor": false,
        "distanceMeters": 3.559,
        "modes": [
          "pedestrian"
        ],
        "robotValidated": false,
        "source": "global-nav-0408-gcj2wgs84",
        "verificationStatus": "from-navigation-graph-unverified"
      },
      "geometry": {
        "type": "LineString",
        "coordinates": [
          [
            113.47672383824685,
            22.89120121323632
          ],
          [
            113.47670678328834,
            22.89117317552883
          ]
        ]
      }
    },
    {
      "type": "Feature",
      "id": "local/global-nav-indoor/link/edge_manual_1775650675386",
      "properties": {
        "featureClass": "indoorNetworkLink",
        "networkId": "global-nav-cross",
        "fromNodeId": "building_w_f3_1775650228334",
        "toNodeId": "building_core_f3_1775650459458",
        "level": "3",
        "highway": "corridor",
        "vertical": false,
        "outdoor": false,
        "distanceMeters": 1,
        "modes": [
          "pedestrian",
          "robot"
        ],
        "robotValidated": true,
        "source": "global-nav-0408-gcj2wgs84",
        "verificationStatus": "from-navigation-graph-unverified"
      },
      "geometry": {
        "type": "LineString",
        "coordinates": [
          [
            113.47705992828796,
            22.89166399346797
          ],
          [
            113.477060931771,
            22.891661997168864
          ]
        ]
      }
    },
    {
      "type": "Feature",
      "id": "local/global-nav-indoor/link/edge_manual_1775650686775",
      "properties": {
        "featureClass": "indoorNetworkLink",
        "networkId": "global-nav-cross",
        "fromNodeId": "building_core_f3_1775650452709",
        "toNodeId": "building_w_f3_1775650218074",
        "level": "3",
        "highway": "corridor",
        "vertical": false,
        "outdoor": false,
        "distanceMeters": 1.959,
        "modes": [
          "pedestrian",
          "robot"
        ],
        "robotValidated": true,
        "source": "global-nav-0408-gcj2wgs84",
        "verificationStatus": "from-navigation-graph-unverified"
      },
      "geometry": {
        "type": "LineString",
        "coordinates": [
          [
            113.47690042124661,
            22.891286686860663
          ],
          [
            113.47688135773575,
            22.89128563239676
          ]
        ]
      }
    },
    {
      "type": "Feature",
      "id": "local/global-nav-indoor/link/edge_manual_1775650792879",
      "properties": {
        "featureClass": "indoorNetworkLink",
        "networkId": "global-nav-cross",
        "fromNodeId": "building_core_f3_1775650721506",
        "toNodeId": "building_e_f3_1775649777986",
        "level": "3",
        "highway": "corridor",
        "vertical": false,
        "outdoor": false,
        "distanceMeters": 4.819,
        "modes": [
          "pedestrian",
          "robot"
        ],
        "robotValidated": true,
        "source": "global-nav-0408-gcj2wgs84",
        "verificationStatus": "from-navigation-graph-unverified"
      },
      "geometry": {
        "type": "LineString",
        "coordinates": [
          [
            113.47772921919461,
            22.890870246939404
          ],
          [
            113.4777653420505,
            22.89084236267742
          ]
        ]
      }
    },
    {
      "type": "Feature",
      "id": "local/global-nav-indoor/link/edge_manual_1775650797714",
      "properties": {
        "featureClass": "indoorNetworkLink",
        "networkId": "global-nav-cross",
        "fromNodeId": "building_e_f3_1775649787741",
        "toNodeId": "building_core_f3_1775650722674",
        "level": "3",
        "highway": "corridor",
        "vertical": false,
        "outdoor": false,
        "distanceMeters": 1.289,
        "modes": [
          "pedestrian",
          "robot"
        ],
        "robotValidated": true,
        "source": "global-nav-0408-gcj2wgs84",
        "verificationStatus": "from-navigation-graph-unverified"
      },
      "geometry": {
        "type": "LineString",
        "coordinates": [
          [
            113.47797502321008,
            22.891165838318063
          ],
          [
            113.4779669956935,
            22.891174811447755
          ]
        ]
      }
    },
    {
      "type": "Feature",
      "id": "local/global-nav-indoor/link/edge_manual_1775650804082",
      "properties": {
        "featureClass": "indoorNetworkLink",
        "networkId": "global-nav-cross",
        "fromNodeId": "building_core_f3_1775650521047",
        "toNodeId": "building_e_f3_1775649807164",
        "level": "3",
        "highway": "corridor",
        "vertical": false,
        "outdoor": false,
        "distanceMeters": 7.232,
        "modes": [
          "pedestrian",
          "robot"
        ],
        "robotValidated": true,
        "source": "global-nav-0408-gcj2wgs84",
        "verificationStatus": "from-navigation-graph-unverified"
      },
      "geometry": {
        "type": "LineString",
        "coordinates": [
          [
            113.478096404169,
            22.891558030874453
          ],
          [
            113.47815861498577,
            22.891527223560182
          ]
        ]
      }
    },
    {
      "type": "Feature",
      "id": "local/global-nav-indoor/connector/edge_manual_1775650857981",
      "properties": {
        "featureClass": "indoorVerticalConnector",
        "networkId": "global-nav-cross",
        "nodeId": "global-nav-el-5",
        "name": "楼内电梯",
        "levels": [
          "2",
          "3"
        ],
        "defaultLevel": "2",
        "modes": [
          "pedestrian",
          "robot"
        ],
        "robotValidated": true,
        "source": "global-nav-0408-gcj2wgs84",
        "verificationStatus": "from-navigation-graph-unverified"
      },
      "geometry": {
        "type": "Point",
        "coordinates": [
          113.47783502756728,
          22.891560773223304
        ]
      }
    },
    {
      "type": "Feature",
      "id": "local/global-nav-indoor/link/edge_manual_1775650857981-el-2f",
      "properties": {
        "featureClass": "indoorNetworkLink",
        "networkId": "global-nav-cross",
        "fromNodeId": "global-nav-el-5-2f",
        "toNodeId": "building_core_f2_1775650830639",
        "level": "2",
        "highway": "corridor",
        "vertical": false,
        "outdoor": false,
        "distanceMeters": 1.217,
        "modes": [
          "pedestrian",
          "robot"
        ],
        "robotValidated": true,
        "source": "global-nav-0408-gcj2wgs84",
        "verificationStatus": "from-navigation-graph-unverified"
      },
      "geometry": {
        "type": "LineString",
        "coordinates": [
          [
            113.47783502756728,
            22.891560773223304
          ],
          [
            113.47784255221353,
            22.891569291537756
          ]
        ]
      }
    },
    {
      "type": "Feature",
      "id": "local/global-nav-indoor/link/edge_manual_1775650857981-el-3f",
      "properties": {
        "featureClass": "indoorNetworkLink",
        "networkId": "global-nav-cross",
        "fromNodeId": "global-nav-el-5-3f",
        "toNodeId": "building_core_f3_1775650654307",
        "level": "3",
        "highway": "corridor",
        "vertical": false,
        "outdoor": false,
        "distanceMeters": 1.217,
        "modes": [
          "pedestrian",
          "robot"
        ],
        "robotValidated": true,
        "source": "global-nav-0408-gcj2wgs84",
        "verificationStatus": "from-navigation-graph-unverified"
      },
      "geometry": {
        "type": "LineString",
        "coordinates": [
          [
            113.47783502756728,
            22.891560773223304
          ],
          [
            113.47782750292103,
            22.891552254908856
          ]
        ]
      }
    },
    {
      "type": "Feature",
      "id": "local/global-nav-indoor/link/poi-poi_building_core_f2_1775648255079-to-corridor",
      "properties": {
        "featureClass": "indoorNetworkLink",
        "networkId": "global-nav-core-f2",
        "fromNodeId": "poi_building_core_f2_1775648255079",
        "toNodeId": "building_core_f2_1775648362991",
        "level": "2",
        "highway": "corridor",
        "vertical": false,
        "outdoor": false,
        "modes": [
          "pedestrian",
          "robot"
        ],
        "robotValidated": true,
        "source": "global-nav-0408-gcj2wgs84",
        "verificationStatus": "from-navigation-graph-unverified"
      },
      "geometry": {
        "type": "LineString",
        "coordinates": [
          [
            113.47723552970949,
            22.891439590670057
          ],
          [
            113.47733886762988,
            22.891550843725057
          ]
        ]
      }
    },
    {
      "type": "Feature",
      "id": "local/global-nav-indoor/link/poi-poi_building_core_f2_1775648265103-to-corridor",
      "properties": {
        "featureClass": "indoorNetworkLink",
        "networkId": "global-nav-core-f2",
        "fromNodeId": "poi_building_core_f2_1775648265103",
        "toNodeId": "building_core_f2_1775648368318",
        "level": "2",
        "highway": "corridor",
        "vertical": false,
        "outdoor": false,
        "modes": [
          "pedestrian",
          "robot"
        ],
        "robotValidated": true,
        "source": "global-nav-0408-gcj2wgs84",
        "verificationStatus": "from-navigation-graph-unverified"
      },
      "geometry": {
        "type": "LineString",
        "coordinates": [
          [
            113.47708705521866,
            22.89111929233147
          ],
          [
            113.47716832236927,
            22.89118250100471
          ]
        ]
      }
    },
    {
      "type": "Feature",
      "id": "local/global-nav-indoor/link/poi-poi_building_core_f2_1775648280376-to-corridor",
      "properties": {
        "featureClass": "indoorNetworkLink",
        "networkId": "global-nav-core-f2",
        "fromNodeId": "poi_building_core_f2_1775648280376",
        "toNodeId": "building_core_f2_1775648384647",
        "level": "2",
        "highway": "corridor",
        "vertical": false,
        "outdoor": false,
        "modes": [
          "pedestrian",
          "robot"
        ],
        "robotValidated": true,
        "source": "global-nav-0408-gcj2wgs84",
        "verificationStatus": "from-navigation-graph-unverified"
      },
      "geometry": {
        "type": "LineString",
        "coordinates": [
          [
            113.4775766940248,
            22.891087718051907
          ],
          [
            113.47747335040498,
            22.891055432632008
          ]
        ]
      }
    },
    {
      "type": "Feature",
      "id": "local/global-nav-indoor/link/poi-poi_building_core_f2_1775648294351-to-corridor",
      "properties": {
        "featureClass": "indoorNetworkLink",
        "networkId": "global-nav-core-f2",
        "fromNodeId": "poi_building_core_f2_1775648294351",
        "toNodeId": "building_core_f2_1775648439050",
        "level": "2",
        "highway": "corridor",
        "vertical": false,
        "outdoor": false,
        "modes": [
          "pedestrian",
          "robot"
        ],
        "robotValidated": true,
        "source": "global-nav-0408-gcj2wgs84",
        "verificationStatus": "from-navigation-graph-unverified"
      },
      "geometry": {
        "type": "LineString",
        "coordinates": [
          [
            113.47768904468991,
            22.89146888832193
          ],
          [
            113.47779440008793,
            22.89143120821153
          ]
        ]
      }
    },
    {
      "type": "Feature",
      "id": "local/global-nav-indoor/link/poi-poi_building_core_f3_1775650535767-to-corridor",
      "properties": {
        "featureClass": "indoorNetworkLink",
        "networkId": "global-nav-core-f3",
        "fromNodeId": "poi_building_core_f3_1775650535767",
        "toNodeId": "building_core_f3_1775650464782",
        "level": "3",
        "highway": "corridor",
        "vertical": false,
        "outdoor": true,
        "modes": [
          "pedestrian",
          "robot"
        ],
        "robotValidated": true,
        "source": "global-nav-0408-gcj2wgs84",
        "verificationStatus": "from-navigation-graph-unverified"
      },
      "geometry": {
        "type": "LineString",
        "coordinates": [
          [
            113.47728770698677,
            22.891395758943506
          ],
          [
            113.47736797480832,
            22.891402987636734
          ]
        ]
      }
    },
    {
      "type": "Feature",
      "id": "local/global-nav-indoor/link/poi-poi_building_w_f2_1775648343294-to-corridor",
      "properties": {
        "featureClass": "indoorNetworkLink",
        "networkId": "global-nav-w-f2",
        "fromNodeId": "poi_building_w_f2_1775648343294",
        "toNodeId": "building_w_f2_1775649533189",
        "level": "2",
        "highway": "corridor",
        "vertical": false,
        "outdoor": false,
        "modes": [
          "pedestrian",
          "robot"
        ],
        "robotValidated": true,
        "source": "global-nav-0408-gcj2wgs84",
        "verificationStatus": "from-navigation-graph-unverified"
      },
      "geometry": {
        "type": "LineString",
        "coordinates": [
          [
            113.47718332113656,
            22.89195123274247
          ],
          [
            113.47718733018853,
            22.892016217956787
          ]
        ]
      }
    },
    {
      "type": "Feature",
      "id": "local/global-nav-indoor/link/poi-poi_building_w_f2_1775650919567-to-corridor",
      "properties": {
        "featureClass": "indoorNetworkLink",
        "networkId": "global-nav-w-f2",
        "fromNodeId": "poi_building_w_f2_1775650919567",
        "toNodeId": "building_w_f2_1775579187988",
        "level": "2",
        "highway": "corridor",
        "vertical": false,
        "outdoor": false,
        "modes": [
          "pedestrian",
          "robot"
        ],
        "robotValidated": true,
        "source": "global-nav-0408-gcj2wgs84",
        "verificationStatus": "from-navigation-graph-unverified"
      },
      "geometry": {
        "type": "LineString",
        "coordinates": [
          [
            113.47737895324676,
            22.89227566558197
          ],
          [
            113.47730972356689,
            22.892249476416595
          ]
        ]
      }
    },
    {
      "type": "Feature",
      "id": "local/global-nav-indoor/link/poi-poi_building_e_f2_1775579562554-to-corridor",
      "properties": {
        "featureClass": "indoorNetworkLink",
        "networkId": "global-nav-e-f2",
        "fromNodeId": "poi_building_e_f2_1775579562554",
        "toNodeId": "building_e_f2_1775578867809",
        "level": "2",
        "highway": "corridor",
        "vertical": false,
        "outdoor": false,
        "modes": [
          "pedestrian",
          "robot"
        ],
        "robotValidated": true,
        "source": "global-nav-0408-gcj2wgs84",
        "verificationStatus": "from-navigation-graph-unverified"
      },
      "geometry": {
        "type": "LineString",
        "coordinates": [
          [
            113.47797804896899,
            22.89093194180156
          ],
          [
            113.4780422715518,
            22.89082417136634
          ]
        ]
      }
    },
    {
      "type": "Feature",
      "id": "local/global-nav-indoor/link/poi-poi_building_e_f3_1775649869901-to-corridor",
      "properties": {
        "featureClass": "indoorNetworkLink",
        "networkId": "global-nav-e-f3",
        "fromNodeId": "poi_building_e_f3_1775649869901",
        "toNodeId": "building_e_f3_1775649791672",
        "level": "3",
        "highway": "corridor",
        "vertical": false,
        "outdoor": false,
        "modes": [
          "pedestrian",
          "robot"
        ],
        "robotValidated": true,
        "source": "global-nav-0408-gcj2wgs84",
        "verificationStatus": "from-navigation-graph-unverified"
      },
      "geometry": {
        "type": "LineString",
        "coordinates": [
          [
            113.4784175042315,
            22.891230094403685
          ],
          [
            113.4783151569478,
            22.891281776678273
          ]
        ]
      }
    },
    {
      "type": "Feature",
      "id": "local/global-nav-indoor/link/platform-platform-west-3f-to-core-f3",
      "properties": {
        "featureClass": "indoorNetworkLink",
        "networkId": "global-nav-core-f3",
        "fromNodeId": "platform-west-3f",
        "toNodeId": "building_core_f3_1775650466954",
        "level": "3",
        "highway": "corridor",
        "vertical": false,
        "outdoor": true,
        "modes": [
          "pedestrian",
          "robot"
        ],
        "robotValidated": true,
        "source": "global-nav-0408-gcj2wgs84",
        "verificationStatus": "from-navigation-graph-unverified"
      },
      "geometry": {
        "type": "LineString",
        "coordinates": [
          [
            113.4771103,
            22.8912444
          ],
          [
            113.4771352079136,
            22.89124038208629
          ]
        ]
      }
    },
    {
      "type": "Feature",
      "id": "local/global-nav-indoor/link/platform-platform-main-3f-to-core-f3",
      "properties": {
        "featureClass": "indoorNetworkLink",
        "networkId": "global-nav-core-f3",
        "fromNodeId": "platform-main-3f",
        "toNodeId": "building_core_f3_1775650465248",
        "level": "3",
        "highway": "corridor",
        "vertical": false,
        "outdoor": true,
        "modes": [
          "pedestrian",
          "robot"
        ],
        "robotValidated": true,
        "source": "global-nav-0408-gcj2wgs84",
        "verificationStatus": "from-navigation-graph-unverified"
      },
      "geometry": {
        "type": "LineString",
        "coordinates": [
          [
            113.4773529,
            22.8913503
          ],
          [
            113.477356941595,
            22.89134797808025
          ]
        ]
      }
    },
    {
      "type": "Feature",
      "id": "local/global-nav-indoor/link/platform-platform-east-3f-to-core-f3",
      "properties": {
        "featureClass": "indoorNetworkLink",
        "networkId": "global-nav-core-f3",
        "fromNodeId": "platform-east-3f",
        "toNodeId": "building_core_f3_1775650498719",
        "level": "3",
        "highway": "corridor",
        "vertical": false,
        "outdoor": true,
        "modes": [
          "pedestrian",
          "robot"
        ],
        "robotValidated": true,
        "source": "global-nav-0408-gcj2wgs84",
        "verificationStatus": "from-navigation-graph-unverified"
      },
      "geometry": {
        "type": "LineString",
        "coordinates": [
          [
            113.4776821,
            22.8913329
          ],
          [
            113.47767199628267,
            22.891338891711175
          ]
        ]
      }
    }
  ]
}
