{
  "type": "FeatureCollection",
  "schemaVersion": "1.0",
  "name": "HKUST(GZ) local navigation graph (road supplement)",
  "source": {
    "file": "GISprojects/global_nav_0408.geojson",
    "coordinateSystem": "GCJ-02",
    "transform": "GCJ-02 -> WGS84 (standard inverse transform)",
    "convertedAt": "2026-08-20T08:57:01.610Z",
    "disclaimer": "Network imported from a pre-built navigation graph; positions verified against Esri imagery pavement statistics but not field-surveyed. All features routingEnabled=false until review."
  },
  "stats": {
    "total": 906,
    "walk": 684,
    "gate": 3,
    "stairs": 0,
    "elevator": 11,
    "other": 0,
    "indoorSkipped": 208,
    "buildingCrossingSkipped": 30,
    "snapped": 24
  },
  "features": [
    {
      "type": "Feature",
      "id": "local/global-nav/edge_0_campus_outdoor_b84860a87a_campus_outdoor_6d62a5c422",
      "properties": {
        "featureClass": "road",
        "highway": "footway",
        "osmId": "local/global-nav/edge_0_campus_outdoor_b84860a87a_campus_outdoor_6d62a5c422",
        "osmNodeIds": [
          "local-nav/campus_outdoor_b84860a87a",
          "local-nav/campus_outdoor_6d62a5c422"
        ],
        "localEdgeId": "edge_0_campus_outdoor_b84860a87a_campus_outdoor_6d62a5c422",
        "localEdgeType": "walk",
        "source": "global-nav-0408-gcj2wgs84",
        "verificationStatus": "from-navigation-graph-unverified"
      },
      "geometry": {
        "type": "LineString",
        "coordinates": [
          [
            113.4775046466135,
            22.888186682915308
          ],
          [
            113.47907296950729,
            22.88734256959524
          ]
        ]
      }
    },
    {
      "type": "Feature",
      "id": "local/global-nav/edge_1_campus_outdoor_b84860a87a_campus_outdoor_7953243a47",
      "properties": {
        "featureClass": "road",
        "highway": "footway",
        "osmId": "local/global-nav/edge_1_campus_outdoor_b84860a87a_campus_outdoor_7953243a47",
        "osmNodeIds": [
          "local-nav/campus_outdoor_b84860a87a",
          "local-nav/campus_outdoor_7953243a47"
        ],
        "localEdgeId": "edge_1_campus_outdoor_b84860a87a_campus_outdoor_7953243a47",
        "localEdgeType": "walk",
        "source": "global-nav-0408-gcj2wgs84",
        "verificationStatus": "from-navigation-graph-unverified"
      },
      "geometry": {
        "type": "LineString",
        "coordinates": [
          [
            113.4775046466135,
            22.888186682915308
          ],
          [
            113.47766316007778,
            22.888442037801806
          ]
        ]
      }
    },
    {
      "type": "Feature",
      "id": "local/global-nav/edge_2_campus_outdoor_b84860a87a_campus_outdoor_e66db0ed25",
      "properties": {
        "featureClass": "road",
        "highway": "footway",
        "osmId": "local/global-nav/edge_2_campus_outdoor_b84860a87a_campus_outdoor_e66db0ed25",
        "osmNodeIds": [
          "local-nav/campus_outdoor_b84860a87a",
          "local-nav/campus_outdoor_e66db0ed25"
        ],
        "localEdgeId": "edge_2_campus_outdoor_b84860a87a_campus_outdoor_e66db0ed25",
        "localEdgeType": "walk",
        "source": "global-nav-0408-gcj2wgs84",
        "verificationStatus": "from-navigation-graph-unverified"
      },
      "geometry": {
        "type": "LineString",
        "coordinates": [
          [
            113.4775046466135,
            22.888186682915308
          ],
          [
            113.47597148268615,
            22.88900594102119
          ]
        ]
      }
    },
    {
      "type": "Feature",
      "id": "local/global-nav/edge_3_campus_outdoor_7953243a47_campus_outdoor_a10d501952",
      "properties": {
        "featureClass": "road",
        "highway": "footway",
        "osmId": "local/global-nav/edge_3_campus_outdoor_7953243a47_campus_outdoor_a10d501952",
        "osmNodeIds": [
          "local-nav/campus_outdoor_7953243a47",
          10740248757
        ],
        "localEdgeId": "edge_3_campus_outdoor_7953243a47_campus_outdoor_a10d501952",
        "localEdgeType": "walk",
        "source": "global-nav-0408-gcj2wgs84",
        "verificationStatus": "from-navigation-graph-unverified"
      },
      "geometry": {
        "type": "LineString",
        "coordinates": [
          [
            113.47766316007778,
            22.888442037801806
          ],
          [
            113.47801630850628,
            22.888965847797646
          ]
        ]
      }
    },
    {
      "type": "Feature",
      "id": "local/global-nav/edge_4_campus_outdoor_7953243a47_campus_outdoor_b84860a87a",
      "properties": {
        "featureClass": "road",
        "highway": "footway",
        "osmId": "local/global-nav/edge_4_campus_outdoor_7953243a47_campus_outdoor_b84860a87a",
        "osmNodeIds": [
          "local-nav/campus_outdoor_7953243a47",
          "local-nav/campus_outdoor_b84860a87a"
        ],
        "localEdgeId": "edge_4_campus_outdoor_7953243a47_campus_outdoor_b84860a87a",
        "localEdgeType": "walk",
        "source": "global-nav-0408-gcj2wgs84",
        "verificationStatus": "from-navigation-graph-unverified"
      },
      "geometry": {
        "type": "LineString",
        "coordinates": [
          [
            113.47766316007778,
            22.888442037801806
          ],
          [
            113.4775046466135,
            22.888186682915308
          ]
        ]
      }
    },
    {
      "type": "Feature",
      "id": "local/global-nav/edge_5_campus_outdoor_e66db0ed25_campus_outdoor_6ac0f8d486",
      "properties": {
        "featureClass": "road",
        "highway": "footway",
        "osmId": "local/global-nav/edge_5_campus_outdoor_e66db0ed25_campus_outdoor_6ac0f8d486",
        "osmNodeIds": [
          "local-nav/campus_outdoor_e66db0ed25",
          "local-nav/campus_outdoor_6ac0f8d486"
        ],
        "localEdgeId": "edge_5_campus_outdoor_e66db0ed25_campus_outdoor_6ac0f8d486",
        "localEdgeType": "walk",
        "source": "global-nav-0408-gcj2wgs84",
        "verificationStatus": "from-navigation-graph-unverified"
      },
      "geometry": {
        "type": "LineString",
        "coordinates": [
          [
            113.47597148268615,
            22.88900594102119
          ],
          [
            113.47590325414428,
            22.88903773268393
          ]
        ]
      }
    },
    {
      "type": "Feature",
      "id": "local/global-nav/edge_6_campus_outdoor_e66db0ed25_campus_outdoor_b8059a16bd",
      "properties": {
        "featureClass": "road",
        "highway": "footway",
        "osmId": "local/global-nav/edge_6_campus_outdoor_e66db0ed25_campus_outdoor_b8059a16bd",
        "osmNodeIds": [
          "local-nav/campus_outdoor_e66db0ed25",
          "local-nav/campus_outdoor_b8059a16bd"
        ],
        "localEdgeId": "edge_6_campus_outdoor_e66db0ed25_campus_outdoor_b8059a16bd",
        "localEdgeType": "walk",
        "source": "global-nav-0408-gcj2wgs84",
        "verificationStatus": "from-navigation-graph-unverified"
      },
      "geometry": {
        "type": "LineString",
        "coordinates": [
          [
            113.47597148268615,
            22.88900594102119
          ],
          [
            113.47640487730052,
            22.889687908793302
          ]
        ]
      }
    },
    {
      "type": "Feature",
      "id": "local/global-nav/edge_7_campus_outdoor_e66db0ed25_campus_outdoor_b84860a87a",
      "properties": {
        "featureClass": "road",
        "highway": "footway",
        "osmId": "local/global-nav/edge_7_campus_outdoor_e66db0ed25_campus_outdoor_b84860a87a",
        "osmNodeIds": [
          "local-nav/campus_outdoor_e66db0ed25",
          "local-nav/campus_outdoor_b84860a87a"
        ],
        "localEdgeId": "edge_7_campus_outdoor_e66db0ed25_campus_outdoor_b84860a87a",
        "localEdgeType": "walk",
        "source": "global-nav-0408-gcj2wgs84",
        "verificationStatus": "from-navigation-graph-unverified"
      },
      "geometry": {
        "type": "LineString",
        "coordinates": [
          [
            113.47597148268615,
            22.88900594102119
          ],
          [
            113.4775046466135,
            22.888186682915308
          ]
        ]
      }
    },
    {
      "type": "Feature",
      "id": "local/global-nav/edge_8_campus_outdoor_6ac0f8d486_campus_outdoor_6b1f38224c",
      "properties": {
        "featureClass": "road",
        "highway": "footway",
        "osmId": "local/global-nav/edge_8_campus_outdoor_6ac0f8d486_campus_outdoor_6b1f38224c",
        "osmNodeIds": [
          "local-nav/campus_outdoor_6ac0f8d486",
          "local-nav/campus_outdoor_6b1f38224c"
        ],
        "localEdgeId": "edge_8_campus_outdoor_6ac0f8d486_campus_outdoor_6b1f38224c",
        "localEdgeType": "walk",
        "source": "global-nav-0408-gcj2wgs84",
        "verificationStatus": "from-navigation-graph-unverified"
      },
      "geometry": {
        "type": "LineString",
        "coordinates": [
          [
            113.47590325414428,
            22.88903773268393
          ],
          [
            113.4763346413593,
            22.88972269302802
          ]
        ]
      }
    },
    {
      "type": "Feature",
      "id": "local/global-nav/edge_9_campus_outdoor_6ac0f8d486_campus_outdoor_e66db0ed25",
      "properties": {
        "featureClass": "road",
        "highway": "footway",
        "osmId": "local/global-nav/edge_9_campus_outdoor_6ac0f8d486_campus_outdoor_e66db0ed25",
        "osmNodeIds": [
          "local-nav/campus_outdoor_6ac0f8d486",
          "local-nav/campus_outdoor_e66db0ed25"
        ],
        "localEdgeId": "edge_9_campus_outdoor_6ac0f8d486_campus_outdoor_e66db0ed25",
        "localEdgeType": "walk",
        "source": "global-nav-0408-gcj2wgs84",
        "verificationStatus": "from-navigation-graph-unverified"
      },
      "geometry": {
        "type": "LineString",
        "coordinates": [
          [
            113.47590325414428,
            22.88903773268393
          ],
          [
            113.47597148268615,
            22.88900594102119
          ]
        ]
      }
    },
    {
      "type": "Feature",
      "id": "local/global-nav/edge_10_campus_outdoor_6ac0f8d486_campus_outdoor_f8f2fbe76d",
      "properties": {
        "featureClass": "road",
        "highway": "footway",
        "osmId": "local/global-nav/edge_10_campus_outdoor_6ac0f8d486_campus_outdoor_f8f2fbe76d",
        "osmNodeIds": [
          "local-nav/campus_outdoor_6ac0f8d486",
          "local-nav/campus_outdoor_f8f2fbe76d"
        ],
        "localEdgeId": "edge_10_campus_outdoor_6ac0f8d486_campus_outdoor_f8f2fbe76d",
        "localEdgeType": "walk",
        "source": "global-nav-0408-gcj2wgs84",
        "verificationStatus": "from-navigation-graph-unverified"
      },
      "geometry": {
        "type": "LineString",
        "coordinates": [
          [
            113.47590325414428,
            22.88903773268393
          ],
          [
            113.47474939740643,
            22.889643192791098
          ]
        ]
      }
    },
    {
      "type": "Feature",
      "id": "local/global-nav/edge_11_campus_outdoor_b8059a16bd_campus_outdoor_0f779e123e",
      "properties": {
        "featureClass": "road",
        "highway": "footway",
        "osmId": "local/global-nav/edge_11_campus_outdoor_b8059a16bd_campus_outdoor_0f779e123e",
        "osmNodeIds": [
          "local-nav/campus_outdoor_b8059a16bd",
          "local-nav/campus_outdoor_0f779e123e"
        ],
        "localEdgeId": "edge_11_campus_outdoor_b8059a16bd_campus_outdoor_0f779e123e",
        "localEdgeType": "walk",
        "source": "global-nav-0408-gcj2wgs84",
        "verificationStatus": "from-navigation-graph-unverified"
      },
      "geometry": {
        "type": "LineString",
        "coordinates": [
          [
            113.47640487730052,
            22.889687908793302
          ],
          [
            113.4765363174385,
            22.88964730287104
          ]
        ]
      }
    },
    {
      "type": "Feature",
      "id": "local/global-nav/edge_12_campus_outdoor_b8059a16bd_campus_outdoor_6b1f38224c",
      "properties": {
        "featureClass": "road",
        "highway": "footway",
        "osmId": "local/global-nav/edge_12_campus_outdoor_b8059a16bd_campus_outdoor_6b1f38224c",
        "osmNodeIds": [
          "local-nav/campus_outdoor_b8059a16bd",
          "local-nav/campus_outdoor_6b1f38224c"
        ],
        "localEdgeId": "edge_12_campus_outdoor_b8059a16bd_campus_outdoor_6b1f38224c",
        "localEdgeType": "walk",
        "source": "global-nav-0408-gcj2wgs84",
        "verificationStatus": "from-navigation-graph-unverified"
      },
      "geometry": {
        "type": "LineString",
        "coordinates": [
          [
            113.47640487730052,
            22.889687908793302
          ],
          [
            113.4763346413593,
            22.88972269302802
          ]
        ]
      }
    },
    {
      "type": "Feature",
      "id": "local/global-nav/edge_13_campus_outdoor_b8059a16bd_campus_outdoor_e66db0ed25",
      "properties": {
        "featureClass": "road",
        "highway": "footway",
        "osmId": "local/global-nav/edge_13_campus_outdoor_b8059a16bd_campus_outdoor_e66db0ed25",
        "osmNodeIds": [
          "local-nav/campus_outdoor_b8059a16bd",
          "local-nav/campus_outdoor_e66db0ed25"
        ],
        "localEdgeId": "edge_13_campus_outdoor_b8059a16bd_campus_outdoor_e66db0ed25",
        "localEdgeType": "walk",
        "source": "global-nav-0408-gcj2wgs84",
        "verificationStatus": "from-navigation-graph-unverified"
      },
      "geometry": {
        "type": "LineString",
        "coordinates": [
          [
            113.47640487730052,
            22.889687908793302
          ],
          [
            113.47597148268615,
            22.88900594102119
          ]
        ]
      }
    },
    {
      "type": "Feature",
      "id": "local/global-nav/edge_14_campus_outdoor_6b1f38224c_campus_outdoor_5b0ac831bc",
      "properties": {
        "featureClass": "road",
        "highway": "footway",
        "osmId": "local/global-nav/edge_14_campus_outdoor_6b1f38224c_campus_outdoor_5b0ac831bc",
        "osmNodeIds": [
          "local-nav/campus_outdoor_6b1f38224c",
          "local-nav/campus_outdoor_5b0ac831bc"
        ],
        "localEdgeId": "edge_14_campus_outdoor_6b1f38224c_campus_outdoor_5b0ac831bc",
        "localEdgeType": "walk",
        "source": "global-nav-0408-gcj2wgs84",
        "verificationStatus": "from-navigation-graph-unverified"
      },
      "geometry": {
        "type": "LineString",
        "coordinates": [
          [
            113.4763346413593,
            22.88972269302802
          ],
          [
            113.47629751437152,
            22.889775565057686
          ]
        ]
      }
    },
    {
      "type": "Feature",
      "id": "local/global-nav/edge_15_campus_outdoor_6b1f38224c_campus_outdoor_6ac0f8d486",
      "properties": {
        "featureClass": "road",
        "highway": "footway",
        "osmId": "local/global-nav/edge_15_campus_outdoor_6b1f38224c_campus_outdoor_6ac0f8d486",
        "osmNodeIds": [
          "local-nav/campus_outdoor_6b1f38224c",
          "local-nav/campus_outdoor_6ac0f8d486"
        ],
        "localEdgeId": "edge_15_campus_outdoor_6b1f38224c_campus_outdoor_6ac0f8d486",
        "localEdgeType": "walk",
        "source": "global-nav-0408-gcj2wgs84",
        "verificationStatus": "from-navigation-graph-unverified"
      },
      "geometry": {
        "type": "LineString",
        "coordinates": [
          [
            113.4763346413593,
            22.88972269302802
          ],
          [
            113.47590325414428,
            22.88903773268393
          ]
        ]
      }
    },
    {
      "type": "Feature",
      "id": "local/global-nav/edge_16_campus_outdoor_6b1f38224c_campus_outdoor_b8059a16bd",
      "properties": {
        "featureClass": "road",
        "highway": "footway",
        "osmId": "local/global-nav/edge_16_campus_outdoor_6b1f38224c_campus_outdoor_b8059a16bd",
        "osmNodeIds": [
          "local-nav/campus_outdoor_6b1f38224c",
          "local-nav/campus_outdoor_b8059a16bd"
        ],
        "localEdgeId": "edge_16_campus_outdoor_6b1f38224c_campus_outdoor_b8059a16bd",
        "localEdgeType": "walk",
        "source": "global-nav-0408-gcj2wgs84",
        "verificationStatus": "from-navigation-graph-unverified"
      },
      "geometry": {
        "type": "LineString",
        "coordinates": [
          [
            113.4763346413593,
            22.88972269302802
          ],
          [
            113.47640487730052,
            22.889687908793302
          ]
        ]
      }
    },
    {
      "type": "Feature",
      "id": "local/global-nav/edge_17_campus_outdoor_71bea36c4c_campus_outdoor_0efdd2effd",
      "properties": {
        "featureClass": "road",
        "highway": "footway",
        "osmId": "local/global-nav/edge_17_campus_outdoor_71bea36c4c_campus_outdoor_0efdd2effd",
        "osmNodeIds": [
          10740248625,
          10057722431
        ],
        "localEdgeId": "edge_17_campus_outdoor_71bea36c4c_campus_outdoor_0efdd2effd",
        "localEdgeType": "walk",
        "source": "global-nav-0408-gcj2wgs84",
        "verificationStatus": "from-navigation-graph-unverified"
      },
      "geometry": {
        "type": "LineString",
        "coordinates": [
          [
            113.47682427245651,
            22.889712104917727
          ],
          [
            113.47688446930438,
            22.88977025470066
          ]
        ]
      }
    },
    {
      "type": "Feature",
      "id": "local/global-nav/edge_18_campus_outdoor_71bea36c4c_campus_outdoor_56ff1d33c5",
      "properties": {
        "featureClass": "road",
        "highway": "footway",
        "osmId": "local/global-nav/edge_18_campus_outdoor_71bea36c4c_campus_outdoor_56ff1d33c5",
        "osmNodeIds": [
          10740248625,
          "local-nav/campus_outdoor_56ff1d33c5"
        ],
        "localEdgeId": "edge_18_campus_outdoor_71bea36c4c_campus_outdoor_56ff1d33c5",
        "localEdgeType": "walk",
        "source": "global-nav-0408-gcj2wgs84",
        "verificationStatus": "from-navigation-graph-unverified"
      },
      "geometry": {
        "type": "LineString",
        "coordinates": [
          [
            113.47682427245651,
            22.889712104917727
          ],
          [
            113.47691457746227,
            22.889654388249866
          ]
        ]
      }
    },
    {
      "type": "Feature",
      "id": "local/global-nav/edge_19_campus_outdoor_71bea36c4c_campus_outdoor_e2b51b5726",
      "properties": {
        "featureClass": "road",
        "highway": "footway",
        "osmId": "local/global-nav/edge_19_campus_outdoor_71bea36c4c_campus_outdoor_e2b51b5726",
        "osmNodeIds": [
          10740248625,
          "local-nav/campus_outdoor_e2b51b5726"
        ],
        "localEdgeId": "edge_19_campus_outdoor_71bea36c4c_campus_outdoor_e2b51b5726",
        "localEdgeType": "walk",
        "source": "global-nav-0408-gcj2wgs84",
        "verificationStatus": "from-navigation-graph-unverified"
      },
      "geometry": {
        "type": "LineString",
        "coordinates": [
          [
            113.47682427245651,
            22.889712104917727
          ],
          [
            113.47675905828166,
            22.889663936712378
          ]
        ]
      }
    },
    {
      "type": "Feature",
      "id": "local/global-nav/edge_20_campus_outdoor_56ff1d33c5_campus_outdoor_71bea36c4c",
      "properties": {
        "featureClass": "road",
        "highway": "footway",
        "osmId": "local/global-nav/edge_20_campus_outdoor_56ff1d33c5_campus_outdoor_71bea36c4c",
        "osmNodeIds": [
          "local-nav/campus_outdoor_56ff1d33c5",
          10740248625
        ],
        "localEdgeId": "edge_20_campus_outdoor_56ff1d33c5_campus_outdoor_71bea36c4c",
        "localEdgeType": "walk",
        "source": "global-nav-0408-gcj2wgs84",
        "verificationStatus": "from-navigation-graph-unverified"
      },
      "geometry": {
        "type": "LineString",
        "coordinates": [
          [
            113.47691457746227,
            22.889654388249866
          ],
          [
            113.47682427245651,
            22.889712104917727
          ]
        ]
      }
    },
    {
      "type": "Feature",
      "id": "local/global-nav/edge_21_campus_outdoor_56ff1d33c5_campus_outdoor_92783eb821",
      "properties": {
        "featureClass": "road",
        "highway": "footway",
        "osmId": "local/global-nav/edge_21_campus_outdoor_56ff1d33c5_campus_outdoor_92783eb821",
        "osmNodeIds": [
          "local-nav/campus_outdoor_56ff1d33c5",
          "local-nav/campus_outdoor_92783eb821"
        ],
        "localEdgeId": "edge_21_campus_outdoor_56ff1d33c5_campus_outdoor_92783eb821",
        "localEdgeType": "walk",
        "source": "global-nav-0408-gcj2wgs84",
        "verificationStatus": "from-navigation-graph-unverified"
      },
      "geometry": {
        "type": "LineString",
        "coordinates": [
          [
            113.47691457746227,
            22.889654388249866
          ],
          [
            113.47716442099905,
            22.889510166487035
          ]
        ]
      }
    },
    {
      "type": "Feature",
      "id": "local/global-nav/edge_22_campus_outdoor_92783eb821_campus_outdoor_0c8a3f4bef",
      "properties": {
        "featureClass": "road",
        "highway": "footway",
        "osmId": "local/global-nav/edge_22_campus_outdoor_92783eb821_campus_outdoor_0c8a3f4bef",
        "osmNodeIds": [
          "local-nav/campus_outdoor_92783eb821",
          "local-nav/campus_outdoor_0c8a3f4bef"
        ],
        "localEdgeId": "edge_22_campus_outdoor_92783eb821_campus_outdoor_0c8a3f4bef",
        "localEdgeType": "walk",
        "source": "global-nav-0408-gcj2wgs84",
        "verificationStatus": "from-navigation-graph-unverified"
      },
      "geometry": {
        "type": "LineString",
        "coordinates": [
          [
            113.47716442099905,
            22.889510166487035
          ],
          [
            113.47724568430223,
            22.889632351440603
          ]
        ]
      }
    },
    {
      "type": "Feature",
      "id": "local/global-nav/edge_23_campus_outdoor_92783eb821_campus_outdoor_21053e7ab6",
      "properties": {
        "featureClass": "road",
        "highway": "footway",
        "osmId": "local/global-nav/edge_23_campus_outdoor_92783eb821_campus_outdoor_21053e7ab6",
        "osmNodeIds": [
          "local-nav/campus_outdoor_92783eb821",
          "local-nav/campus_outdoor_21053e7ab6"
        ],
        "localEdgeId": "edge_23_campus_outdoor_92783eb821_campus_outdoor_21053e7ab6",
        "localEdgeType": "walk",
        "source": "global-nav-0408-gcj2wgs84",
        "verificationStatus": "from-navigation-graph-unverified"
      },
      "geometry": {
        "type": "LineString",
        "coordinates": [
          [
            113.47716442099905,
            22.889510166487035
          ],
          [
            113.47783268536448,
            22.889079270585917
          ]
        ]
      }
    },
    {
      "type": "Feature",
      "id": "local/global-nav/edge_24_campus_outdoor_92783eb821_campus_outdoor_56ff1d33c5",
      "properties": {
        "featureClass": "road",
        "highway": "footway",
        "osmId": "local/global-nav/edge_24_campus_outdoor_92783eb821_campus_outdoor_56ff1d33c5",
        "osmNodeIds": [
          "local-nav/campus_outdoor_92783eb821",
          "local-nav/campus_outdoor_56ff1d33c5"
        ],
        "localEdgeId": "edge_24_campus_outdoor_92783eb821_campus_outdoor_56ff1d33c5",
        "localEdgeType": "walk",
        "source": "global-nav-0408-gcj2wgs84",
        "verificationStatus": "from-navigation-graph-unverified"
      },
      "geometry": {
        "type": "LineString",
        "coordinates": [
          [
            113.47716442099905,
            22.889510166487035
          ],
          [
            113.47691457746227,
            22.889654388249866
          ]
        ]
      }
    },
    {
      "type": "Feature",
      "id": "local/global-nav/edge_25_campus_outdoor_21053e7ab6_campus_outdoor_92783eb821",
      "properties": {
        "featureClass": "road",
        "highway": "footway",
        "osmId": "local/global-nav/edge_25_campus_outdoor_21053e7ab6_campus_outdoor_92783eb821",
        "osmNodeIds": [
          "local-nav/campus_outdoor_21053e7ab6",
          "local-nav/campus_outdoor_92783eb821"
        ],
        "localEdgeId": "edge_25_campus_outdoor_21053e7ab6_campus_outdoor_92783eb821",
        "localEdgeType": "walk",
        "source": "global-nav-0408-gcj2wgs84",
        "verificationStatus": "from-navigation-graph-unverified"
      },
      "geometry": {
        "type": "LineString",
        "coordinates": [
          [
            113.47783268536448,
            22.889079270585917
          ],
          [
            113.47716442099905,
            22.889510166487035
          ]
        ]
      }
    },
    {
      "type": "Feature",
      "id": "local/global-nav/edge_26_campus_outdoor_21053e7ab6_campus_outdoor_a10d501952",
      "properties": {
        "featureClass": "road",
        "highway": "footway",
        "osmId": "local/global-nav/edge_26_campus_outdoor_21053e7ab6_campus_outdoor_a10d501952",
        "osmNodeIds": [
          "local-nav/campus_outdoor_21053e7ab6",
          10740248757
        ],
        "localEdgeId": "edge_26_campus_outdoor_21053e7ab6_campus_outdoor_a10d501952",
        "localEdgeType": "walk",
        "source": "global-nav-0408-gcj2wgs84",
        "verificationStatus": "from-navigation-graph-unverified"
      },
      "geometry": {
        "type": "LineString",
        "coordinates": [
          [
            113.47783268536448,
            22.889079270585917
          ],
          [
            113.47801630850628,
            22.888965847797646
          ]
        ]
      }
    },
    {
      "type": "Feature",
      "id": "local/global-nav/edge_27_campus_outdoor_0c8a3f4bef_campus_outdoor_153a892750",
      "properties": {
        "featureClass": "road",
        "highway": "footway",
        "osmId": "local/global-nav/edge_27_campus_outdoor_0c8a3f4bef_campus_outdoor_153a892750",
        "osmNodeIds": [
          "local-nav/campus_outdoor_0c8a3f4bef",
          "local-nav/campus_outdoor_153a892750"
        ],
        "localEdgeId": "edge_27_campus_outdoor_0c8a3f4bef_campus_outdoor_153a892750",
        "localEdgeType": "walk",
        "source": "global-nav-0408-gcj2wgs84",
        "verificationStatus": "from-navigation-graph-unverified"
      },
      "geometry": {
        "type": "LineString",
        "coordinates": [
          [
            113.47724568430223,
            22.889632351440603
          ],
          [
            113.47732494167941,
            22.889744534737005
          ]
        ]
      }
    },
    {
      "type": "Feature",
      "id": "local/global-nav/edge_28_campus_outdoor_0c8a3f4bef_campus_outdoor_92783eb821",
      "properties": {
        "featureClass": "road",
        "highway": "footway",
        "osmId": "local/global-nav/edge_28_campus_outdoor_0c8a3f4bef_campus_outdoor_92783eb821",
        "osmNodeIds": [
          "local-nav/campus_outdoor_0c8a3f4bef",
          "local-nav/campus_outdoor_92783eb821"
        ],
        "localEdgeId": "edge_28_campus_outdoor_0c8a3f4bef_campus_outdoor_92783eb821",
        "localEdgeType": "walk",
        "source": "global-nav-0408-gcj2wgs84",
        "verificationStatus": "from-navigation-graph-unverified"
      },
      "geometry": {
        "type": "LineString",
        "coordinates": [
          [
            113.47724568430223,
            22.889632351440603
          ],
          [
            113.47716442099905,
            22.889510166487035
          ]
        ]
      }
    },
    {
      "type": "Feature",
      "id": "local/global-nav/edge_29_campus_outdoor_1b16b9c665_campus_outdoor_729816028c",
      "properties": {
        "featureClass": "road",
        "highway": "footway",
        "osmId": "local/global-nav/edge_29_campus_outdoor_1b16b9c665_campus_outdoor_729816028c",
        "osmNodeIds": [
          "local-nav/campus_outdoor_1b16b9c665",
          "local-nav/campus_outdoor_729816028c"
        ],
        "localEdgeId": "edge_29_campus_outdoor_1b16b9c665_campus_outdoor_729816028c",
        "localEdgeType": "walk",
        "source": "global-nav-0408-gcj2wgs84",
        "verificationStatus": "from-navigation-graph-unverified"
      },
      "geometry": {
        "type": "LineString",
        "coordinates": [
          [
            113.47879996979047,
            22.888544290974796
          ],
          [
            113.47840261972863,
            22.888750054397086
          ]
        ]
      }
    },
    {
      "type": "Feature",
      "id": "local/global-nav/edge_30_campus_outdoor_1b16b9c665_campus_outdoor_f86d923cff",
      "properties": {
        "featureClass": "road",
        "highway": "footway",
        "osmId": "local/global-nav/edge_30_campus_outdoor_1b16b9c665_campus_outdoor_f86d923cff",
        "osmNodeIds": [
          "local-nav/campus_outdoor_1b16b9c665",
          "local-nav/campus_outdoor_f86d923cff"
        ],
        "localEdgeId": "edge_30_campus_outdoor_1b16b9c665_campus_outdoor_f86d923cff",
        "localEdgeType": "walk",
        "source": "global-nav-0408-gcj2wgs84",
        "verificationStatus": "from-navigation-graph-unverified"
      },
      "geometry": {
        "type": "LineString",
        "coordinates": [
          [
            113.47879996979047,
            22.888544290974796
          ],
          [
            113.47912206603394,
            22.888376295329937
          ]
        ]
      }
    },
    {
      "type": "Feature",
      "id": "local/global-nav/edge_31_campus_outdoor_f86d923cff_campus_outdoor_1b16b9c665",
      "properties": {
        "featureClass": "road",
        "highway": "footway",
        "osmId": "local/global-nav/edge_31_campus_outdoor_f86d923cff_campus_outdoor_1b16b9c665",
        "osmNodeIds": [
          "local-nav/campus_outdoor_f86d923cff",
          "local-nav/campus_outdoor_1b16b9c665"
        ],
        "localEdgeId": "edge_31_campus_outdoor_f86d923cff_campus_outdoor_1b16b9c665",
        "localEdgeType": "walk",
        "source": "global-nav-0408-gcj2wgs84",
        "verificationStatus": "from-navigation-graph-unverified"
      },
      "geometry": {
        "type": "LineString",
        "coordinates": [
          [
            113.47912206603394,
            22.888376295329937
          ],
          [
            113.47879996979047,
            22.888544290974796
          ]
        ]
      }
    },
    {
      "type": "Feature",
      "id": "local/global-nav/edge_32_campus_outdoor_f86d923cff_campus_outdoor_e801879d62",
      "properties": {
        "featureClass": "road",
        "highway": "footway",
        "osmId": "local/global-nav/edge_32_campus_outdoor_f86d923cff_campus_outdoor_e801879d62",
        "osmNodeIds": [
          "local-nav/campus_outdoor_f86d923cff",
          "local-nav/campus_outdoor_e801879d62"
        ],
        "localEdgeId": "edge_32_campus_outdoor_f86d923cff_campus_outdoor_e801879d62",
        "localEdgeType": "walk",
        "source": "global-nav-0408-gcj2wgs84",
        "verificationStatus": "from-navigation-graph-unverified"
      },
      "geometry": {
        "type": "LineString",
        "coordinates": [
          [
            113.47912206603394,
            22.888376295329937
          ],
          [
            113.47925351433547,
            22.888300708422623
          ]
        ]
      }
    },
    {
      "type": "Feature",
      "id": "local/global-nav/edge_33_campus_outdoor_729816028c_campus_outdoor_1b16b9c665",
      "properties": {
        "featureClass": "road",
        "highway": "footway",
        "osmId": "local/global-nav/edge_33_campus_outdoor_729816028c_campus_outdoor_1b16b9c665",
        "osmNodeIds": [
          "local-nav/campus_outdoor_729816028c",
          "local-nav/campus_outdoor_1b16b9c665"
        ],
        "localEdgeId": "edge_33_campus_outdoor_729816028c_campus_outdoor_1b16b9c665",
        "localEdgeType": "walk",
        "source": "global-nav-0408-gcj2wgs84",
        "verificationStatus": "from-navigation-graph-unverified"
      },
      "geometry": {
        "type": "LineString",
        "coordinates": [
          [
            113.47840261972863,
            22.888750054397086
          ],
          [
            113.47879996979047,
            22.888544290974796
          ]
        ]
      }
    },
    {
      "type": "Feature",
      "id": "local/global-nav/edge_34_campus_outdoor_729816028c_campus_outdoor_a10d501952",
      "properties": {
        "featureClass": "road",
        "highway": "footway",
        "osmId": "local/global-nav/edge_34_campus_outdoor_729816028c_campus_outdoor_a10d501952",
        "osmNodeIds": [
          "local-nav/campus_outdoor_729816028c",
          10740248757
        ],
        "localEdgeId": "edge_34_campus_outdoor_729816028c_campus_outdoor_a10d501952",
        "localEdgeType": "walk",
        "source": "global-nav-0408-gcj2wgs84",
        "verificationStatus": "from-navigation-graph-unverified"
      },
      "geometry": {
        "type": "LineString",
        "coordinates": [
          [
            113.47840261972863,
            22.888750054397086
          ],
          [
            113.47801630850628,
            22.888965847797646
          ]
        ]
      }
    },
    {
      "type": "Feature",
      "id": "local/global-nav/edge_35_campus_outdoor_3681eefc11_campus_outdoor_6c797fd753",
      "properties": {
        "featureClass": "road",
        "highway": "footway",
        "osmId": "local/global-nav/edge_35_campus_outdoor_3681eefc11_campus_outdoor_6c797fd753",
        "osmNodeIds": [
          "local-nav/campus_outdoor_3681eefc11",
          "local-nav/campus_outdoor_6c797fd753"
        ],
        "localEdgeId": "edge_35_campus_outdoor_3681eefc11_campus_outdoor_6c797fd753",
        "localEdgeType": "walk",
        "source": "global-nav-0408-gcj2wgs84",
        "verificationStatus": "from-navigation-graph-unverified"
      },
      "geometry": {
        "type": "LineString",
        "coordinates": [
          [
            113.48020275643633,
            22.887797680521075
          ],
          [
            113.4796679277999,
            22.888086002642474
          ]
        ]
      }
    },
    {
      "type": "Feature",
      "id": "local/global-nav/edge_36_campus_outdoor_3681eefc11_campus_outdoor_6cefc5f0b3",
      "properties": {
        "featureClass": "road",
        "highway": "footway",
        "osmId": "local/global-nav/edge_36_campus_outdoor_3681eefc11_campus_outdoor_6cefc5f0b3",
        "osmNodeIds": [
          "local-nav/campus_outdoor_3681eefc11",
          "local-nav/campus_outdoor_6cefc5f0b3"
        ],
        "localEdgeId": "edge_36_campus_outdoor_3681eefc11_campus_outdoor_6cefc5f0b3",
        "localEdgeType": "walk",
        "source": "global-nav-0408-gcj2wgs84",
        "verificationStatus": "from-navigation-graph-unverified"
      },
      "geometry": {
        "type": "LineString",
        "coordinates": [
          [
            113.48020275643633,
            22.887797680521075
          ],
          [
            113.48081284730465,
            22.8874695982613
          ]
        ]
      }
    },
    {
      "type": "Feature",
      "id": "local/global-nav/edge_37_campus_outdoor_6c797fd753_campus_outdoor_3681eefc11",
      "properties": {
        "featureClass": "road",
        "highway": "footway",
        "osmId": "local/global-nav/edge_37_campus_outdoor_6c797fd753_campus_outdoor_3681eefc11",
        "osmNodeIds": [
          "local-nav/campus_outdoor_6c797fd753",
          "local-nav/campus_outdoor_3681eefc11"
        ],
        "localEdgeId": "edge_37_campus_outdoor_6c797fd753_campus_outdoor_3681eefc11",
        "localEdgeType": "walk",
        "source": "global-nav-0408-gcj2wgs84",
        "verificationStatus": "from-navigation-graph-unverified"
      },
      "geometry": {
        "type": "LineString",
        "coordinates": [
          [
            113.4796679277999,
            22.888086002642474
          ],
          [
            113.48020275643633,
            22.887797680521075
          ]
        ]
      }
    },
    {
      "type": "Feature",
      "id": "local/global-nav/edge_38_campus_outdoor_6c797fd753_campus_outdoor_6d4bdea8fc",
      "properties": {
        "featureClass": "road",
        "highway": "footway",
        "osmId": "local/global-nav/edge_38_campus_outdoor_6c797fd753_campus_outdoor_6d4bdea8fc",
        "osmNodeIds": [
          "local-nav/campus_outdoor_6c797fd753",
          "local-nav/campus_outdoor_6d4bdea8fc"
        ],
        "localEdgeId": "edge_38_campus_outdoor_6c797fd753_campus_outdoor_6d4bdea8fc",
        "localEdgeType": "walk",
        "source": "global-nav-0408-gcj2wgs84",
        "verificationStatus": "from-navigation-graph-unverified"
      },
      "geometry": {
        "type": "LineString",
        "coordinates": [
          [
            113.4796679277999,
            22.888086002642474
          ],
          [
            113.47953246519641,
            22.88816057758587
          ]
        ]
      }
    },
    {
      "type": "Feature",
      "id": "local/global-nav/edge_39_campus_outdoor_6cefc5f0b3_campus_outdoor_3681eefc11",
      "properties": {
        "featureClass": "road",
        "highway": "footway",
        "osmId": "local/global-nav/edge_39_campus_outdoor_6cefc5f0b3_campus_outdoor_3681eefc11",
        "osmNodeIds": [
          "local-nav/campus_outdoor_6cefc5f0b3",
          "local-nav/campus_outdoor_3681eefc11"
        ],
        "localEdgeId": "edge_39_campus_outdoor_6cefc5f0b3_campus_outdoor_3681eefc11",
        "localEdgeType": "walk",
        "source": "global-nav-0408-gcj2wgs84",
        "verificationStatus": "from-navigation-graph-unverified"
      },
      "geometry": {
        "type": "LineString",
        "coordinates": [
          [
            113.48081284730465,
            22.8874695982613
          ],
          [
            113.48020275643633,
            22.887797680521075
          ]
        ]
      }
    },
    {
      "type": "Feature",
      "id": "local/global-nav/edge_40_campus_outdoor_6cefc5f0b3_campus_outdoor_d3e2950a46",
      "properties": {
        "featureClass": "road",
        "highway": "footway",
        "osmId": "local/global-nav/edge_40_campus_outdoor_6cefc5f0b3_campus_outdoor_d3e2950a46",
        "osmNodeIds": [
          "local-nav/campus_outdoor_6cefc5f0b3",
          "local-nav/campus_outdoor_d3e2950a46"
        ],
        "localEdgeId": "edge_40_campus_outdoor_6cefc5f0b3_campus_outdoor_d3e2950a46",
        "localEdgeType": "walk",
        "source": "global-nav-0408-gcj2wgs84",
        "verificationStatus": "from-navigation-graph-unverified"
      },
      "geometry": {
        "type": "LineString",
        "coordinates": [
          [
            113.48081284730465,
            22.8874695982613
          ],
          [
            113.4811931489978,
            22.887328770131948
          ]
        ]
      }
    },
    {
      "type": "Feature",
      "id": "local/global-nav/edge_41_campus_outdoor_d3e2950a46_campus_outdoor_6cefc5f0b3",
      "properties": {
        "featureClass": "road",
        "highway": "footway",
        "osmId": "local/global-nav/edge_41_campus_outdoor_d3e2950a46_campus_outdoor_6cefc5f0b3",
        "osmNodeIds": [
          "local-nav/campus_outdoor_d3e2950a46",
          "local-nav/campus_outdoor_6cefc5f0b3"
        ],
        "localEdgeId": "edge_41_campus_outdoor_d3e2950a46_campus_outdoor_6cefc5f0b3",
        "localEdgeType": "walk",
        "source": "global-nav-0408-gcj2wgs84",
        "verificationStatus": "from-navigation-graph-unverified"
      },
      "geometry": {
        "type": "LineString",
        "coordinates": [
          [
            113.4811931489978,
            22.887328770131948
          ],
          [
            113.48081284730465,
            22.8874695982613
          ]
        ]
      }
    },
    {
      "type": "Feature",
      "id": "local/global-nav/edge_42_campus_outdoor_d3e2950a46_campus_outdoor_6f443244d6",
      "properties": {
        "featureClass": "road",
        "highway": "footway",
        "osmId": "local/global-nav/edge_42_campus_outdoor_d3e2950a46_campus_outdoor_6f443244d6",
        "osmNodeIds": [
          "local-nav/campus_outdoor_d3e2950a46",
          "local-nav/campus_outdoor_6f443244d6"
        ],
        "localEdgeId": "edge_42_campus_outdoor_d3e2950a46_campus_outdoor_6f443244d6",
        "localEdgeType": "walk",
        "source": "global-nav-0408-gcj2wgs84",
        "verificationStatus": "from-navigation-graph-unverified"
      },
      "geometry": {
        "type": "LineString",
        "coordinates": [
          [
            113.4811931489978,
            22.887328770131948
          ],
          [
            113.48170389630125,
            22.88719832278902
          ]
        ]
      }
    },
    {
      "type": "Feature",
      "id": "local/global-nav/edge_43_campus_outdoor_1aa1563bfa_campus_outdoor_01f353d6de",
      "properties": {
        "featureClass": "road",
        "highway": "footway",
        "osmId": "local/global-nav/edge_43_campus_outdoor_1aa1563bfa_campus_outdoor_01f353d6de",
        "osmNodeIds": [
          "local-nav/campus_outdoor_1aa1563bfa",
          "local-nav/campus_outdoor_01f353d6de"
        ],
        "localEdgeId": "edge_43_campus_outdoor_1aa1563bfa_campus_outdoor_01f353d6de",
        "localEdgeType": "walk",
        "source": "global-nav-0408-gcj2wgs84",
        "verificationStatus": "from-navigation-graph-unverified"
      },
      "geometry": {
        "type": "LineString",
        "coordinates": [
          [
            113.48250553648731,
            22.88863010499634
          ],
          [
            113.48270917135397,
            22.88955033367873
          ]
        ]
      }
    },
    {
      "type": "Feature",
      "id": "local/global-nav/edge_44_campus_outdoor_1aa1563bfa_campus_outdoor_b42ff71d9c",
      "properties": {
        "featureClass": "road",
        "highway": "footway",
        "osmId": "local/global-nav/edge_44_campus_outdoor_1aa1563bfa_campus_outdoor_b42ff71d9c",
        "osmNodeIds": [
          "local-nav/campus_outdoor_1aa1563bfa",
          "local-nav/campus_outdoor_b42ff71d9c"
        ],
        "localEdgeId": "edge_44_campus_outdoor_1aa1563bfa_campus_outdoor_b42ff71d9c",
        "localEdgeType": "walk",
        "source": "global-nav-0408-gcj2wgs84",
        "verificationStatus": "from-navigation-graph-unverified"
      },
      "geometry": {
        "type": "LineString",
        "coordinates": [
          [
            113.48250553648731,
            22.88863010499634
          ],
          [
            113.48205998928708,
            22.889016636387776
          ]
        ]
      }
    },
    {
      "type": "Feature",
      "id": "local/global-nav/edge_45_campus_outdoor_1aa1563bfa_campus_outdoor_f5c70dd210",
      "properties": {
        "featureClass": "road",
        "highway": "footway",
        "osmId": "local/global-nav/edge_45_campus_outdoor_1aa1563bfa_campus_outdoor_f5c70dd210",
        "osmNodeIds": [
          "local-nav/campus_outdoor_1aa1563bfa",
          "local-nav/campus_outdoor_f5c70dd210"
        ],
        "localEdgeId": "edge_45_campus_outdoor_1aa1563bfa_campus_outdoor_f5c70dd210",
        "localEdgeType": "walk",
        "source": "global-nav-0408-gcj2wgs84",
        "verificationStatus": "from-navigation-graph-unverified"
      },
      "geometry": {
        "type": "LineString",
        "coordinates": [
          [
            113.48250553648731,
            22.88863010499634
          ],
          [
            113.48232999320528,
            22.887782929617384
          ]
        ]
      }
    },
    {
      "type": "Feature",
      "id": "local/global-nav/edge_46_campus_outdoor_f5c70dd210_campus_outdoor_1aa1563bfa",
      "properties": {
        "featureClass": "road",
        "highway": "footway",
        "osmId": "local/global-nav/edge_46_campus_outdoor_f5c70dd210_campus_outdoor_1aa1563bfa",
        "osmNodeIds": [
          "local-nav/campus_outdoor_f5c70dd210",
          "local-nav/campus_outdoor_1aa1563bfa"
        ],
        "localEdgeId": "edge_46_campus_outdoor_f5c70dd210_campus_outdoor_1aa1563bfa",
        "localEdgeType": "walk",
        "source": "global-nav-0408-gcj2wgs84",
        "verificationStatus": "from-navigation-graph-unverified"
      },
      "geometry": {
        "type": "LineString",
        "coordinates": [
          [
            113.48232999320528,
            22.887782929617384
          ],
          [
            113.48250553648731,
            22.88863010499634
          ]
        ]
      }
    },
    {
      "type": "Feature",
      "id": "local/global-nav/edge_47_campus_outdoor_f5c70dd210_campus_outdoor_974778ff7e",
      "properties": {
        "featureClass": "road",
        "highway": "footway",
        "osmId": "local/global-nav/edge_47_campus_outdoor_f5c70dd210_campus_outdoor_974778ff7e",
        "osmNodeIds": [
          "local-nav/campus_outdoor_f5c70dd210",
          "local-nav/campus_outdoor_974778ff7e"
        ],
        "localEdgeId": "edge_47_campus_outdoor_f5c70dd210_campus_outdoor_974778ff7e",
        "localEdgeType": "walk",
        "source": "global-nav-0408-gcj2wgs84",
        "verificationStatus": "from-navigation-graph-unverified"
      },
      "geometry": {
        "type": "LineString",
        "coordinates": [
          [
            113.48232999320528,
            22.887782929617384
          ],
          [
            113.48216345326284,
            22.88735261266301
          ]
        ]
      }
    },
    {
      "type": "Feature",
      "id": "local/global-nav/edge_48_campus_outdoor_f5c70dd210_campus_outdoor_af3ec53126",
      "properties": {
        "featureClass": "road",
        "highway": "footway",
        "osmId": "local/global-nav/edge_48_campus_outdoor_f5c70dd210_campus_outdoor_af3ec53126",
        "osmNodeIds": [
          "local-nav/campus_outdoor_f5c70dd210",
          "local-nav/campus_outdoor_af3ec53126"
        ],
        "localEdgeId": "edge_48_campus_outdoor_f5c70dd210_campus_outdoor_af3ec53126",
        "localEdgeType": "walk",
        "source": "global-nav-0408-gcj2wgs84",
        "verificationStatus": "from-navigation-graph-unverified"
      },
      "geometry": {
        "type": "LineString",
        "coordinates": [
          [
            113.48232999320528,
            22.887782929617384
          ],
          [
            113.48157339460197,
            22.888055593430742
          ]
        ]
      }
    },
    {
      "type": "Feature",
      "id": "local/global-nav/edge_49_campus_outdoor_01f353d6de_campus_outdoor_042bb604d4",
      "properties": {
        "featureClass": "road",
        "highway": "footway",
        "osmId": "local/global-nav/edge_49_campus_outdoor_01f353d6de_campus_outdoor_042bb604d4",
        "osmNodeIds": [
          "local-nav/campus_outdoor_01f353d6de",
          11073090147
        ],
        "localEdgeId": "edge_49_campus_outdoor_01f353d6de_campus_outdoor_042bb604d4",
        "localEdgeType": "walk",
        "source": "global-nav-0408-gcj2wgs84",
        "verificationStatus": "from-navigation-graph-unverified"
      },
      "geometry": {
        "type": "LineString",
        "coordinates": [
          [
            113.48270917135397,
            22.88955033367873
          ],
          [
            113.48275830409486,
            22.890080264322965
          ]
        ]
      }
    },
    {
      "type": "Feature",
      "id": "local/global-nav/edge_50_campus_outdoor_01f353d6de_campus_outdoor_1aa1563bfa",
      "properties": {
        "featureClass": "road",
        "highway": "footway",
        "osmId": "local/global-nav/edge_50_campus_outdoor_01f353d6de_campus_outdoor_1aa1563bfa",
        "osmNodeIds": [
          "local-nav/campus_outdoor_01f353d6de",
          "local-nav/campus_outdoor_1aa1563bfa"
        ],
        "localEdgeId": "edge_50_campus_outdoor_01f353d6de_campus_outdoor_1aa1563bfa",
        "localEdgeType": "walk",
        "source": "global-nav-0408-gcj2wgs84",
        "verificationStatus": "from-navigation-graph-unverified"
      },
      "geometry": {
        "type": "LineString",
        "coordinates": [
          [
            113.48270917135397,
            22.88955033367873
          ],
          [
            113.48250553648731,
            22.88863010499634
          ]
        ]
      }
    },
    {
      "type": "Feature",
      "id": "local/global-nav/edge_51_campus_outdoor_042bb604d4_campus_outdoor_01f353d6de",
      "properties": {
        "featureClass": "road",
        "highway": "footway",
        "osmId": "local/global-nav/edge_51_campus_outdoor_042bb604d4_campus_outdoor_01f353d6de",
        "osmNodeIds": [
          11073090147,
          "local-nav/campus_outdoor_01f353d6de"
        ],
        "localEdgeId": "edge_51_campus_outdoor_042bb604d4_campus_outdoor_01f353d6de",
        "localEdgeType": "walk",
        "source": "global-nav-0408-gcj2wgs84",
        "verificationStatus": "from-navigation-graph-unverified"
      },
      "geometry": {
        "type": "LineString",
        "coordinates": [
          [
            113.48275830409486,
            22.890080264322965
          ],
          [
            113.48270917135397,
            22.88955033367873
          ]
        ]
      }
    },
    {
      "type": "Feature",
      "id": "local/global-nav/edge_52_campus_outdoor_042bb604d4_campus_outdoor_b8d136cffc",
      "properties": {
        "featureClass": "road",
        "highway": "footway",
        "osmId": "local/global-nav/edge_52_campus_outdoor_042bb604d4_campus_outdoor_b8d136cffc",
        "osmNodeIds": [
          11073090147,
          "local-nav/campus_outdoor_b8d136cffc"
        ],
        "localEdgeId": "edge_52_campus_outdoor_042bb604d4_campus_outdoor_b8d136cffc",
        "localEdgeType": "walk",
        "source": "global-nav-0408-gcj2wgs84",
        "verificationStatus": "from-navigation-graph-unverified"
      },
      "geometry": {
        "type": "LineString",
        "coordinates": [
          [
            113.48275830409486,
            22.890080264322965
          ],
          [
            113.48276130196072,
            22.890266197943546
          ]
        ]
      }
    },
    {
      "type": "Feature",
      "id": "local/global-nav/edge_53_campus_outdoor_f455a2eb5a_campus_outdoor_890fdc4489",
      "properties": {
        "featureClass": "road",
        "highway": "footway",
        "osmId": "local/global-nav/edge_53_campus_outdoor_f455a2eb5a_campus_outdoor_890fdc4489",
        "osmNodeIds": [
          "local-nav/campus_outdoor_f455a2eb5a",
          "local-nav/campus_outdoor_890fdc4489"
        ],
        "localEdgeId": "edge_53_campus_outdoor_f455a2eb5a_campus_outdoor_890fdc4489",
        "localEdgeType": "walk",
        "source": "global-nav-0408-gcj2wgs84",
        "verificationStatus": "from-navigation-graph-unverified"
      },
      "geometry": {
        "type": "LineString",
        "coordinates": [
          [
            113.48291683236192,
            22.890292646256242
          ],
          [
            113.48285863373967,
            22.890284477773303
          ]
        ]
      }
    },
    {
      "type": "Feature",
      "id": "local/global-nav/edge_54_campus_outdoor_f455a2eb5a_campus_outdoor_8ea6703b4c",
      "properties": {
        "featureClass": "road",
        "highway": "footway",
        "osmId": "local/global-nav/edge_54_campus_outdoor_f455a2eb5a_campus_outdoor_8ea6703b4c",
        "osmNodeIds": [
          "local-nav/campus_outdoor_f455a2eb5a",
          "local-nav/campus_outdoor_8ea6703b4c"
        ],
        "localEdgeId": "edge_54_campus_outdoor_f455a2eb5a_campus_outdoor_8ea6703b4c",
        "localEdgeType": "walk",
        "source": "global-nav-0408-gcj2wgs84",
        "verificationStatus": "from-navigation-graph-unverified"
      },
      "geometry": {
        "type": "LineString",
        "coordinates": [
          [
            113.48291683236192,
            22.890292646256242
          ],
          [
            113.48296298419457,
            22.890384745240173
          ]
        ]
      }
    },
    {
      "type": "Feature",
      "id": "local/global-nav/edge_55_campus_outdoor_f455a2eb5a_campus_outdoor_d2a750b4d3",
      "properties": {
        "featureClass": "road",
        "highway": "footway",
        "osmId": "local/global-nav/edge_55_campus_outdoor_f455a2eb5a_campus_outdoor_d2a750b4d3",
        "osmNodeIds": [
          "local-nav/campus_outdoor_f455a2eb5a",
          "local-nav/campus_outdoor_d2a750b4d3"
        ],
        "localEdgeId": "edge_55_campus_outdoor_f455a2eb5a_campus_outdoor_d2a750b4d3",
        "localEdgeType": "walk",
        "source": "global-nav-0408-gcj2wgs84",
        "verificationStatus": "from-navigation-graph-unverified"
      },
      "geometry": {
        "type": "LineString",
        "coordinates": [
          [
            113.48291683236192,
            22.890292646256242
          ],
          [
            113.48342860633727,
            22.8899792850517
          ]
        ]
      }
    },
    {
      "type": "Feature",
      "id": "local/global-nav/edge_56_campus_outdoor_d2a750b4d3_campus_outdoor_b37d31a807",
      "properties": {
        "featureClass": "road",
        "highway": "footway",
        "osmId": "local/global-nav/edge_56_campus_outdoor_d2a750b4d3_campus_outdoor_b37d31a807",
        "osmNodeIds": [
          "local-nav/campus_outdoor_d2a750b4d3",
          "local-nav/campus_outdoor_b37d31a807"
        ],
        "localEdgeId": "edge_56_campus_outdoor_d2a750b4d3_campus_outdoor_b37d31a807",
        "localEdgeType": "walk",
        "source": "global-nav-0408-gcj2wgs84",
        "verificationStatus": "from-navigation-graph-unverified"
      },
      "geometry": {
        "type": "LineString",
        "coordinates": [
          [
            113.48342860633727,
            22.8899792850517
          ],
          [
            113.4839303496565,
            22.889653901376576
          ]
        ]
      }
    },
    {
      "type": "Feature",
      "id": "local/global-nav/edge_57_campus_outdoor_d2a750b4d3_campus_outdoor_f455a2eb5a",
      "properties": {
        "featureClass": "road",
        "highway": "footway",
        "osmId": "local/global-nav/edge_57_campus_outdoor_d2a750b4d3_campus_outdoor_f455a2eb5a",
        "osmNodeIds": [
          "local-nav/campus_outdoor_d2a750b4d3",
          "local-nav/campus_outdoor_f455a2eb5a"
        ],
        "localEdgeId": "edge_57_campus_outdoor_d2a750b4d3_campus_outdoor_f455a2eb5a",
        "localEdgeType": "walk",
        "source": "global-nav-0408-gcj2wgs84",
        "verificationStatus": "from-navigation-graph-unverified"
      },
      "geometry": {
        "type": "LineString",
        "coordinates": [
          [
            113.48342860633727,
            22.8899792850517
          ],
          [
            113.48291683236192,
            22.890292646256242
          ]
        ]
      }
    },
    {
      "type": "Feature",
      "id": "local/global-nav/edge_58_campus_outdoor_b37d31a807_campus_outdoor_d2a750b4d3",
      "properties": {
        "featureClass": "road",
        "highway": "footway",
        "osmId": "local/global-nav/edge_58_campus_outdoor_b37d31a807_campus_outdoor_d2a750b4d3",
        "osmNodeIds": [
          "local-nav/campus_outdoor_b37d31a807",
          "local-nav/campus_outdoor_d2a750b4d3"
        ],
        "localEdgeId": "edge_58_campus_outdoor_b37d31a807_campus_outdoor_d2a750b4d3",
        "localEdgeType": "walk",
        "source": "global-nav-0408-gcj2wgs84",
        "verificationStatus": "from-navigation-graph-unverified"
      },
      "geometry": {
        "type": "LineString",
        "coordinates": [
          [
            113.4839303496565,
            22.889653901376576
          ],
          [
            113.48342860633727,
            22.8899792850517
          ]
        ]
      }
    },
    {
      "type": "Feature",
      "id": "local/global-nav/edge_59_campus_outdoor_599eeb6126_campus_outdoor_83c87c9a42",
      "properties": {
        "featureClass": "road",
        "highway": "footway",
        "osmId": "local/global-nav/edge_59_campus_outdoor_599eeb6126_campus_outdoor_83c87c9a42",
        "osmNodeIds": [
          "local-nav/campus_outdoor_599eeb6126",
          "local-nav/campus_outdoor_83c87c9a42"
        ],
        "localEdgeId": "edge_59_campus_outdoor_599eeb6126_campus_outdoor_83c87c9a42",
        "localEdgeType": "walk",
        "source": "global-nav-0408-gcj2wgs84",
        "verificationStatus": "from-navigation-graph-unverified"
      },
      "geometry": {
        "type": "LineString",
        "coordinates": [
          [
            113.48243114501777,
            22.890690052801723
          ],
          [
            113.48264489060561,
            22.890464774177808
          ]
        ]
      }
    },
    {
      "type": "Feature",
      "id": "local/global-nav/edge_60_campus_outdoor_599eeb6126_campus_outdoor_c7d56e1075",
      "properties": {
        "featureClass": "road",
        "highway": "footway",
        "osmId": "local/global-nav/edge_60_campus_outdoor_599eeb6126_campus_outdoor_c7d56e1075",
        "osmNodeIds": [
          "local-nav/campus_outdoor_599eeb6126",
          "local-nav/campus_outdoor_c7d56e1075"
        ],
        "localEdgeId": "edge_60_campus_outdoor_599eeb6126_campus_outdoor_c7d56e1075",
        "localEdgeType": "walk",
        "source": "global-nav-0408-gcj2wgs84",
        "verificationStatus": "from-navigation-graph-unverified"
      },
      "geometry": {
        "type": "LineString",
        "coordinates": [
          [
            113.48243114501777,
            22.890690052801723
          ],
          [
            113.48216321322775,
            22.890942161428338
          ]
        ]
      }
    },
    {
      "type": "Feature",
      "id": "local/global-nav/edge_61_campus_outdoor_c7d56e1075_campus_outdoor_599eeb6126",
      "properties": {
        "featureClass": "road",
        "highway": "footway",
        "osmId": "local/global-nav/edge_61_campus_outdoor_c7d56e1075_campus_outdoor_599eeb6126",
        "osmNodeIds": [
          "local-nav/campus_outdoor_c7d56e1075",
          "local-nav/campus_outdoor_599eeb6126"
        ],
        "localEdgeId": "edge_61_campus_outdoor_c7d56e1075_campus_outdoor_599eeb6126",
        "localEdgeType": "walk",
        "source": "global-nav-0408-gcj2wgs84",
        "verificationStatus": "from-navigation-graph-unverified"
      },
      "geometry": {
        "type": "LineString",
        "coordinates": [
          [
            113.48216321322775,
            22.890942161428338
          ],
          [
            113.48243114501777,
            22.890690052801723
          ]
        ]
      }
    },
    {
      "type": "Feature",
      "id": "local/global-nav/edge_62_campus_outdoor_c7d56e1075_campus_outdoor_5f1d48f964",
      "properties": {
        "featureClass": "road",
        "highway": "footway",
        "osmId": "local/global-nav/edge_62_campus_outdoor_c7d56e1075_campus_outdoor_5f1d48f964",
        "osmNodeIds": [
          "local-nav/campus_outdoor_c7d56e1075",
          "local-nav/campus_outdoor_5f1d48f964"
        ],
        "localEdgeId": "edge_62_campus_outdoor_c7d56e1075_campus_outdoor_5f1d48f964",
        "localEdgeType": "walk",
        "source": "global-nav-0408-gcj2wgs84",
        "verificationStatus": "from-navigation-graph-unverified"
      },
      "geometry": {
        "type": "LineString",
        "coordinates": [
          [
            113.48216321322775,
            22.890942161428338
          ],
          [
            113.48200867699636,
            22.891075652454425
          ]
        ]
      }
    },
    {
      "type": "Feature",
      "id": "local/global-nav/edge_63_campus_outdoor_5f1d48f964_campus_outdoor_c7d56e1075",
      "properties": {
        "featureClass": "road",
        "highway": "footway",
        "osmId": "local/global-nav/edge_63_campus_outdoor_5f1d48f964_campus_outdoor_c7d56e1075",
        "osmNodeIds": [
          "local-nav/campus_outdoor_5f1d48f964",
          "local-nav/campus_outdoor_c7d56e1075"
        ],
        "localEdgeId": "edge_63_campus_outdoor_5f1d48f964_campus_outdoor_c7d56e1075",
        "localEdgeType": "walk",
        "source": "global-nav-0408-gcj2wgs84",
        "verificationStatus": "from-navigation-graph-unverified"
      },
      "geometry": {
        "type": "LineString",
        "coordinates": [
          [
            113.48200867699636,
            22.891075652454425
          ],
          [
            113.48216321322775,
            22.890942161428338
          ]
        ]
      }
    },
    {
      "type": "Feature",
      "id": "local/global-nav/edge_64_campus_outdoor_5f1d48f964_campus_outdoor_cf5bd3a07e",
      "properties": {
        "featureClass": "road",
        "highway": "footway",
        "osmId": "local/global-nav/edge_64_campus_outdoor_5f1d48f964_campus_outdoor_cf5bd3a07e",
        "osmNodeIds": [
          "local-nav/campus_outdoor_5f1d48f964",
          "local-nav/campus_outdoor_cf5bd3a07e"
        ],
        "localEdgeId": "edge_64_campus_outdoor_5f1d48f964_campus_outdoor_cf5bd3a07e",
        "localEdgeType": "walk",
        "source": "global-nav-0408-gcj2wgs84",
        "verificationStatus": "from-navigation-graph-unverified"
      },
      "geometry": {
        "type": "LineString",
        "coordinates": [
          [
            113.48200867699636,
            22.891075652454425
          ],
          [
            113.48165846702013,
            22.89131652488321
          ]
        ]
      }
    },
    {
      "type": "Feature",
      "id": "local/global-nav/edge_65_campus_outdoor_5f1d48f964_campus_outdoor_ebc2d9ff54",
      "properties": {
        "featureClass": "road",
        "highway": "footway",
        "osmId": "local/global-nav/edge_65_campus_outdoor_5f1d48f964_campus_outdoor_ebc2d9ff54",
        "osmNodeIds": [
          "local-nav/campus_outdoor_5f1d48f964",
          "local-nav/campus_outdoor_ebc2d9ff54"
        ],
        "localEdgeId": "edge_65_campus_outdoor_5f1d48f964_campus_outdoor_ebc2d9ff54",
        "localEdgeType": "walk",
        "source": "global-nav-0408-gcj2wgs84",
        "verificationStatus": "from-navigation-graph-unverified"
      },
      "geometry": {
        "type": "LineString",
        "coordinates": [
          [
            113.48200867699636,
            22.891075652454425
          ],
          [
            113.48184010888782,
            22.890974197602894
          ]
        ]
      }
    },
    {
      "type": "Feature",
      "id": "local/global-nav/edge_66_campus_outdoor_cf5bd3a07e_campus_outdoor_5f1d48f964",
      "properties": {
        "featureClass": "road",
        "highway": "footway",
        "osmId": "local/global-nav/edge_66_campus_outdoor_cf5bd3a07e_campus_outdoor_5f1d48f964",
        "osmNodeIds": [
          "local-nav/campus_outdoor_cf5bd3a07e",
          "local-nav/campus_outdoor_5f1d48f964"
        ],
        "localEdgeId": "edge_66_campus_outdoor_cf5bd3a07e_campus_outdoor_5f1d48f964",
        "localEdgeType": "walk",
        "source": "global-nav-0408-gcj2wgs84",
        "verificationStatus": "from-navigation-graph-unverified"
      },
      "geometry": {
        "type": "LineString",
        "coordinates": [
          [
            113.48165846702013,
            22.89131652488321
          ],
          [
            113.48200867699636,
            22.891075652454425
          ]
        ]
      }
    },
    {
      "type": "Feature",
      "id": "local/global-nav/edge_67_campus_outdoor_cf5bd3a07e_campus_outdoor_d3638e0f24",
      "properties": {
        "featureClass": "road",
        "highway": "footway",
        "osmId": "local/global-nav/edge_67_campus_outdoor_cf5bd3a07e_campus_outdoor_d3638e0f24",
        "osmNodeIds": [
          "local-nav/campus_outdoor_cf5bd3a07e",
          "local-nav/campus_outdoor_d3638e0f24"
        ],
        "localEdgeId": "edge_67_campus_outdoor_cf5bd3a07e_campus_outdoor_d3638e0f24",
        "localEdgeType": "walk",
        "source": "global-nav-0408-gcj2wgs84",
        "verificationStatus": "from-navigation-graph-unverified"
      },
      "geometry": {
        "type": "LineString",
        "coordinates": [
          [
            113.48165846702013,
            22.89131652488321
          ],
          [
            113.48143870781769,
            22.891478813462804
          ]
        ]
      }
    },
    {
      "type": "Feature",
      "id": "local/global-nav/edge_68_campus_outdoor_d3638e0f24_campus_outdoor_cf5bd3a07e",
      "properties": {
        "featureClass": "road",
        "highway": "footway",
        "osmId": "local/global-nav/edge_68_campus_outdoor_d3638e0f24_campus_outdoor_cf5bd3a07e",
        "osmNodeIds": [
          "local-nav/campus_outdoor_d3638e0f24",
          "local-nav/campus_outdoor_cf5bd3a07e"
        ],
        "localEdgeId": "edge_68_campus_outdoor_d3638e0f24_campus_outdoor_cf5bd3a07e",
        "localEdgeType": "walk",
        "source": "global-nav-0408-gcj2wgs84",
        "verificationStatus": "from-navigation-graph-unverified"
      },
      "geometry": {
        "type": "LineString",
        "coordinates": [
          [
            113.48143870781769,
            22.891478813462804
          ],
          [
            113.48165846702013,
            22.89131652488321
          ]
        ]
      }
    },
    {
      "type": "Feature",
      "id": "local/global-nav/edge_69_campus_outdoor_d3638e0f24_campus_outdoor_e0093b7f73",
      "properties": {
        "featureClass": "road",
        "highway": "footway",
        "osmId": "local/global-nav/edge_69_campus_outdoor_d3638e0f24_campus_outdoor_e0093b7f73",
        "osmNodeIds": [
          "local-nav/campus_outdoor_d3638e0f24",
          "local-nav/campus_outdoor_e0093b7f73"
        ],
        "localEdgeId": "edge_69_campus_outdoor_d3638e0f24_campus_outdoor_e0093b7f73",
        "localEdgeType": "walk",
        "source": "global-nav-0408-gcj2wgs84",
        "verificationStatus": "from-navigation-graph-unverified"
      },
      "geometry": {
        "type": "LineString",
        "coordinates": [
          [
            113.48143870781769,
            22.891478813462804
          ],
          [
            113.48100321159106,
            22.891704444061638
          ]
        ]
      }
    },
    {
      "type": "Feature",
      "id": "local/global-nav/edge_70_campus_outdoor_d3638e0f24_campus_outdoor_f56f75b9b5",
      "properties": {
        "featureClass": "road",
        "highway": "footway",
        "osmId": "local/global-nav/edge_70_campus_outdoor_d3638e0f24_campus_outdoor_f56f75b9b5",
        "osmNodeIds": [
          "local-nav/campus_outdoor_d3638e0f24",
          "local-nav/campus_outdoor_f56f75b9b5"
        ],
        "localEdgeId": "edge_70_campus_outdoor_d3638e0f24_campus_outdoor_f56f75b9b5",
        "localEdgeType": "walk",
        "source": "global-nav-0408-gcj2wgs84",
        "verificationStatus": "from-navigation-graph-unverified"
      },
      "geometry": {
        "type": "LineString",
        "coordinates": [
          [
            113.48143870781769,
            22.891478813462804
          ],
          [
            113.48152700348184,
            22.89155304274236
          ]
        ]
      }
    },
    {
      "type": "Feature",
      "id": "local/global-nav/edge_71_campus_outdoor_e0093b7f73_campus_outdoor_cdf6a1bb17",
      "properties": {
        "featureClass": "road",
        "highway": "footway",
        "osmId": "local/global-nav/edge_71_campus_outdoor_e0093b7f73_campus_outdoor_cdf6a1bb17",
        "osmNodeIds": [
          "local-nav/campus_outdoor_e0093b7f73",
          "local-nav/campus_outdoor_cdf6a1bb17"
        ],
        "localEdgeId": "edge_71_campus_outdoor_e0093b7f73_campus_outdoor_cdf6a1bb17",
        "localEdgeType": "walk",
        "source": "global-nav-0408-gcj2wgs84",
        "verificationStatus": "from-navigation-graph-unverified"
      },
      "geometry": {
        "type": "LineString",
        "coordinates": [
          [
            113.48100321159106,
            22.891704444061638
          ],
          [
            113.4807904806357,
            22.891829769771398
          ]
        ]
      }
    },
    {
      "type": "Feature",
      "id": "local/global-nav/edge_72_campus_outdoor_e0093b7f73_campus_outdoor_d3638e0f24",
      "properties": {
        "featureClass": "road",
        "highway": "footway",
        "osmId": "local/global-nav/edge_72_campus_outdoor_e0093b7f73_campus_outdoor_d3638e0f24",
        "osmNodeIds": [
          "local-nav/campus_outdoor_e0093b7f73",
          "local-nav/campus_outdoor_d3638e0f24"
        ],
        "localEdgeId": "edge_72_campus_outdoor_e0093b7f73_campus_outdoor_d3638e0f24",
        "localEdgeType": "walk",
        "source": "global-nav-0408-gcj2wgs84",
        "verificationStatus": "from-navigation-graph-unverified"
      },
      "geometry": {
        "type": "LineString",
        "coordinates": [
          [
            113.48100321159106,
            22.891704444061638
          ],
          [
            113.48143870781769,
            22.891478813462804
          ]
        ]
      }
    },
    {
      "type": "Feature",
      "id": "local/global-nav/edge_73_campus_outdoor_cdf6a1bb17_campus_outdoor_288dbb0dbf",
      "properties": {
        "featureClass": "road",
        "highway": "footway",
        "osmId": "local/global-nav/edge_73_campus_outdoor_cdf6a1bb17_campus_outdoor_288dbb0dbf",
        "osmNodeIds": [
          "local-nav/campus_outdoor_cdf6a1bb17",
          "local-nav/campus_outdoor_288dbb0dbf"
        ],
        "localEdgeId": "edge_73_campus_outdoor_cdf6a1bb17_campus_outdoor_288dbb0dbf",
        "localEdgeType": "walk",
        "source": "global-nav-0408-gcj2wgs84",
        "verificationStatus": "from-navigation-graph-unverified"
      },
      "geometry": {
        "type": "LineString",
        "coordinates": [
          [
            113.4807904806357,
            22.891829769771398
          ],
          [
            113.48005195270882,
            22.892192462210524
          ]
        ]
      }
    },
    {
      "type": "Feature",
      "id": "local/global-nav/edge_74_campus_outdoor_cdf6a1bb17_campus_outdoor_a5d34c178d",
      "properties": {
        "featureClass": "road",
        "highway": "footway",
        "osmId": "local/global-nav/edge_74_campus_outdoor_cdf6a1bb17_campus_outdoor_a5d34c178d",
        "osmNodeIds": [
          "local-nav/campus_outdoor_cdf6a1bb17",
          "local-nav/campus_outdoor_a5d34c178d"
        ],
        "localEdgeId": "edge_74_campus_outdoor_cdf6a1bb17_campus_outdoor_a5d34c178d",
        "localEdgeType": "walk",
        "source": "global-nav-0408-gcj2wgs84",
        "verificationStatus": "from-navigation-graph-unverified"
      },
      "geometry": {
        "type": "LineString",
        "coordinates": [
          [
            113.4807904806357,
            22.891829769771398
          ],
          [
            113.48097207794423,
            22.892122183435895
          ]
        ]
      }
    },
    {
      "type": "Feature",
      "id": "local/global-nav/edge_75_campus_outdoor_cdf6a1bb17_campus_outdoor_e0093b7f73",
      "properties": {
        "featureClass": "road",
        "highway": "footway",
        "osmId": "local/global-nav/edge_75_campus_outdoor_cdf6a1bb17_campus_outdoor_e0093b7f73",
        "osmNodeIds": [
          "local-nav/campus_outdoor_cdf6a1bb17",
          "local-nav/campus_outdoor_e0093b7f73"
        ],
        "localEdgeId": "edge_75_campus_outdoor_cdf6a1bb17_campus_outdoor_e0093b7f73",
        "localEdgeType": "walk",
        "source": "global-nav-0408-gcj2wgs84",
        "verificationStatus": "from-navigation-graph-unverified"
      },
      "geometry": {
        "type": "LineString",
        "coordinates": [
          [
            113.4807904806357,
            22.891829769771398
          ],
          [
            113.48100321159106,
            22.891704444061638
          ]
        ]
      }
    },
    {
      "type": "Feature",
      "id": "local/global-nav/edge_76_campus_outdoor_288dbb0dbf_campus_outdoor_4fc6ddf82a",
      "properties": {
        "featureClass": "road",
        "highway": "footway",
        "osmId": "local/global-nav/edge_76_campus_outdoor_288dbb0dbf_campus_outdoor_4fc6ddf82a",
        "osmNodeIds": [
          "local-nav/campus_outdoor_288dbb0dbf",
          "local-nav/campus_outdoor_4fc6ddf82a"
        ],
        "localEdgeId": "edge_76_campus_outdoor_288dbb0dbf_campus_outdoor_4fc6ddf82a",
        "localEdgeType": "walk",
        "source": "global-nav-0408-gcj2wgs84",
        "verificationStatus": "from-navigation-graph-unverified"
      },
      "geometry": {
        "type": "LineString",
        "coordinates": [
          [
            113.48005195270882,
            22.892192462210524
          ],
          [
            113.4797700402879,
            22.891573889945324
          ]
        ]
      }
    },
    {
      "type": "Feature",
      "id": "local/global-nav/edge_77_campus_outdoor_288dbb0dbf_campus_outdoor_92da5e1e8f",
      "properties": {
        "featureClass": "road",
        "highway": "footway",
        "osmId": "local/global-nav/edge_77_campus_outdoor_288dbb0dbf_campus_outdoor_92da5e1e8f",
        "osmNodeIds": [
          "local-nav/campus_outdoor_288dbb0dbf",
          10740248766
        ],
        "localEdgeId": "edge_77_campus_outdoor_288dbb0dbf_campus_outdoor_92da5e1e8f",
        "localEdgeType": "walk",
        "source": "global-nav-0408-gcj2wgs84",
        "verificationStatus": "from-navigation-graph-unverified"
      },
      "geometry": {
        "type": "LineString",
        "coordinates": [
          [
            113.48005195270882,
            22.892192462210524
          ],
          [
            113.48045025104851,
            22.892957316327415
          ]
        ]
      }
    },
    {
      "type": "Feature",
      "id": "local/global-nav/edge_78_campus_outdoor_288dbb0dbf_campus_outdoor_cdf6a1bb17",
      "properties": {
        "featureClass": "road",
        "highway": "footway",
        "osmId": "local/global-nav/edge_78_campus_outdoor_288dbb0dbf_campus_outdoor_cdf6a1bb17",
        "osmNodeIds": [
          "local-nav/campus_outdoor_288dbb0dbf",
          "local-nav/campus_outdoor_cdf6a1bb17"
        ],
        "localEdgeId": "edge_78_campus_outdoor_288dbb0dbf_campus_outdoor_cdf6a1bb17",
        "localEdgeType": "walk",
        "source": "global-nav-0408-gcj2wgs84",
        "verificationStatus": "from-navigation-graph-unverified"
      },
      "geometry": {
        "type": "LineString",
        "coordinates": [
          [
            113.48005195270882,
            22.892192462210524
          ],
          [
            113.4807904806357,
            22.891829769771398
          ]
        ]
      }
    },
    {
      "type": "Feature",
      "id": "local/global-nav/edge_79_campus_outdoor_4fc6ddf82a_campus_outdoor_288dbb0dbf",
      "properties": {
        "featureClass": "road",
        "highway": "footway",
        "osmId": "local/global-nav/edge_79_campus_outdoor_4fc6ddf82a_campus_outdoor_288dbb0dbf",
        "osmNodeIds": [
          "local-nav/campus_outdoor_4fc6ddf82a",
          "local-nav/campus_outdoor_288dbb0dbf"
        ],
        "localEdgeId": "edge_79_campus_outdoor_4fc6ddf82a_campus_outdoor_288dbb0dbf",
        "localEdgeType": "walk",
        "source": "global-nav-0408-gcj2wgs84",
        "verificationStatus": "from-navigation-graph-unverified"
      },
      "geometry": {
        "type": "LineString",
        "coordinates": [
          [
            113.4797700402879,
            22.891573889945324
          ],
          [
            113.48005195270882,
            22.892192462210524
          ]
        ]
      }
    },
    {
      "type": "Feature",
      "id": "local/global-nav/edge_80_campus_outdoor_4fc6ddf82a_campus_outdoor_4e241218ce",
      "properties": {
        "featureClass": "road",
        "highway": "footway",
        "osmId": "local/global-nav/edge_80_campus_outdoor_4fc6ddf82a_campus_outdoor_4e241218ce",
        "osmNodeIds": [
          "local-nav/campus_outdoor_4fc6ddf82a",
          "local-nav/campus_outdoor_4e241218ce"
        ],
        "localEdgeId": "edge_80_campus_outdoor_4fc6ddf82a_campus_outdoor_4e241218ce",
        "localEdgeType": "walk",
        "source": "global-nav-0408-gcj2wgs84",
        "verificationStatus": "from-navigation-graph-unverified"
      },
      "geometry": {
        "type": "LineString",
        "coordinates": [
          [
            113.4797700402879,
            22.891573889945324
          ],
          [
            113.47960350182204,
            22.891208552220373
          ]
        ]
      }
    },
    {
      "type": "Feature",
      "id": "local/global-nav/edge_81_campus_outdoor_92da5e1e8f_campus_outdoor_1f07a48e26",
      "properties": {
        "featureClass": "road",
        "highway": "footway",
        "osmId": "local/global-nav/edge_81_campus_outdoor_92da5e1e8f_campus_outdoor_1f07a48e26",
        "osmNodeIds": [
          10740248766,
          "local-nav/campus_outdoor_1f07a48e26"
        ],
        "localEdgeId": "edge_81_campus_outdoor_92da5e1e8f_campus_outdoor_1f07a48e26",
        "localEdgeType": "walk",
        "source": "global-nav-0408-gcj2wgs84",
        "verificationStatus": "from-navigation-graph-unverified"
      },
      "geometry": {
        "type": "LineString",
        "coordinates": [
          [
            113.48045025104851,
            22.892957316327415
          ],
          [
            113.48126604612655,
            22.89259085567188
          ]
        ]
      }
    },
    {
      "type": "Feature",
      "id": "local/global-nav/edge_82_campus_outdoor_92da5e1e8f_campus_outdoor_288dbb0dbf",
      "properties": {
        "featureClass": "road",
        "highway": "footway",
        "osmId": "local/global-nav/edge_82_campus_outdoor_92da5e1e8f_campus_outdoor_288dbb0dbf",
        "osmNodeIds": [
          10740248766,
          "local-nav/campus_outdoor_288dbb0dbf"
        ],
        "localEdgeId": "edge_82_campus_outdoor_92da5e1e8f_campus_outdoor_288dbb0dbf",
        "localEdgeType": "walk",
        "source": "global-nav-0408-gcj2wgs84",
        "verificationStatus": "from-navigation-graph-unverified"
      },
      "geometry": {
        "type": "LineString",
        "coordinates": [
          [
            113.48045025104851,
            22.892957316327415
          ],
          [
            113.48005195270882,
            22.892192462210524
          ]
        ]
      }
    },
    {
      "type": "Feature",
      "id": "local/global-nav/edge_83_campus_outdoor_92da5e1e8f_campus_outdoor_44245b80ce",
      "properties": {
        "featureClass": "road",
        "highway": "footway",
        "osmId": "local/global-nav/edge_83_campus_outdoor_92da5e1e8f_campus_outdoor_44245b80ce",
        "osmNodeIds": [
          10740248766,
          10775863282
        ],
        "localEdgeId": "edge_83_campus_outdoor_92da5e1e8f_campus_outdoor_44245b80ce",
        "localEdgeType": "walk",
        "source": "global-nav-0408-gcj2wgs84",
        "verificationStatus": "from-navigation-graph-unverified"
      },
      "geometry": {
        "type": "LineString",
        "coordinates": [
          [
            113.48045025104851,
            22.892957316327415
          ],
          [
            113.48062482012655,
            22.893302687057666
          ]
        ]
      }
    },
    {
      "type": "Feature",
      "id": "local/global-nav/edge_84_campus_outdoor_92da5e1e8f_campus_outdoor_cca3fab72f",
      "properties": {
        "featureClass": "road",
        "highway": "footway",
        "osmId": "local/global-nav/edge_84_campus_outdoor_92da5e1e8f_campus_outdoor_cca3fab72f",
        "osmNodeIds": [
          10740248766,
          "local-nav/campus_outdoor_cca3fab72f"
        ],
        "localEdgeId": "edge_84_campus_outdoor_92da5e1e8f_campus_outdoor_cca3fab72f",
        "localEdgeType": "walk",
        "source": "global-nav-0408-gcj2wgs84",
        "verificationStatus": "from-navigation-graph-unverified"
      },
      "geometry": {
        "type": "LineString",
        "coordinates": [
          [
            113.48045025104851,
            22.892957316327415
          ],
          [
            113.48011409974755,
            22.893142258412517
          ]
        ]
      }
    },
    {
      "type": "Feature",
      "id": "local/global-nav/edge_85_campus_outdoor_44245b80ce_campus_outdoor_81186fda01",
      "properties": {
        "featureClass": "road",
        "highway": "footway",
        "osmId": "local/global-nav/edge_85_campus_outdoor_44245b80ce_campus_outdoor_81186fda01",
        "osmNodeIds": [
          10775863282,
          "local-nav/campus_outdoor_81186fda01"
        ],
        "localEdgeId": "edge_85_campus_outdoor_44245b80ce_campus_outdoor_81186fda01",
        "localEdgeType": "walk",
        "source": "global-nav-0408-gcj2wgs84",
        "verificationStatus": "from-navigation-graph-unverified"
      },
      "geometry": {
        "type": "LineString",
        "coordinates": [
          [
            113.48062482012655,
            22.893302687057666
          ],
          [
            113.48090277191358,
            22.89318055087441
          ]
        ]
      }
    },
    {
      "type": "Feature",
      "id": "local/global-nav/edge_86_campus_outdoor_44245b80ce_campus_outdoor_8843b8719e",
      "properties": {
        "featureClass": "road",
        "highway": "footway",
        "osmId": "local/global-nav/edge_86_campus_outdoor_44245b80ce_campus_outdoor_8843b8719e",
        "osmNodeIds": [
          10775863282,
          "local-nav/campus_outdoor_8843b8719e"
        ],
        "localEdgeId": "edge_86_campus_outdoor_44245b80ce_campus_outdoor_8843b8719e",
        "localEdgeType": "walk",
        "source": "global-nav-0408-gcj2wgs84",
        "verificationStatus": "from-navigation-graph-unverified"
      },
      "geometry": {
        "type": "LineString",
        "coordinates": [
          [
            113.48062482012655,
            22.893302687057666
          ],
          [
            113.48077330553953,
            22.893581008900323
          ]
        ]
      }
    },
    {
      "type": "Feature",
      "id": "local/global-nav/edge_87_campus_outdoor_44245b80ce_campus_outdoor_92da5e1e8f",
      "properties": {
        "featureClass": "road",
        "highway": "footway",
        "osmId": "local/global-nav/edge_87_campus_outdoor_44245b80ce_campus_outdoor_92da5e1e8f",
        "osmNodeIds": [
          10775863282,
          10740248766
        ],
        "localEdgeId": "edge_87_campus_outdoor_44245b80ce_campus_outdoor_92da5e1e8f",
        "localEdgeType": "walk",
        "source": "global-nav-0408-gcj2wgs84",
        "verificationStatus": "from-navigation-graph-unverified"
      },
      "geometry": {
        "type": "LineString",
        "coordinates": [
          [
            113.48062482012655,
            22.893302687057666
          ],
          [
            113.48045025104851,
            22.892957316327415
          ]
        ]
      }
    },
    {
      "type": "Feature",
      "id": "local/global-nav/edge_88_campus_outdoor_cca3fab72f_campus_outdoor_92da5e1e8f",
      "properties": {
        "featureClass": "road",
        "highway": "footway",
        "osmId": "local/global-nav/edge_88_campus_outdoor_cca3fab72f_campus_outdoor_92da5e1e8f",
        "osmNodeIds": [
          "local-nav/campus_outdoor_cca3fab72f",
          10740248766
        ],
        "localEdgeId": "edge_88_campus_outdoor_cca3fab72f_campus_outdoor_92da5e1e8f",
        "localEdgeType": "walk",
        "source": "global-nav-0408-gcj2wgs84",
        "verificationStatus": "from-navigation-graph-unverified"
      },
      "geometry": {
        "type": "LineString",
        "coordinates": [
          [
            113.48011409974755,
            22.893142258412517
          ],
          [
            113.48045025104851,
            22.892957316327415
          ]
        ]
      }
    },
    {
      "type": "Feature",
      "id": "local/global-nav/edge_89_campus_outdoor_cca3fab72f_campus_outdoor_9c8448e438",
      "properties": {
        "featureClass": "road",
        "highway": "footway",
        "osmId": "local/global-nav/edge_89_campus_outdoor_cca3fab72f_campus_outdoor_9c8448e438",
        "osmNodeIds": [
          "local-nav/campus_outdoor_cca3fab72f",
          "local-nav/campus_outdoor_9c8448e438"
        ],
        "localEdgeId": "edge_89_campus_outdoor_cca3fab72f_campus_outdoor_9c8448e438",
        "localEdgeType": "walk",
        "source": "global-nav-0408-gcj2wgs84",
        "verificationStatus": "from-navigation-graph-unverified"
      },
      "geometry": {
        "type": "LineString",
        "coordinates": [
          [
            113.48011409974755,
            22.893142258412517
          ],
          [
            113.48025757190915,
            22.89334859396672
          ]
        ]
      }
    },
    {
      "type": "Feature",
      "id": "local/global-nav/edge_90_campus_outdoor_cca3fab72f_campus_outdoor_b6a5730ca5",
      "properties": {
        "featureClass": "road",
        "highway": "footway",
        "osmId": "local/global-nav/edge_90_campus_outdoor_cca3fab72f_campus_outdoor_b6a5730ca5",
        "osmNodeIds": [
          "local-nav/campus_outdoor_cca3fab72f",
          "local-nav/campus_outdoor_b6a5730ca5"
        ],
        "localEdgeId": "edge_90_campus_outdoor_cca3fab72f_campus_outdoor_b6a5730ca5",
        "localEdgeType": "walk",
        "source": "global-nav-0408-gcj2wgs84",
        "verificationStatus": "from-navigation-graph-unverified"
      },
      "geometry": {
        "type": "LineString",
        "coordinates": [
          [
            113.48011409974755,
            22.893142258412517
          ],
          [
            113.47780022058987,
            22.89441201530274
          ]
        ]
      }
    },
    {
      "type": "Feature",
      "id": "local/global-nav/edge_91_campus_outdoor_56f3ad77fa_campus_outdoor_0412f6cd83",
      "properties": {
        "featureClass": "road",
        "highway": "footway",
        "osmId": "local/global-nav/edge_91_campus_outdoor_56f3ad77fa_campus_outdoor_0412f6cd83",
        "osmNodeIds": [
          "local-nav/campus_outdoor_56f3ad77fa",
          "local-nav/campus_outdoor_0412f6cd83"
        ],
        "localEdgeId": "edge_91_campus_outdoor_56f3ad77fa_campus_outdoor_0412f6cd83",
        "localEdgeType": "walk",
        "source": "global-nav-0408-gcj2wgs84",
        "verificationStatus": "from-navigation-graph-unverified"
      },
      "geometry": {
        "type": "LineString",
        "coordinates": [
          [
            113.48142258275921,
            22.892531339387258
          ],
          [
            113.48157811609774,
            22.892474819203496
          ]
        ]
      }
    },
    {
      "type": "Feature",
      "id": "local/global-nav/edge_92_campus_outdoor_56f3ad77fa_campus_outdoor_fb38f0eb10",
      "properties": {
        "featureClass": "road",
        "highway": "footway",
        "osmId": "local/global-nav/edge_92_campus_outdoor_56f3ad77fa_campus_outdoor_fb38f0eb10",
        "osmNodeIds": [
          "local-nav/campus_outdoor_56f3ad77fa",
          "local-nav/campus_outdoor_fb38f0eb10"
        ],
        "localEdgeId": "edge_92_campus_outdoor_56f3ad77fa_campus_outdoor_fb38f0eb10",
        "localEdgeType": "walk",
        "source": "global-nav-0408-gcj2wgs84",
        "verificationStatus": "from-navigation-graph-unverified"
      },
      "geometry": {
        "type": "LineString",
        "coordinates": [
          [
            113.48142258275921,
            22.892531339387258
          ],
          [
            113.48134531774956,
            22.892562100035228
          ]
        ]
      }
    },
    {
      "type": "Feature",
      "id": "local/global-nav/edge_93_campus_outdoor_fb38f0eb10_campus_outdoor_1f07a48e26",
      "properties": {
        "featureClass": "road",
        "highway": "footway",
        "osmId": "local/global-nav/edge_93_campus_outdoor_fb38f0eb10_campus_outdoor_1f07a48e26",
        "osmNodeIds": [
          "local-nav/campus_outdoor_fb38f0eb10",
          "local-nav/campus_outdoor_1f07a48e26"
        ],
        "localEdgeId": "edge_93_campus_outdoor_fb38f0eb10_campus_outdoor_1f07a48e26",
        "localEdgeType": "walk",
        "source": "global-nav-0408-gcj2wgs84",
        "verificationStatus": "from-navigation-graph-unverified"
      },
      "geometry": {
        "type": "LineString",
        "coordinates": [
          [
            113.48134531774956,
            22.892562100035228
          ],
          [
            113.48126604612655,
            22.89259085567188
          ]
        ]
      }
    },
    {
      "type": "Feature",
      "id": "local/global-nav/edge_94_campus_outdoor_fb38f0eb10_campus_outdoor_56f3ad77fa",
      "properties": {
        "featureClass": "road",
        "highway": "footway",
        "osmId": "local/global-nav/edge_94_campus_outdoor_fb38f0eb10_campus_outdoor_56f3ad77fa",
        "osmNodeIds": [
          "local-nav/campus_outdoor_fb38f0eb10",
          "local-nav/campus_outdoor_56f3ad77fa"
        ],
        "localEdgeId": "edge_94_campus_outdoor_fb38f0eb10_campus_outdoor_56f3ad77fa",
        "localEdgeType": "walk",
        "source": "global-nav-0408-gcj2wgs84",
        "verificationStatus": "from-navigation-graph-unverified"
      },
      "geometry": {
        "type": "LineString",
        "coordinates": [
          [
            113.48134531774956,
            22.892562100035228
          ],
          [
            113.48142258275921,
            22.892531339387258
          ]
        ]
      }
    },
    {
      "type": "Feature",
      "id": "local/global-nav/edge_95_campus_outdoor_0412f6cd83_campus_outdoor_56f3ad77fa",
      "properties": {
        "featureClass": "road",
        "highway": "footway",
        "osmId": "local/global-nav/edge_95_campus_outdoor_0412f6cd83_campus_outdoor_56f3ad77fa",
        "osmNodeIds": [
          "local-nav/campus_outdoor_0412f6cd83",
          "local-nav/campus_outdoor_56f3ad77fa"
        ],
        "localEdgeId": "edge_95_campus_outdoor_0412f6cd83_campus_outdoor_56f3ad77fa",
        "localEdgeType": "walk",
        "source": "global-nav-0408-gcj2wgs84",
        "verificationStatus": "from-navigation-graph-unverified"
      },
      "geometry": {
        "type": "LineString",
        "coordinates": [
          [
            113.48157811609774,
            22.892474819203496
          ],
          [
            113.48142258275921,
            22.892531339387258
          ]
        ]
      }
    },
    {
      "type": "Feature",
      "id": "local/global-nav/edge_96_campus_outdoor_0412f6cd83_campus_outdoor_8eb9232971",
      "properties": {
        "featureClass": "road",
        "highway": "footway",
        "osmId": "local/global-nav/edge_96_campus_outdoor_0412f6cd83_campus_outdoor_8eb9232971",
        "osmNodeIds": [
          "local-nav/campus_outdoor_0412f6cd83",
          "local-nav/campus_outdoor_8eb9232971"
        ],
        "localEdgeId": "edge_96_campus_outdoor_0412f6cd83_campus_outdoor_8eb9232971",
        "localEdgeType": "walk",
        "source": "global-nav-0408-gcj2wgs84",
        "verificationStatus": "from-navigation-graph-unverified"
      },
      "geometry": {
        "type": "LineString",
        "coordinates": [
          [
            113.48157811609774,
            22.892474819203496
          ],
          [
            113.48174669487412,
            22.892408341671796
          ]
        ]
      }
    },
    {
      "type": "Feature",
      "id": "local/global-nav/edge_97_campus_outdoor_8eb9232971_campus_outdoor_0412f6cd83",
      "properties": {
        "featureClass": "road",
        "highway": "footway",
        "osmId": "local/global-nav/edge_97_campus_outdoor_8eb9232971_campus_outdoor_0412f6cd83",
        "osmNodeIds": [
          "local-nav/campus_outdoor_8eb9232971",
          "local-nav/campus_outdoor_0412f6cd83"
        ],
        "localEdgeId": "edge_97_campus_outdoor_8eb9232971_campus_outdoor_0412f6cd83",
        "localEdgeType": "walk",
        "source": "global-nav-0408-gcj2wgs84",
        "verificationStatus": "from-navigation-graph-unverified"
      },
      "geometry": {
        "type": "LineString",
        "coordinates": [
          [
            113.48174669487412,
            22.892408341671796
          ],
          [
            113.48157811609774,
            22.892474819203496
          ]
        ]
      }
    },
    {
      "type": "Feature",
      "id": "local/global-nav/edge_98_campus_outdoor_8eb9232971_campus_outdoor_0a68138e32",
      "properties": {
        "featureClass": "road",
        "highway": "footway",
        "osmId": "local/global-nav/edge_98_campus_outdoor_8eb9232971_campus_outdoor_0a68138e32",
        "osmNodeIds": [
          "local-nav/campus_outdoor_8eb9232971",
          "local-nav/campus_outdoor_0a68138e32"
        ],
        "localEdgeId": "edge_98_campus_outdoor_8eb9232971_campus_outdoor_0a68138e32",
        "localEdgeType": "walk",
        "source": "global-nav-0408-gcj2wgs84",
        "verificationStatus": "from-navigation-graph-unverified"
      },
      "geometry": {
        "type": "LineString",
        "coordinates": [
          [
            113.48174669487412,
            22.892408341671796
          ],
          [
            113.48185907734137,
            22.892417668381924
          ]
        ]
      }
    },
    {
      "type": "Feature",
      "id": "local/global-nav/edge_99_campus_outdoor_0a68138e32_campus_outdoor_65274bda67",
      "properties": {
        "featureClass": "road",
        "highway": "footway",
        "osmId": "local/global-nav/edge_99_campus_outdoor_0a68138e32_campus_outdoor_65274bda67",
        "osmNodeIds": [
          "local-nav/campus_outdoor_0a68138e32",
          "local-nav/campus_outdoor_65274bda67"
        ],
        "localEdgeId": "edge_99_campus_outdoor_0a68138e32_campus_outdoor_65274bda67",
        "localEdgeType": "walk",
        "source": "global-nav-0408-gcj2wgs84",
        "verificationStatus": "from-navigation-graph-unverified"
      },
      "geometry": {
        "type": "LineString",
        "coordinates": [
          [
            113.48185907734137,
            22.892417668381924
          ],
          [
            113.48203166112806,
            22.89249014677295
          ]
        ]
      }
    },
    {
      "type": "Feature",
      "id": "local/global-nav/edge_100_campus_outdoor_0a68138e32_campus_outdoor_8eb9232971",
      "properties": {
        "featureClass": "road",
        "highway": "footway",
        "osmId": "local/global-nav/edge_100_campus_outdoor_0a68138e32_campus_outdoor_8eb9232971",
        "osmNodeIds": [
          "local-nav/campus_outdoor_0a68138e32",
          "local-nav/campus_outdoor_8eb9232971"
        ],
        "localEdgeId": "edge_100_campus_outdoor_0a68138e32_campus_outdoor_8eb9232971",
        "localEdgeType": "walk",
        "source": "global-nav-0408-gcj2wgs84",
        "verificationStatus": "from-navigation-graph-unverified"
      },
      "geometry": {
        "type": "LineString",
        "coordinates": [
          [
            113.48185907734137,
            22.892417668381924
          ],
          [
            113.48174669487412,
            22.892408341671796
          ]
        ]
      }
    },
    {
      "type": "Feature",
      "id": "local/global-nav/edge_101_campus_outdoor_0a68138e32_campus_outdoor_a90344bbba",
      "properties": {
        "featureClass": "road",
        "highway": "footway",
        "osmId": "local/global-nav/edge_101_campus_outdoor_0a68138e32_campus_outdoor_a90344bbba",
        "osmNodeIds": [
          "local-nav/campus_outdoor_0a68138e32",
          "local-nav/campus_outdoor_a90344bbba"
        ],
        "localEdgeId": "edge_101_campus_outdoor_0a68138e32_campus_outdoor_a90344bbba",
        "localEdgeType": "walk",
        "source": "global-nav-0408-gcj2wgs84",
        "verificationStatus": "from-navigation-graph-unverified"
      },
      "geometry": {
        "type": "LineString",
        "coordinates": [
          [
            113.48185907734137,
            22.892417668381924
          ],
          [
            113.48180089111462,
            22.892235571105253
          ]
        ]
      }
    },
    {
      "type": "Feature",
      "id": "local/global-nav/edge_102_campus_outdoor_65274bda67_campus_outdoor_0a68138e32",
      "properties": {
        "featureClass": "road",
        "highway": "footway",
        "osmId": "local/global-nav/edge_102_campus_outdoor_65274bda67_campus_outdoor_0a68138e32",
        "osmNodeIds": [
          "local-nav/campus_outdoor_65274bda67",
          "local-nav/campus_outdoor_0a68138e32"
        ],
        "localEdgeId": "edge_102_campus_outdoor_65274bda67_campus_outdoor_0a68138e32",
        "localEdgeType": "walk",
        "source": "global-nav-0408-gcj2wgs84",
        "verificationStatus": "from-navigation-graph-unverified"
      },
      "geometry": {
        "type": "LineString",
        "coordinates": [
          [
            113.48203166112806,
            22.89249014677295
          ],
          [
            113.48185907734137,
            22.892417668381924
          ]
        ]
      }
    },
    {
      "type": "Feature",
      "id": "local/global-nav/edge_103_campus_outdoor_65274bda67_campus_outdoor_80d667fb0b",
      "properties": {
        "featureClass": "road",
        "highway": "footway",
        "osmId": "local/global-nav/edge_103_campus_outdoor_65274bda67_campus_outdoor_80d667fb0b",
        "osmNodeIds": [
          "local-nav/campus_outdoor_65274bda67",
          "local-nav/campus_outdoor_80d667fb0b"
        ],
        "localEdgeId": "edge_103_campus_outdoor_65274bda67_campus_outdoor_80d667fb0b",
        "localEdgeType": "walk",
        "source": "global-nav-0408-gcj2wgs84",
        "verificationStatus": "from-navigation-graph-unverified"
      },
      "geometry": {
        "type": "LineString",
        "coordinates": [
          [
            113.48203166112806,
            22.89249014677295
          ],
          [
            113.48224334173764,
            22.89261578557487
          ]
        ]
      }
    },
    {
      "type": "Feature",
      "id": "local/global-nav/edge_104_campus_outdoor_80d667fb0b_campus_outdoor_3a46998954",
      "properties": {
        "featureClass": "road",
        "highway": "footway",
        "osmId": "local/global-nav/edge_104_campus_outdoor_80d667fb0b_campus_outdoor_3a46998954",
        "osmNodeIds": [
          "local-nav/campus_outdoor_80d667fb0b",
          "local-nav/campus_outdoor_3a46998954"
        ],
        "localEdgeId": "edge_104_campus_outdoor_80d667fb0b_campus_outdoor_3a46998954",
        "localEdgeType": "walk",
        "source": "global-nav-0408-gcj2wgs84",
        "verificationStatus": "from-navigation-graph-unverified"
      },
      "geometry": {
        "type": "LineString",
        "coordinates": [
          [
            113.48224334173764,
            22.89261578557487
          ],
          [
            113.48244810183147,
            22.89220748796336
          ]
        ]
      }
    },
    {
      "type": "Feature",
      "id": "local/global-nav/edge_105_campus_outdoor_80d667fb0b_campus_outdoor_65274bda67",
      "properties": {
        "featureClass": "road",
        "highway": "footway",
        "osmId": "local/global-nav/edge_105_campus_outdoor_80d667fb0b_campus_outdoor_65274bda67",
        "osmNodeIds": [
          "local-nav/campus_outdoor_80d667fb0b",
          "local-nav/campus_outdoor_65274bda67"
        ],
        "localEdgeId": "edge_105_campus_outdoor_80d667fb0b_campus_outdoor_65274bda67",
        "localEdgeType": "walk",
        "source": "global-nav-0408-gcj2wgs84",
        "verificationStatus": "from-navigation-graph-unverified"
      },
      "geometry": {
        "type": "LineString",
        "coordinates": [
          [
            113.48224334173764,
            22.89261578557487
          ],
          [
            113.48203166112806,
            22.89249014677295
          ]
        ]
      }
    },
    {
      "type": "Feature",
      "id": "local/global-nav/edge_106_campus_outdoor_80d667fb0b_campus_outdoor_94e13b5a4c",
      "properties": {
        "featureClass": "road",
        "highway": "footway",
        "osmId": "local/global-nav/edge_106_campus_outdoor_80d667fb0b_campus_outdoor_94e13b5a4c",
        "osmNodeIds": [
          "local-nav/campus_outdoor_80d667fb0b",
          "local-nav/campus_outdoor_94e13b5a4c"
        ],
        "localEdgeId": "edge_106_campus_outdoor_80d667fb0b_campus_outdoor_94e13b5a4c",
        "localEdgeType": "walk",
        "source": "global-nav-0408-gcj2wgs84",
        "verificationStatus": "from-navigation-graph-unverified"
      },
      "geometry": {
        "type": "LineString",
        "coordinates": [
          [
            113.48224334173764,
            22.89261578557487
          ],
          [
            113.4825012479945,
            22.892739428846745
          ]
        ]
      }
    },
    {
      "type": "Feature",
      "id": "local/global-nav/edge_107_campus_outdoor_80d667fb0b_campus_outdoor_bba5d6b5d7",
      "properties": {
        "featureClass": "road",
        "highway": "footway",
        "osmId": "local/global-nav/edge_107_campus_outdoor_80d667fb0b_campus_outdoor_bba5d6b5d7",
        "osmNodeIds": [
          "local-nav/campus_outdoor_80d667fb0b",
          "local-nav/campus_outdoor_bba5d6b5d7"
        ],
        "localEdgeId": "edge_107_campus_outdoor_80d667fb0b_campus_outdoor_bba5d6b5d7",
        "localEdgeType": "walk",
        "source": "global-nav-0408-gcj2wgs84",
        "verificationStatus": "from-navigation-graph-unverified"
      },
      "geometry": {
        "type": "LineString",
        "coordinates": [
          [
            113.48224334173764,
            22.89261578557487
          ],
          [
            113.48195936989596,
            22.893159662345795
          ]
        ]
      }
    },
    {
      "type": "Feature",
      "id": "local/global-nav/edge_108_campus_outdoor_3a46998954_campus_outdoor_80d667fb0b",
      "properties": {
        "featureClass": "road",
        "highway": "footway",
        "osmId": "local/global-nav/edge_108_campus_outdoor_3a46998954_campus_outdoor_80d667fb0b",
        "osmNodeIds": [
          "local-nav/campus_outdoor_3a46998954",
          "local-nav/campus_outdoor_80d667fb0b"
        ],
        "localEdgeId": "edge_108_campus_outdoor_3a46998954_campus_outdoor_80d667fb0b",
        "localEdgeType": "walk",
        "source": "global-nav-0408-gcj2wgs84",
        "verificationStatus": "from-navigation-graph-unverified"
      },
      "geometry": {
        "type": "LineString",
        "coordinates": [
          [
            113.48244810183147,
            22.89220748796336
          ],
          [
            113.48224334173764,
            22.89261578557487
          ]
        ]
      }
    },
    {
      "type": "Feature",
      "id": "local/global-nav/edge_109_campus_outdoor_3a46998954_campus_outdoor_f8c2da918c",
      "properties": {
        "featureClass": "road",
        "highway": "footway",
        "osmId": "local/global-nav/edge_109_campus_outdoor_3a46998954_campus_outdoor_f8c2da918c",
        "osmNodeIds": [
          "local-nav/campus_outdoor_3a46998954",
          "local-nav/campus_outdoor_f8c2da918c"
        ],
        "localEdgeId": "edge_109_campus_outdoor_3a46998954_campus_outdoor_f8c2da918c",
        "localEdgeType": "walk",
        "source": "global-nav-0408-gcj2wgs84",
        "verificationStatus": "from-navigation-graph-unverified"
      },
      "geometry": {
        "type": "LineString",
        "coordinates": [
          [
            113.48244810183147,
            22.89220748796336
          ],
          [
            113.48260566110133,
            22.891896078741016
          ]
        ]
      }
    },
    {
      "type": "Feature",
      "id": "local/global-nav/edge_110_campus_outdoor_94e13b5a4c_campus_outdoor_80d667fb0b",
      "properties": {
        "featureClass": "road",
        "highway": "footway",
        "osmId": "local/global-nav/edge_110_campus_outdoor_94e13b5a4c_campus_outdoor_80d667fb0b",
        "osmNodeIds": [
          "local-nav/campus_outdoor_94e13b5a4c",
          "local-nav/campus_outdoor_80d667fb0b"
        ],
        "localEdgeId": "edge_110_campus_outdoor_94e13b5a4c_campus_outdoor_80d667fb0b",
        "localEdgeType": "walk",
        "source": "global-nav-0408-gcj2wgs84",
        "verificationStatus": "from-navigation-graph-unverified"
      },
      "geometry": {
        "type": "LineString",
        "coordinates": [
          [
            113.4825012479945,
            22.892739428846745
          ],
          [
            113.48224334173764,
            22.89261578557487
          ]
        ]
      }
    },
    {
      "type": "Feature",
      "id": "local/global-nav/edge_111_campus_outdoor_94e13b5a4c_campus_outdoor_e8c3c0b01d",
      "properties": {
        "featureClass": "road",
        "highway": "footway",
        "osmId": "local/global-nav/edge_111_campus_outdoor_94e13b5a4c_campus_outdoor_e8c3c0b01d",
        "osmNodeIds": [
          "local-nav/campus_outdoor_94e13b5a4c",
          "local-nav/campus_outdoor_e8c3c0b01d"
        ],
        "localEdgeId": "edge_111_campus_outdoor_94e13b5a4c_campus_outdoor_e8c3c0b01d",
        "localEdgeType": "walk",
        "source": "global-nav-0408-gcj2wgs84",
        "verificationStatus": "from-navigation-graph-unverified"
      },
      "geometry": {
        "type": "LineString",
        "coordinates": [
          [
            113.4825012479945,
            22.892739428846745
          ],
          [
            113.48273704461435,
            22.89288306595472
          ]
        ]
      }
    },
    {
      "type": "Feature",
      "id": "local/global-nav/edge_112_campus_outdoor_bba5d6b5d7_campus_outdoor_59945451d5",
      "properties": {
        "featureClass": "road",
        "highway": "footway",
        "osmId": "local/global-nav/edge_112_campus_outdoor_bba5d6b5d7_campus_outdoor_59945451d5",
        "osmNodeIds": [
          "local-nav/campus_outdoor_bba5d6b5d7",
          "local-nav/campus_outdoor_59945451d5"
        ],
        "localEdgeId": "edge_112_campus_outdoor_bba5d6b5d7_campus_outdoor_59945451d5",
        "localEdgeType": "walk",
        "source": "global-nav-0408-gcj2wgs84",
        "verificationStatus": "from-navigation-graph-unverified"
      },
      "geometry": {
        "type": "LineString",
        "coordinates": [
          [
            113.48195936989596,
            22.893159662345795
          ],
          [
            113.48179899789542,
            22.893050076424306
          ]
        ]
      }
    },
    {
      "type": "Feature",
      "id": "local/global-nav/edge_113_campus_outdoor_bba5d6b5d7_campus_outdoor_80d667fb0b",
      "properties": {
        "featureClass": "road",
        "highway": "footway",
        "osmId": "local/global-nav/edge_113_campus_outdoor_bba5d6b5d7_campus_outdoor_80d667fb0b",
        "osmNodeIds": [
          "local-nav/campus_outdoor_bba5d6b5d7",
          "local-nav/campus_outdoor_80d667fb0b"
        ],
        "localEdgeId": "edge_113_campus_outdoor_bba5d6b5d7_campus_outdoor_80d667fb0b",
        "localEdgeType": "walk",
        "source": "global-nav-0408-gcj2wgs84",
        "verificationStatus": "from-navigation-graph-unverified"
      },
      "geometry": {
        "type": "LineString",
        "coordinates": [
          [
            113.48195936989596,
            22.893159662345795
          ],
          [
            113.48224334173764,
            22.89261578557487
          ]
        ]
      }
    },
    {
      "type": "Feature",
      "id": "local/global-nav/edge_114_campus_outdoor_bba5d6b5d7_campus_outdoor_8deefe6aa7",
      "properties": {
        "featureClass": "road",
        "highway": "footway",
        "osmId": "local/global-nav/edge_114_campus_outdoor_bba5d6b5d7_campus_outdoor_8deefe6aa7",
        "osmNodeIds": [
          "local-nav/campus_outdoor_bba5d6b5d7",
          "local-nav/campus_outdoor_8deefe6aa7"
        ],
        "localEdgeId": "edge_114_campus_outdoor_bba5d6b5d7_campus_outdoor_8deefe6aa7",
        "localEdgeType": "walk",
        "source": "global-nav-0408-gcj2wgs84",
        "verificationStatus": "from-navigation-graph-unverified"
      },
      "geometry": {
        "type": "LineString",
        "coordinates": [
          [
            113.48195936989596,
            22.893159662345795
          ],
          [
            113.48178476090528,
            22.893364065743448
          ]
        ]
      }
    },
    {
      "type": "Feature",
      "id": "local/global-nav/edge_115_campus_outdoor_59945451d5_campus_outdoor_7a55889802",
      "properties": {
        "featureClass": "road",
        "highway": "footway",
        "osmId": "local/global-nav/edge_115_campus_outdoor_59945451d5_campus_outdoor_7a55889802",
        "osmNodeIds": [
          "local-nav/campus_outdoor_59945451d5",
          "local-nav/campus_outdoor_7a55889802"
        ],
        "localEdgeId": "edge_115_campus_outdoor_59945451d5_campus_outdoor_7a55889802",
        "localEdgeType": "walk",
        "source": "global-nav-0408-gcj2wgs84",
        "verificationStatus": "from-navigation-graph-unverified"
      },
      "geometry": {
        "type": "LineString",
        "coordinates": [
          [
            113.48179899789542,
            22.893050076424306
          ],
          [
            113.48172199672476,
            22.893044418605186
          ]
        ]
      }
    },
    {
      "type": "Feature",
      "id": "local/global-nav/edge_116_campus_outdoor_59945451d5_campus_outdoor_bba5d6b5d7",
      "properties": {
        "featureClass": "road",
        "highway": "footway",
        "osmId": "local/global-nav/edge_116_campus_outdoor_59945451d5_campus_outdoor_bba5d6b5d7",
        "osmNodeIds": [
          "local-nav/campus_outdoor_59945451d5",
          "local-nav/campus_outdoor_bba5d6b5d7"
        ],
        "localEdgeId": "edge_116_campus_outdoor_59945451d5_campus_outdoor_bba5d6b5d7",
        "localEdgeType": "walk",
        "source": "global-nav-0408-gcj2wgs84",
        "verificationStatus": "from-navigation-graph-unverified"
      },
      "geometry": {
        "type": "LineString",
        "coordinates": [
          [
            113.48179899789542,
            22.893050076424306
          ],
          [
            113.48195936989596,
            22.893159662345795
          ]
        ]
      }
    },
    {
      "type": "Feature",
      "id": "local/global-nav/edge_117_campus_outdoor_8deefe6aa7_campus_outdoor_12d8509657",
      "properties": {
        "featureClass": "road",
        "highway": "footway",
        "osmId": "local/global-nav/edge_117_campus_outdoor_8deefe6aa7_campus_outdoor_12d8509657",
        "osmNodeIds": [
          "local-nav/campus_outdoor_8deefe6aa7",
          "local-nav/campus_outdoor_12d8509657"
        ],
        "localEdgeId": "edge_117_campus_outdoor_8deefe6aa7_campus_outdoor_12d8509657",
        "localEdgeType": "walk",
        "source": "global-nav-0408-gcj2wgs84",
        "verificationStatus": "from-navigation-graph-unverified"
      },
      "geometry": {
        "type": "LineString",
        "coordinates": [
          [
            113.48178476090528,
            22.893364065743448
          ],
          [
            113.48166334202621,
            22.893440677668245
          ]
        ]
      }
    },
    {
      "type": "Feature",
      "id": "local/global-nav/edge_118_campus_outdoor_8deefe6aa7_campus_outdoor_bba5d6b5d7",
      "properties": {
        "featureClass": "road",
        "highway": "footway",
        "osmId": "local/global-nav/edge_118_campus_outdoor_8deefe6aa7_campus_outdoor_bba5d6b5d7",
        "osmNodeIds": [
          "local-nav/campus_outdoor_8deefe6aa7",
          "local-nav/campus_outdoor_bba5d6b5d7"
        ],
        "localEdgeId": "edge_118_campus_outdoor_8deefe6aa7_campus_outdoor_bba5d6b5d7",
        "localEdgeType": "walk",
        "source": "global-nav-0408-gcj2wgs84",
        "verificationStatus": "from-navigation-graph-unverified"
      },
      "geometry": {
        "type": "LineString",
        "coordinates": [
          [
            113.48178476090528,
            22.893364065743448
          ],
          [
            113.48195936989596,
            22.893159662345795
          ]
        ]
      }
    },
    {
      "type": "Feature",
      "id": "local/global-nav/edge_119_campus_outdoor_12d8509657_campus_outdoor_8deefe6aa7",
      "properties": {
        "featureClass": "road",
        "highway": "footway",
        "osmId": "local/global-nav/edge_119_campus_outdoor_12d8509657_campus_outdoor_8deefe6aa7",
        "osmNodeIds": [
          "local-nav/campus_outdoor_12d8509657",
          "local-nav/campus_outdoor_8deefe6aa7"
        ],
        "localEdgeId": "edge_119_campus_outdoor_12d8509657_campus_outdoor_8deefe6aa7",
        "localEdgeType": "walk",
        "source": "global-nav-0408-gcj2wgs84",
        "verificationStatus": "from-navigation-graph-unverified"
      },
      "geometry": {
        "type": "LineString",
        "coordinates": [
          [
            113.48166334202621,
            22.893440677668245
          ],
          [
            113.48178476090528,
            22.893364065743448
          ]
        ]
      }
    },
    {
      "type": "Feature",
      "id": "local/global-nav/edge_120_campus_outdoor_12d8509657_campus_outdoor_f5dc988d2b",
      "properties": {
        "featureClass": "road",
        "highway": "footway",
        "osmId": "local/global-nav/edge_120_campus_outdoor_12d8509657_campus_outdoor_f5dc988d2b",
        "osmNodeIds": [
          "local-nav/campus_outdoor_12d8509657",
          "local-nav/campus_outdoor_f5dc988d2b"
        ],
        "localEdgeId": "edge_120_campus_outdoor_12d8509657_campus_outdoor_f5dc988d2b",
        "localEdgeType": "walk",
        "source": "global-nav-0408-gcj2wgs84",
        "verificationStatus": "from-navigation-graph-unverified"
      },
      "geometry": {
        "type": "LineString",
        "coordinates": [
          [
            113.48166334202621,
            22.893440677668245
          ],
          [
            113.4815314927592,
            22.893535256353427
          ]
        ]
      }
    },
    {
      "type": "Feature",
      "id": "local/global-nav/edge_121_campus_outdoor_f5dc988d2b_campus_outdoor_12d8509657",
      "properties": {
        "featureClass": "road",
        "highway": "footway",
        "osmId": "local/global-nav/edge_121_campus_outdoor_f5dc988d2b_campus_outdoor_12d8509657",
        "osmNodeIds": [
          "local-nav/campus_outdoor_f5dc988d2b",
          "local-nav/campus_outdoor_12d8509657"
        ],
        "localEdgeId": "edge_121_campus_outdoor_f5dc988d2b_campus_outdoor_12d8509657",
        "localEdgeType": "walk",
        "source": "global-nav-0408-gcj2wgs84",
        "verificationStatus": "from-navigation-graph-unverified"
      },
      "geometry": {
        "type": "LineString",
        "coordinates": [
          [
            113.4815314927592,
            22.893535256353427
          ],
          [
            113.48166334202621,
            22.893440677668245
          ]
        ]
      }
    },
    {
      "type": "Feature",
      "id": "local/global-nav/edge_122_campus_outdoor_f5dc988d2b_campus_outdoor_b4c90a423b",
      "properties": {
        "featureClass": "road",
        "highway": "footway",
        "osmId": "local/global-nav/edge_122_campus_outdoor_f5dc988d2b_campus_outdoor_b4c90a423b",
        "osmNodeIds": [
          "local-nav/campus_outdoor_f5dc988d2b",
          "local-nav/campus_outdoor_b4c90a423b"
        ],
        "localEdgeId": "edge_122_campus_outdoor_f5dc988d2b_campus_outdoor_b4c90a423b",
        "localEdgeType": "walk",
        "source": "global-nav-0408-gcj2wgs84",
        "verificationStatus": "from-navigation-graph-unverified"
      },
      "geometry": {
        "type": "LineString",
        "coordinates": [
          [
            113.4815314927592,
            22.893535256353427
          ],
          [
            113.4813753281656,
            22.89393762969426
          ]
        ]
      }
    },
    {
      "type": "Feature",
      "id": "local/global-nav/edge_123_campus_outdoor_f5dc988d2b_campus_outdoor_ca45d3a9c2",
      "properties": {
        "featureClass": "road",
        "highway": "footway",
        "osmId": "local/global-nav/edge_123_campus_outdoor_f5dc988d2b_campus_outdoor_ca45d3a9c2",
        "osmNodeIds": [
          "local-nav/campus_outdoor_f5dc988d2b",
          "local-nav/campus_outdoor_ca45d3a9c2"
        ],
        "localEdgeId": "edge_123_campus_outdoor_f5dc988d2b_campus_outdoor_ca45d3a9c2",
        "localEdgeType": "walk",
        "source": "global-nav-0408-gcj2wgs84",
        "verificationStatus": "from-navigation-graph-unverified"
      },
      "geometry": {
        "type": "LineString",
        "coordinates": [
          [
            113.4815314927592,
            22.893535256353427
          ],
          [
            113.48138776782027,
            22.89362297537531
          ]
        ]
      }
    },
    {
      "type": "Feature",
      "id": "local/global-nav/edge_124_campus_outdoor_ca45d3a9c2_campus_outdoor_901a126778",
      "properties": {
        "featureClass": "road",
        "highway": "footway",
        "osmId": "local/global-nav/edge_124_campus_outdoor_ca45d3a9c2_campus_outdoor_901a126778",
        "osmNodeIds": [
          "local-nav/campus_outdoor_ca45d3a9c2",
          "local-nav/campus_outdoor_901a126778"
        ],
        "localEdgeId": "edge_124_campus_outdoor_ca45d3a9c2_campus_outdoor_901a126778",
        "localEdgeType": "walk",
        "source": "global-nav-0408-gcj2wgs84",
        "verificationStatus": "from-navigation-graph-unverified"
      },
      "geometry": {
        "type": "LineString",
        "coordinates": [
          [
            113.48138776782027,
            22.89362297537531
          ],
          [
            113.48126096740172,
            22.893512466682633
          ]
        ]
      }
    },
    {
      "type": "Feature",
      "id": "local/global-nav/edge_125_campus_outdoor_ca45d3a9c2_campus_outdoor_b6a301d6a5",
      "properties": {
        "featureClass": "road",
        "highway": "footway",
        "osmId": "local/global-nav/edge_125_campus_outdoor_ca45d3a9c2_campus_outdoor_b6a301d6a5",
        "osmNodeIds": [
          "local-nav/campus_outdoor_ca45d3a9c2",
          "local-nav/campus_outdoor_b6a301d6a5"
        ],
        "localEdgeId": "edge_125_campus_outdoor_ca45d3a9c2_campus_outdoor_b6a301d6a5",
        "localEdgeType": "walk",
        "source": "global-nav-0408-gcj2wgs84",
        "verificationStatus": "from-navigation-graph-unverified"
      },
      "geometry": {
        "type": "LineString",
        "coordinates": [
          [
            113.48138776782027,
            22.89362297537531
          ],
          [
            113.48114355043339,
            22.89377701469323
          ]
        ]
      }
    },
    {
      "type": "Feature",
      "id": "local/global-nav/edge_126_campus_outdoor_ca45d3a9c2_campus_outdoor_f5dc988d2b",
      "properties": {
        "featureClass": "road",
        "highway": "footway",
        "osmId": "local/global-nav/edge_126_campus_outdoor_ca45d3a9c2_campus_outdoor_f5dc988d2b",
        "osmNodeIds": [
          "local-nav/campus_outdoor_ca45d3a9c2",
          "local-nav/campus_outdoor_f5dc988d2b"
        ],
        "localEdgeId": "edge_126_campus_outdoor_ca45d3a9c2_campus_outdoor_f5dc988d2b",
        "localEdgeType": "walk",
        "source": "global-nav-0408-gcj2wgs84",
        "verificationStatus": "from-navigation-graph-unverified"
      },
      "geometry": {
        "type": "LineString",
        "coordinates": [
          [
            113.48138776782027,
            22.89362297537531
          ],
          [
            113.4815314927592,
            22.893535256353427
          ]
        ]
      }
    },
    {
      "type": "Feature",
      "id": "local/global-nav/edge_127_campus_outdoor_901a126778_campus_outdoor_277ab336ea",
      "properties": {
        "featureClass": "road",
        "highway": "footway",
        "osmId": "local/global-nav/edge_127_campus_outdoor_901a126778_campus_outdoor_277ab336ea",
        "osmNodeIds": [
          "local-nav/campus_outdoor_901a126778",
          "local-nav/campus_outdoor_277ab336ea"
        ],
        "localEdgeId": "edge_127_campus_outdoor_901a126778_campus_outdoor_277ab336ea",
        "localEdgeType": "walk",
        "source": "global-nav-0408-gcj2wgs84",
        "verificationStatus": "from-navigation-graph-unverified"
      },
      "geometry": {
        "type": "LineString",
        "coordinates": [
          [
            113.48126096740172,
            22.893512466682633
          ],
          [
            113.48120277762125,
            22.89339034550805
          ]
        ]
      }
    },
    {
      "type": "Feature",
      "id": "local/global-nav/edge_128_campus_outdoor_901a126778_campus_outdoor_ca45d3a9c2",
      "properties": {
        "featureClass": "road",
        "highway": "footway",
        "osmId": "local/global-nav/edge_128_campus_outdoor_901a126778_campus_outdoor_ca45d3a9c2",
        "osmNodeIds": [
          "local-nav/campus_outdoor_901a126778",
          "local-nav/campus_outdoor_ca45d3a9c2"
        ],
        "localEdgeId": "edge_128_campus_outdoor_901a126778_campus_outdoor_ca45d3a9c2",
        "localEdgeType": "walk",
        "source": "global-nav-0408-gcj2wgs84",
        "verificationStatus": "from-navigation-graph-unverified"
      },
      "geometry": {
        "type": "LineString",
        "coordinates": [
          [
            113.48126096740172,
            22.893512466682633
          ],
          [
            113.48138776782027,
            22.89362297537531
          ]
        ]
      }
    },
    {
      "type": "Feature",
      "id": "local/global-nav/edge_129_campus_outdoor_b6a301d6a5_campus_outdoor_c0121f88f8",
      "properties": {
        "featureClass": "road",
        "highway": "footway",
        "osmId": "local/global-nav/edge_129_campus_outdoor_b6a301d6a5_campus_outdoor_c0121f88f8",
        "osmNodeIds": [
          "local-nav/campus_outdoor_b6a301d6a5",
          "local-nav/campus_outdoor_c0121f88f8"
        ],
        "localEdgeId": "edge_129_campus_outdoor_b6a301d6a5_campus_outdoor_c0121f88f8",
        "localEdgeType": "walk",
        "source": "global-nav-0408-gcj2wgs84",
        "verificationStatus": "from-navigation-graph-unverified"
      },
      "geometry": {
        "type": "LineString",
        "coordinates": [
          [
            113.48114355043339,
            22.89377701469323
          ],
          [
            113.4809458697234,
            22.89390938120694
          ]
        ]
      }
    },
    {
      "type": "Feature",
      "id": "local/global-nav/edge_130_campus_outdoor_b6a301d6a5_campus_outdoor_ca45d3a9c2",
      "properties": {
        "featureClass": "road",
        "highway": "footway",
        "osmId": "local/global-nav/edge_130_campus_outdoor_b6a301d6a5_campus_outdoor_ca45d3a9c2",
        "osmNodeIds": [
          "local-nav/campus_outdoor_b6a301d6a5",
          "local-nav/campus_outdoor_ca45d3a9c2"
        ],
        "localEdgeId": "edge_130_campus_outdoor_b6a301d6a5_campus_outdoor_ca45d3a9c2",
        "localEdgeType": "walk",
        "source": "global-nav-0408-gcj2wgs84",
        "verificationStatus": "from-navigation-graph-unverified"
      },
      "geometry": {
        "type": "LineString",
        "coordinates": [
          [
            113.48114355043339,
            22.89377701469323
          ],
          [
            113.48138776782027,
            22.89362297537531
          ]
        ]
      }
    },
    {
      "type": "Feature",
      "id": "local/global-nav/edge_131_campus_outdoor_c0121f88f8_campus_outdoor_469d7640e1",
      "properties": {
        "featureClass": "road",
        "highway": "footway",
        "osmId": "local/global-nav/edge_131_campus_outdoor_c0121f88f8_campus_outdoor_469d7640e1",
        "osmNodeIds": [
          "local-nav/campus_outdoor_c0121f88f8",
          "local-nav/campus_outdoor_469d7640e1"
        ],
        "localEdgeId": "edge_131_campus_outdoor_c0121f88f8_campus_outdoor_469d7640e1",
        "localEdgeType": "walk",
        "source": "global-nav-0408-gcj2wgs84",
        "verificationStatus": "from-navigation-graph-unverified"
      },
      "geometry": {
        "type": "LineString",
        "coordinates": [
          [
            113.4809458697234,
            22.89390938120694
          ],
          [
            113.48085656431408,
            22.893940106973016
          ]
        ]
      }
    },
    {
      "type": "Feature",
      "id": "local/global-nav/edge_132_campus_outdoor_c0121f88f8_campus_outdoor_8843b8719e",
      "properties": {
        "featureClass": "road",
        "highway": "footway",
        "osmId": "local/global-nav/edge_132_campus_outdoor_c0121f88f8_campus_outdoor_8843b8719e",
        "osmNodeIds": [
          "local-nav/campus_outdoor_c0121f88f8",
          "local-nav/campus_outdoor_8843b8719e"
        ],
        "localEdgeId": "edge_132_campus_outdoor_c0121f88f8_campus_outdoor_8843b8719e",
        "localEdgeType": "walk",
        "source": "global-nav-0408-gcj2wgs84",
        "verificationStatus": "from-navigation-graph-unverified"
      },
      "geometry": {
        "type": "LineString",
        "coordinates": [
          [
            113.4809458697234,
            22.89390938120694
          ],
          [
            113.48077330553953,
            22.893581008900323
          ]
        ]
      }
    },
    {
      "type": "Feature",
      "id": "local/global-nav/edge_133_campus_outdoor_c0121f88f8_campus_outdoor_b6a301d6a5",
      "properties": {
        "featureClass": "road",
        "highway": "footway",
        "osmId": "local/global-nav/edge_133_campus_outdoor_c0121f88f8_campus_outdoor_b6a301d6a5",
        "osmNodeIds": [
          "local-nav/campus_outdoor_c0121f88f8",
          "local-nav/campus_outdoor_b6a301d6a5"
        ],
        "localEdgeId": "edge_133_campus_outdoor_c0121f88f8_campus_outdoor_b6a301d6a5",
        "localEdgeType": "walk",
        "source": "global-nav-0408-gcj2wgs84",
        "verificationStatus": "from-navigation-graph-unverified"
      },
      "geometry": {
        "type": "LineString",
        "coordinates": [
          [
            113.4809458697234,
            22.89390938120694
          ],
          [
            113.48114355043339,
            22.89377701469323
          ]
        ]
      }
    },
    {
      "type": "Feature",
      "id": "local/global-nav/edge_134_campus_outdoor_8843b8719e_campus_outdoor_44245b80ce",
      "properties": {
        "featureClass": "road",
        "highway": "footway",
        "osmId": "local/global-nav/edge_134_campus_outdoor_8843b8719e_campus_outdoor_44245b80ce",
        "osmNodeIds": [
          "local-nav/campus_outdoor_8843b8719e",
          10775863282
        ],
        "localEdgeId": "edge_134_campus_outdoor_8843b8719e_campus_outdoor_44245b80ce",
        "localEdgeType": "walk",
        "source": "global-nav-0408-gcj2wgs84",
        "verificationStatus": "from-navigation-graph-unverified"
      },
      "geometry": {
        "type": "LineString",
        "coordinates": [
          [
            113.48077330553953,
            22.893581008900323
          ],
          [
            113.48062482012655,
            22.893302687057666
          ]
        ]
      }
    },
    {
      "type": "Feature",
      "id": "local/global-nav/edge_135_campus_outdoor_8843b8719e_campus_outdoor_4cc4a8e06c",
      "properties": {
        "featureClass": "road",
        "highway": "footway",
        "osmId": "local/global-nav/edge_135_campus_outdoor_8843b8719e_campus_outdoor_4cc4a8e06c",
        "osmNodeIds": [
          "local-nav/campus_outdoor_8843b8719e",
          "local-nav/campus_outdoor_4cc4a8e06c"
        ],
        "localEdgeId": "edge_135_campus_outdoor_8843b8719e_campus_outdoor_4cc4a8e06c",
        "localEdgeType": "walk",
        "source": "global-nav-0408-gcj2wgs84",
        "verificationStatus": "from-navigation-graph-unverified"
      },
      "geometry": {
        "type": "LineString",
        "coordinates": [
          [
            113.48077330553953,
            22.893581008900323
          ],
          [
            113.48063884370897,
            22.893662581964804
          ]
        ]
      }
    },
    {
      "type": "Feature",
      "id": "local/global-nav/edge_136_campus_outdoor_8843b8719e_campus_outdoor_c0121f88f8",
      "properties": {
        "featureClass": "road",
        "highway": "footway",
        "osmId": "local/global-nav/edge_136_campus_outdoor_8843b8719e_campus_outdoor_c0121f88f8",
        "osmNodeIds": [
          "local-nav/campus_outdoor_8843b8719e",
          "local-nav/campus_outdoor_c0121f88f8"
        ],
        "localEdgeId": "edge_136_campus_outdoor_8843b8719e_campus_outdoor_c0121f88f8",
        "localEdgeType": "walk",
        "source": "global-nav-0408-gcj2wgs84",
        "verificationStatus": "from-navigation-graph-unverified"
      },
      "geometry": {
        "type": "LineString",
        "coordinates": [
          [
            113.48077330553953,
            22.893581008900323
          ],
          [
            113.4809458697234,
            22.89390938120694
          ]
        ]
      }
    },
    {
      "type": "Feature",
      "id": "local/global-nav/edge_137_campus_outdoor_469d7640e1_campus_outdoor_b2d1bd19a7",
      "properties": {
        "featureClass": "road",
        "highway": "footway",
        "osmId": "local/global-nav/edge_137_campus_outdoor_469d7640e1_campus_outdoor_b2d1bd19a7",
        "osmNodeIds": [
          "local-nav/campus_outdoor_469d7640e1",
          "local-nav/campus_outdoor_b2d1bd19a7"
        ],
        "localEdgeId": "edge_137_campus_outdoor_469d7640e1_campus_outdoor_b2d1bd19a7",
        "localEdgeType": "walk",
        "source": "global-nav-0408-gcj2wgs84",
        "verificationStatus": "from-navigation-graph-unverified"
      },
      "geometry": {
        "type": "LineString",
        "coordinates": [
          [
            113.48085656431408,
            22.893940106973016
          ],
          [
            113.48077026876517,
            22.893977838799376
          ]
        ]
      }
    },
    {
      "type": "Feature",
      "id": "local/global-nav/edge_138_campus_outdoor_469d7640e1_campus_outdoor_c0121f88f8",
      "properties": {
        "featureClass": "road",
        "highway": "footway",
        "osmId": "local/global-nav/edge_138_campus_outdoor_469d7640e1_campus_outdoor_c0121f88f8",
        "osmNodeIds": [
          "local-nav/campus_outdoor_469d7640e1",
          "local-nav/campus_outdoor_c0121f88f8"
        ],
        "localEdgeId": "edge_138_campus_outdoor_469d7640e1_campus_outdoor_c0121f88f8",
        "localEdgeType": "walk",
        "source": "global-nav-0408-gcj2wgs84",
        "verificationStatus": "from-navigation-graph-unverified"
      },
      "geometry": {
        "type": "LineString",
        "coordinates": [
          [
            113.48085656431408,
            22.893940106973016
          ],
          [
            113.4809458697234,
            22.89390938120694
          ]
        ]
      }
    },
    {
      "type": "Feature",
      "id": "local/global-nav/edge_139_campus_outdoor_b2d1bd19a7_campus_outdoor_1eb74ec00b",
      "properties": {
        "featureClass": "road",
        "highway": "footway",
        "osmId": "local/global-nav/edge_139_campus_outdoor_b2d1bd19a7_campus_outdoor_1eb74ec00b",
        "osmNodeIds": [
          "local-nav/campus_outdoor_b2d1bd19a7",
          "local-nav/campus_outdoor_1eb74ec00b"
        ],
        "localEdgeId": "edge_139_campus_outdoor_b2d1bd19a7_campus_outdoor_1eb74ec00b",
        "localEdgeType": "walk",
        "source": "global-nav-0408-gcj2wgs84",
        "verificationStatus": "from-navigation-graph-unverified"
      },
      "geometry": {
        "type": "LineString",
        "coordinates": [
          [
            113.48077026876517,
            22.893977838799376
          ],
          [
            113.48067694968302,
            22.89401255136857
          ]
        ]
      }
    },
    {
      "type": "Feature",
      "id": "local/global-nav/edge_140_campus_outdoor_b2d1bd19a7_campus_outdoor_469d7640e1",
      "properties": {
        "featureClass": "road",
        "highway": "footway",
        "osmId": "local/global-nav/edge_140_campus_outdoor_b2d1bd19a7_campus_outdoor_469d7640e1",
        "osmNodeIds": [
          "local-nav/campus_outdoor_b2d1bd19a7",
          "local-nav/campus_outdoor_469d7640e1"
        ],
        "localEdgeId": "edge_140_campus_outdoor_b2d1bd19a7_campus_outdoor_469d7640e1",
        "localEdgeType": "walk",
        "source": "global-nav-0408-gcj2wgs84",
        "verificationStatus": "from-navigation-graph-unverified"
      },
      "geometry": {
        "type": "LineString",
        "coordinates": [
          [
            113.48077026876517,
            22.893977838799376
          ],
          [
            113.48085656431408,
            22.893940106973016
          ]
        ]
      }
    },
    {
      "type": "Feature",
      "id": "local/global-nav/edge_141_campus_outdoor_1eb74ec00b_campus_outdoor_15ba14925d",
      "properties": {
        "featureClass": "road",
        "highway": "footway",
        "osmId": "local/global-nav/edge_141_campus_outdoor_1eb74ec00b_campus_outdoor_15ba14925d",
        "osmNodeIds": [
          "local-nav/campus_outdoor_1eb74ec00b",
          "local-nav/campus_outdoor_15ba14925d"
        ],
        "localEdgeId": "edge_141_campus_outdoor_1eb74ec00b_campus_outdoor_15ba14925d",
        "localEdgeType": "walk",
        "source": "global-nav-0408-gcj2wgs84",
        "verificationStatus": "from-navigation-graph-unverified"
      },
      "geometry": {
        "type": "LineString",
        "coordinates": [
          [
            113.48067694968302,
            22.89401255136857
          ],
          [
            113.48055754088789,
            22.89406717957461
          ]
        ]
      }
    },
    {
      "type": "Feature",
      "id": "local/global-nav/edge_142_campus_outdoor_1eb74ec00b_campus_outdoor_b2d1bd19a7",
      "properties": {
        "featureClass": "road",
        "highway": "footway",
        "osmId": "local/global-nav/edge_142_campus_outdoor_1eb74ec00b_campus_outdoor_b2d1bd19a7",
        "osmNodeIds": [
          "local-nav/campus_outdoor_1eb74ec00b",
          "local-nav/campus_outdoor_b2d1bd19a7"
        ],
        "localEdgeId": "edge_142_campus_outdoor_1eb74ec00b_campus_outdoor_b2d1bd19a7",
        "localEdgeType": "walk",
        "source": "global-nav-0408-gcj2wgs84",
        "verificationStatus": "from-navigation-graph-unverified"
      },
      "geometry": {
        "type": "LineString",
        "coordinates": [
          [
            113.48067694968302,
            22.89401255136857
          ],
          [
            113.48077026876517,
            22.893977838799376
          ]
        ]
      }
    },
    {
      "type": "Feature",
      "id": "local/global-nav/edge_143_campus_outdoor_15ba14925d_campus_outdoor_1eb74ec00b",
      "properties": {
        "featureClass": "road",
        "highway": "footway",
        "osmId": "local/global-nav/edge_143_campus_outdoor_15ba14925d_campus_outdoor_1eb74ec00b",
        "osmNodeIds": [
          "local-nav/campus_outdoor_15ba14925d",
          "local-nav/campus_outdoor_1eb74ec00b"
        ],
        "localEdgeId": "edge_143_campus_outdoor_15ba14925d_campus_outdoor_1eb74ec00b",
        "localEdgeType": "walk",
        "source": "global-nav-0408-gcj2wgs84",
        "verificationStatus": "from-navigation-graph-unverified"
      },
      "geometry": {
        "type": "LineString",
        "coordinates": [
          [
            113.48055754088789,
            22.89406717957461
          ],
          [
            113.48067694968302,
            22.89401255136857
          ]
        ]
      }
    },
    {
      "type": "Feature",
      "id": "local/global-nav/edge_144_campus_outdoor_15ba14925d_campus_outdoor_c9e3198ae4",
      "properties": {
        "featureClass": "road",
        "highway": "footway",
        "osmId": "local/global-nav/edge_144_campus_outdoor_15ba14925d_campus_outdoor_c9e3198ae4",
        "osmNodeIds": [
          "local-nav/campus_outdoor_15ba14925d",
          "local-nav/campus_outdoor_c9e3198ae4"
        ],
        "localEdgeId": "edge_144_campus_outdoor_15ba14925d_campus_outdoor_c9e3198ae4",
        "localEdgeType": "walk",
        "source": "global-nav-0408-gcj2wgs84",
        "verificationStatus": "from-navigation-graph-unverified"
      },
      "geometry": {
        "type": "LineString",
        "coordinates": [
          [
            113.48055754088789,
            22.89406717957461
          ],
          [
            113.48032073397464,
            22.89412746226041
          ]
        ]
      }
    },
    {
      "type": "Feature",
      "id": "local/global-nav/edge_145_campus_outdoor_c9e3198ae4_campus_outdoor_15ba14925d",
      "properties": {
        "featureClass": "road",
        "highway": "footway",
        "osmId": "local/global-nav/edge_145_campus_outdoor_c9e3198ae4_campus_outdoor_15ba14925d",
        "osmNodeIds": [
          "local-nav/campus_outdoor_c9e3198ae4",
          "local-nav/campus_outdoor_15ba14925d"
        ],
        "localEdgeId": "edge_145_campus_outdoor_c9e3198ae4_campus_outdoor_15ba14925d",
        "localEdgeType": "walk",
        "source": "global-nav-0408-gcj2wgs84",
        "verificationStatus": "from-navigation-graph-unverified"
      },
      "geometry": {
        "type": "LineString",
        "coordinates": [
          [
            113.48032073397464,
            22.89412746226041
          ],
          [
            113.48055754088789,
            22.89406717957461
          ]
        ]
      }
    },
    {
      "type": "Feature",
      "id": "local/global-nav/edge_146_campus_outdoor_c9e3198ae4_campus_outdoor_2c2216c489",
      "properties": {
        "featureClass": "road",
        "highway": "footway",
        "osmId": "local/global-nav/edge_146_campus_outdoor_c9e3198ae4_campus_outdoor_2c2216c489",
        "osmNodeIds": [
          "local-nav/campus_outdoor_c9e3198ae4",
          "local-nav/campus_outdoor_2c2216c489"
        ],
        "localEdgeId": "edge_146_campus_outdoor_c9e3198ae4_campus_outdoor_2c2216c489",
        "localEdgeType": "walk",
        "source": "global-nav-0408-gcj2wgs84",
        "verificationStatus": "from-navigation-graph-unverified"
      },
      "geometry": {
        "type": "LineString",
        "coordinates": [
          [
            113.48032073397464,
            22.89412746226041
          ],
          [
            113.48015416793979,
            22.8941539645677
          ]
        ]
      }
    },
    {
      "type": "Feature",
      "id": "local/global-nav/edge_147_campus_outdoor_c5b48e9f51_campus_outdoor_1a76ea3713",
      "properties": {
        "featureClass": "road",
        "highway": "footway",
        "osmId": "local/global-nav/edge_147_campus_outdoor_c5b48e9f51_campus_outdoor_1a76ea3713",
        "osmNodeIds": [
          "local-nav/campus_outdoor_c5b48e9f51",
          "local-nav/campus_outdoor_1a76ea3713"
        ],
        "localEdgeId": "edge_147_campus_outdoor_c5b48e9f51_campus_outdoor_1a76ea3713",
        "localEdgeType": "walk",
        "source": "global-nav-0408-gcj2wgs84",
        "verificationStatus": "from-navigation-graph-unverified"
      },
      "geometry": {
        "type": "LineString",
        "coordinates": [
          [
            113.47968056159743,
            22.8942155568537
          ],
          [
            113.47960430319829,
            22.894226330095048
          ]
        ]
      }
    },
    {
      "type": "Feature",
      "id": "local/global-nav/edge_148_campus_outdoor_c5b48e9f51_campus_outdoor_5113e89525",
      "properties": {
        "featureClass": "road",
        "highway": "footway",
        "osmId": "local/global-nav/edge_148_campus_outdoor_c5b48e9f51_campus_outdoor_5113e89525",
        "osmNodeIds": [
          "local-nav/campus_outdoor_c5b48e9f51",
          "local-nav/campus_outdoor_5113e89525"
        ],
        "localEdgeId": "edge_148_campus_outdoor_c5b48e9f51_campus_outdoor_5113e89525",
        "localEdgeType": "walk",
        "source": "global-nav-0408-gcj2wgs84",
        "verificationStatus": "from-navigation-graph-unverified"
      },
      "geometry": {
        "type": "LineString",
        "coordinates": [
          [
            113.47968056159743,
            22.8942155568537
          ],
          [
            113.47985113979767,
            22.894193063682327
          ]
        ]
      }
    },
    {
      "type": "Feature",
      "id": "local/global-nav/edge_149_campus_outdoor_5113e89525_campus_outdoor_193749eb56",
      "properties": {
        "featureClass": "road",
        "highway": "footway",
        "osmId": "local/global-nav/edge_149_campus_outdoor_5113e89525_campus_outdoor_193749eb56",
        "osmNodeIds": [
          "local-nav/campus_outdoor_5113e89525",
          "local-nav/campus_outdoor_193749eb56"
        ],
        "localEdgeId": "edge_149_campus_outdoor_5113e89525_campus_outdoor_193749eb56",
        "localEdgeType": "walk",
        "source": "global-nav-0408-gcj2wgs84",
        "verificationStatus": "from-navigation-graph-unverified"
      },
      "geometry": {
        "type": "LineString",
        "coordinates": [
          [
            113.47985113979767,
            22.894193063682327
          ],
          [
            113.48000165037415,
            22.894172511464316
          ]
        ]
      }
    },
    {
      "type": "Feature",
      "id": "local/global-nav/edge_150_campus_outdoor_5113e89525_campus_outdoor_c5b48e9f51",
      "properties": {
        "featureClass": "road",
        "highway": "footway",
        "osmId": "local/global-nav/edge_150_campus_outdoor_5113e89525_campus_outdoor_c5b48e9f51",
        "osmNodeIds": [
          "local-nav/campus_outdoor_5113e89525",
          "local-nav/campus_outdoor_c5b48e9f51"
        ],
        "localEdgeId": "edge_150_campus_outdoor_5113e89525_campus_outdoor_c5b48e9f51",
        "localEdgeType": "walk",
        "source": "global-nav-0408-gcj2wgs84",
        "verificationStatus": "from-navigation-graph-unverified"
      },
      "geometry": {
        "type": "LineString",
        "coordinates": [
          [
            113.47985113979767,
            22.894193063682327
          ],
          [
            113.47968056159743,
            22.8942155568537
          ]
        ]
      }
    },
    {
      "type": "Feature",
      "id": "local/global-nav/edge_151_campus_outdoor_1a76ea3713_campus_outdoor_2ea1e6fd5d",
      "properties": {
        "featureClass": "road",
        "highway": "footway",
        "osmId": "local/global-nav/edge_151_campus_outdoor_1a76ea3713_campus_outdoor_2ea1e6fd5d",
        "osmNodeIds": [
          "local-nav/campus_outdoor_1a76ea3713",
          "local-nav/campus_outdoor_2ea1e6fd5d"
        ],
        "localEdgeId": "edge_151_campus_outdoor_1a76ea3713_campus_outdoor_2ea1e6fd5d",
        "localEdgeType": "walk",
        "source": "global-nav-0408-gcj2wgs84",
        "verificationStatus": "from-navigation-graph-unverified"
      },
      "geometry": {
        "type": "LineString",
        "coordinates": [
          [
            113.47960430319829,
            22.894226330095048
          ],
          [
            113.47958624854266,
            22.894131316070492
          ]
        ]
      }
    },
    {
      "type": "Feature",
      "id": "local/global-nav/edge_152_campus_outdoor_1a76ea3713_campus_outdoor_95405c53ed",
      "properties": {
        "featureClass": "road",
        "highway": "footway",
        "osmId": "local/global-nav/edge_152_campus_outdoor_1a76ea3713_campus_outdoor_95405c53ed",
        "osmNodeIds": [
          "local-nav/campus_outdoor_1a76ea3713",
          "local-nav/campus_outdoor_95405c53ed"
        ],
        "localEdgeId": "edge_152_campus_outdoor_1a76ea3713_campus_outdoor_95405c53ed",
        "localEdgeType": "walk",
        "source": "global-nav-0408-gcj2wgs84",
        "verificationStatus": "from-navigation-graph-unverified"
      },
      "geometry": {
        "type": "LineString",
        "coordinates": [
          [
            113.47960430319829,
            22.894226330095048
          ],
          [
            113.47967050734681,
            22.89451940401709
          ]
        ]
      }
    },
    {
      "type": "Feature",
      "id": "local/global-nav/edge_153_campus_outdoor_1a76ea3713_campus_outdoor_c5b48e9f51",
      "properties": {
        "featureClass": "road",
        "highway": "footway",
        "osmId": "local/global-nav/edge_153_campus_outdoor_1a76ea3713_campus_outdoor_c5b48e9f51",
        "osmNodeIds": [
          "local-nav/campus_outdoor_1a76ea3713",
          "local-nav/campus_outdoor_c5b48e9f51"
        ],
        "localEdgeId": "edge_153_campus_outdoor_1a76ea3713_campus_outdoor_c5b48e9f51",
        "localEdgeType": "walk",
        "source": "global-nav-0408-gcj2wgs84",
        "verificationStatus": "from-navigation-graph-unverified"
      },
      "geometry": {
        "type": "LineString",
        "coordinates": [
          [
            113.47960430319829,
            22.894226330095048
          ],
          [
            113.47968056159743,
            22.8942155568537
          ]
        ]
      }
    },
    {
      "type": "Feature",
      "id": "local/global-nav/edge_154_campus_outdoor_2ea1e6fd5d_campus_outdoor_1a76ea3713",
      "properties": {
        "featureClass": "road",
        "highway": "footway",
        "osmId": "local/global-nav/edge_154_campus_outdoor_2ea1e6fd5d_campus_outdoor_1a76ea3713",
        "osmNodeIds": [
          "local-nav/campus_outdoor_2ea1e6fd5d",
          "local-nav/campus_outdoor_1a76ea3713"
        ],
        "localEdgeId": "edge_154_campus_outdoor_2ea1e6fd5d_campus_outdoor_1a76ea3713",
        "localEdgeType": "walk",
        "source": "global-nav-0408-gcj2wgs84",
        "verificationStatus": "from-navigation-graph-unverified"
      },
      "geometry": {
        "type": "LineString",
        "coordinates": [
          [
            113.47958624854266,
            22.894131316070492
          ],
          [
            113.47960430319829,
            22.894226330095048
          ]
        ]
      }
    },
    {
      "type": "Feature",
      "id": "local/global-nav/edge_155_campus_outdoor_2ea1e6fd5d_campus_outdoor_454c5c3e02",
      "properties": {
        "featureClass": "road",
        "highway": "footway",
        "osmId": "local/global-nav/edge_155_campus_outdoor_2ea1e6fd5d_campus_outdoor_454c5c3e02",
        "osmNodeIds": [
          "local-nav/campus_outdoor_2ea1e6fd5d",
          13909959268
        ],
        "localEdgeId": "edge_155_campus_outdoor_2ea1e6fd5d_campus_outdoor_454c5c3e02",
        "localEdgeType": "walk",
        "source": "global-nav-0408-gcj2wgs84",
        "verificationStatus": "from-navigation-graph-unverified"
      },
      "geometry": {
        "type": "LineString",
        "coordinates": [
          [
            113.47958624854266,
            22.894131316070492
          ],
          [
            113.4795631812289,
            22.893972313433743
          ]
        ]
      }
    },
    {
      "type": "Feature",
      "id": "local/global-nav/edge_156_campus_outdoor_454c5c3e02_campus_outdoor_2ea1e6fd5d",
      "properties": {
        "featureClass": "road",
        "highway": "footway",
        "osmId": "local/global-nav/edge_156_campus_outdoor_454c5c3e02_campus_outdoor_2ea1e6fd5d",
        "osmNodeIds": [
          13909959268,
          "local-nav/campus_outdoor_2ea1e6fd5d"
        ],
        "localEdgeId": "edge_156_campus_outdoor_454c5c3e02_campus_outdoor_2ea1e6fd5d",
        "localEdgeType": "walk",
        "source": "global-nav-0408-gcj2wgs84",
        "verificationStatus": "from-navigation-graph-unverified"
      },
      "geometry": {
        "type": "LineString",
        "coordinates": [
          [
            113.4795631812289,
            22.893972313433743
          ],
          [
            113.47958624854266,
            22.894131316070492
          ]
        ]
      }
    },
    {
      "type": "Feature",
      "id": "local/global-nav/edge_157_campus_outdoor_454c5c3e02_campus_outdoor_509a44d5d3",
      "properties": {
        "featureClass": "road",
        "highway": "footway",
        "osmId": "local/global-nav/edge_157_campus_outdoor_454c5c3e02_campus_outdoor_509a44d5d3",
        "osmNodeIds": [
          13909959268,
          "local-nav/campus_outdoor_509a44d5d3"
        ],
        "localEdgeId": "edge_157_campus_outdoor_454c5c3e02_campus_outdoor_509a44d5d3",
        "localEdgeType": "walk",
        "source": "global-nav-0408-gcj2wgs84",
        "verificationStatus": "from-navigation-graph-unverified"
      },
      "geometry": {
        "type": "LineString",
        "coordinates": [
          [
            113.4795631812289,
            22.893972313433743
          ],
          [
            113.47960432641867,
            22.893879471110818
          ]
        ]
      }
    },
    {
      "type": "Feature",
      "id": "local/global-nav/edge_158_campus_outdoor_509a44d5d3_campus_outdoor_454c5c3e02",
      "properties": {
        "featureClass": "road",
        "highway": "footway",
        "osmId": "local/global-nav/edge_158_campus_outdoor_509a44d5d3_campus_outdoor_454c5c3e02",
        "osmNodeIds": [
          "local-nav/campus_outdoor_509a44d5d3",
          13909959268
        ],
        "localEdgeId": "edge_158_campus_outdoor_509a44d5d3_campus_outdoor_454c5c3e02",
        "localEdgeType": "walk",
        "source": "global-nav-0408-gcj2wgs84",
        "verificationStatus": "from-navigation-graph-unverified"
      },
      "geometry": {
        "type": "LineString",
        "coordinates": [
          [
            113.47960432641867,
            22.893879471110818
          ],
          [
            113.4795631812289,
            22.893972313433743
          ]
        ]
      }
    },
    {
      "type": "Feature",
      "id": "local/global-nav/edge_159_campus_outdoor_509a44d5d3_campus_outdoor_7dd8a280f6",
      "properties": {
        "featureClass": "road",
        "highway": "footway",
        "osmId": "local/global-nav/edge_159_campus_outdoor_509a44d5d3_campus_outdoor_7dd8a280f6",
        "osmNodeIds": [
          "local-nav/campus_outdoor_509a44d5d3",
          "local-nav/campus_outdoor_7dd8a280f6"
        ],
        "localEdgeId": "edge_159_campus_outdoor_509a44d5d3_campus_outdoor_7dd8a280f6",
        "localEdgeType": "walk",
        "source": "global-nav-0408-gcj2wgs84",
        "verificationStatus": "from-navigation-graph-unverified"
      },
      "geometry": {
        "type": "LineString",
        "coordinates": [
          [
            113.47960432641867,
            22.893879471110818
          ],
          [
            113.47971570765503,
            22.893806825451016
          ]
        ]
      }
    },
    {
      "type": "Feature",
      "id": "local/global-nav/edge_160_campus_outdoor_7dd8a280f6_campus_outdoor_509a44d5d3",
      "properties": {
        "featureClass": "road",
        "highway": "footway",
        "osmId": "local/global-nav/edge_160_campus_outdoor_7dd8a280f6_campus_outdoor_509a44d5d3",
        "osmNodeIds": [
          "local-nav/campus_outdoor_7dd8a280f6",
          "local-nav/campus_outdoor_509a44d5d3"
        ],
        "localEdgeId": "edge_160_campus_outdoor_7dd8a280f6_campus_outdoor_509a44d5d3",
        "localEdgeType": "walk",
        "source": "global-nav-0408-gcj2wgs84",
        "verificationStatus": "from-navigation-graph-unverified"
      },
      "geometry": {
        "type": "LineString",
        "coordinates": [
          [
            113.47971570765503,
            22.893806825451016
          ],
          [
            113.47960432641867,
            22.893879471110818
          ]
        ]
      }
    },
    {
      "type": "Feature",
      "id": "local/global-nav/edge_161_campus_outdoor_7dd8a280f6_campus_outdoor_f9cb94c07c",
      "properties": {
        "featureClass": "road",
        "highway": "footway",
        "osmId": "local/global-nav/edge_161_campus_outdoor_7dd8a280f6_campus_outdoor_f9cb94c07c",
        "osmNodeIds": [
          "local-nav/campus_outdoor_7dd8a280f6",
          "local-nav/campus_outdoor_f9cb94c07c"
        ],
        "localEdgeId": "edge_161_campus_outdoor_7dd8a280f6_campus_outdoor_f9cb94c07c",
        "localEdgeType": "walk",
        "source": "global-nav-0408-gcj2wgs84",
        "verificationStatus": "from-navigation-graph-unverified"
      },
      "geometry": {
        "type": "LineString",
        "coordinates": [
          [
            113.47971570765503,
            22.893806825451016
          ],
          [
            113.47976588032036,
            22.893760990441567
          ]
        ]
      }
    },
    {
      "type": "Feature",
      "id": "local/global-nav/edge_162_campus_outdoor_b6a5730ca5_campus_outdoor_3f70467280",
      "properties": {
        "featureClass": "road",
        "highway": "footway",
        "osmId": "local/global-nav/edge_162_campus_outdoor_b6a5730ca5_campus_outdoor_3f70467280",
        "osmNodeIds": [
          "local-nav/campus_outdoor_b6a5730ca5",
          "local-nav/campus_outdoor_3f70467280"
        ],
        "localEdgeId": "edge_162_campus_outdoor_b6a5730ca5_campus_outdoor_3f70467280",
        "localEdgeType": "walk",
        "source": "global-nav-0408-gcj2wgs84",
        "verificationStatus": "from-navigation-graph-unverified"
      },
      "geometry": {
        "type": "LineString",
        "coordinates": [
          [
            113.47780022058987,
            22.89441201530274
          ],
          [
            113.47764569768323,
            22.89449253582312
          ]
        ]
      }
    },
    {
      "type": "Feature",
      "id": "local/global-nav/edge_163_campus_outdoor_b6a5730ca5_campus_outdoor_cca3fab72f",
      "properties": {
        "featureClass": "road",
        "highway": "footway",
        "osmId": "local/global-nav/edge_163_campus_outdoor_b6a5730ca5_campus_outdoor_cca3fab72f",
        "osmNodeIds": [
          "local-nav/campus_outdoor_b6a5730ca5",
          "local-nav/campus_outdoor_cca3fab72f"
        ],
        "localEdgeId": "edge_163_campus_outdoor_b6a5730ca5_campus_outdoor_cca3fab72f",
        "localEdgeType": "walk",
        "source": "global-nav-0408-gcj2wgs84",
        "verificationStatus": "from-navigation-graph-unverified"
      },
      "geometry": {
        "type": "LineString",
        "coordinates": [
          [
            113.47780022058987,
            22.89441201530274
          ],
          [
            113.48011409974755,
            22.893142258412517
          ]
        ]
      }
    },
    {
      "type": "Feature",
      "id": "local/global-nav/edge_164_campus_outdoor_3f70467280_campus_outdoor_8a133e6be8",
      "properties": {
        "featureClass": "road",
        "highway": "footway",
        "osmId": "local/global-nav/edge_164_campus_outdoor_3f70467280_campus_outdoor_8a133e6be8",
        "osmNodeIds": [
          "local-nav/campus_outdoor_3f70467280",
          10775863277
        ],
        "localEdgeId": "edge_164_campus_outdoor_3f70467280_campus_outdoor_8a133e6be8",
        "localEdgeType": "walk",
        "source": "global-nav-0408-gcj2wgs84",
        "verificationStatus": "from-navigation-graph-unverified"
      },
      "geometry": {
        "type": "LineString",
        "coordinates": [
          [
            113.47764569768323,
            22.89449253582312
          ],
          [
            113.4775373348738,
            22.89449422204421
          ]
        ]
      }
    },
    {
      "type": "Feature",
      "id": "local/global-nav/edge_165_campus_outdoor_3f70467280_campus_outdoor_b6a5730ca5",
      "properties": {
        "featureClass": "road",
        "highway": "footway",
        "osmId": "local/global-nav/edge_165_campus_outdoor_3f70467280_campus_outdoor_b6a5730ca5",
        "osmNodeIds": [
          "local-nav/campus_outdoor_3f70467280",
          "local-nav/campus_outdoor_b6a5730ca5"
        ],
        "localEdgeId": "edge_165_campus_outdoor_3f70467280_campus_outdoor_b6a5730ca5",
        "localEdgeType": "walk",
        "source": "global-nav-0408-gcj2wgs84",
        "verificationStatus": "from-navigation-graph-unverified"
      },
      "geometry": {
        "type": "LineString",
        "coordinates": [
          [
            113.47764569768323,
            22.89449253582312
          ],
          [
            113.47780022058987,
            22.89441201530274
          ]
        ]
      }
    },
    {
      "type": "Feature",
      "id": "local/global-nav/edge_166_campus_outdoor_8a133e6be8_campus_outdoor_0785828d29",
      "properties": {
        "featureClass": "road",
        "highway": "footway",
        "osmId": "local/global-nav/edge_166_campus_outdoor_8a133e6be8_campus_outdoor_0785828d29",
        "osmNodeIds": [
          10775863277,
          11073090140
        ],
        "localEdgeId": "edge_166_campus_outdoor_8a133e6be8_campus_outdoor_0785828d29",
        "localEdgeType": "walk",
        "source": "global-nav-0408-gcj2wgs84",
        "verificationStatus": "from-navigation-graph-unverified"
      },
      "geometry": {
        "type": "LineString",
        "coordinates": [
          [
            113.4775373348738,
            22.89449422204421
          ],
          [
            113.4774891754213,
            22.89446909316539
          ]
        ]
      }
    },
    {
      "type": "Feature",
      "id": "local/global-nav/edge_167_campus_outdoor_8a133e6be8_campus_outdoor_3f70467280",
      "properties": {
        "featureClass": "road",
        "highway": "footway",
        "osmId": "local/global-nav/edge_167_campus_outdoor_8a133e6be8_campus_outdoor_3f70467280",
        "osmNodeIds": [
          10775863277,
          "local-nav/campus_outdoor_3f70467280"
        ],
        "localEdgeId": "edge_167_campus_outdoor_8a133e6be8_campus_outdoor_3f70467280",
        "localEdgeType": "walk",
        "source": "global-nav-0408-gcj2wgs84",
        "verificationStatus": "from-navigation-graph-unverified"
      },
      "geometry": {
        "type": "LineString",
        "coordinates": [
          [
            113.4775373348738,
            22.89449422204421
          ],
          [
            113.47764569768323,
            22.89449253582312
          ]
        ]
      }
    },
    {
      "type": "Feature",
      "id": "local/global-nav/edge_168_campus_outdoor_0785828d29_campus_outdoor_494a19ba05",
      "properties": {
        "featureClass": "road",
        "highway": "footway",
        "osmId": "local/global-nav/edge_168_campus_outdoor_0785828d29_campus_outdoor_494a19ba05",
        "osmNodeIds": [
          11073090140,
          10740248788
        ],
        "localEdgeId": "edge_168_campus_outdoor_0785828d29_campus_outdoor_494a19ba05",
        "localEdgeType": "walk",
        "source": "global-nav-0408-gcj2wgs84",
        "verificationStatus": "from-navigation-graph-unverified"
      },
      "geometry": {
        "type": "LineString",
        "coordinates": [
          [
            113.4774891754213,
            22.89446909316539
          ],
          [
            113.47740389534411,
            22.89439187832748
          ]
        ]
      }
    },
    {
      "type": "Feature",
      "id": "local/global-nav/edge_169_campus_outdoor_0785828d29_campus_outdoor_8a133e6be8",
      "properties": {
        "featureClass": "road",
        "highway": "footway",
        "osmId": "local/global-nav/edge_169_campus_outdoor_0785828d29_campus_outdoor_8a133e6be8",
        "osmNodeIds": [
          11073090140,
          10775863277
        ],
        "localEdgeId": "edge_169_campus_outdoor_0785828d29_campus_outdoor_8a133e6be8",
        "localEdgeType": "walk",
        "source": "global-nav-0408-gcj2wgs84",
        "verificationStatus": "from-navigation-graph-unverified"
      },
      "geometry": {
        "type": "LineString",
        "coordinates": [
          [
            113.4774891754213,
            22.89446909316539
          ],
          [
            113.4775373348738,
            22.89449422204421
          ]
        ]
      }
    },
    {
      "type": "Feature",
      "id": "local/global-nav/edge_170_campus_outdoor_a5110d99e0_campus_outdoor_494a19ba05",
      "properties": {
        "featureClass": "road",
        "highway": "footway",
        "osmId": "local/global-nav/edge_170_campus_outdoor_a5110d99e0_campus_outdoor_494a19ba05",
        "osmNodeIds": [
          "local-nav/campus_outdoor_a5110d99e0",
          10740248788
        ],
        "localEdgeId": "edge_170_campus_outdoor_a5110d99e0_campus_outdoor_494a19ba05",
        "localEdgeType": "walk",
        "source": "global-nav-0408-gcj2wgs84",
        "verificationStatus": "from-navigation-graph-unverified"
      },
      "geometry": {
        "type": "LineString",
        "coordinates": [
          [
            113.47722531784734,
            22.894101481085222
          ],
          [
            113.47740389534411,
            22.89439187832748
          ]
        ]
      }
    },
    {
      "type": "Feature",
      "id": "local/global-nav/edge_171_campus_outdoor_a5110d99e0_campus_outdoor_640628c6e6",
      "properties": {
        "featureClass": "road",
        "highway": "footway",
        "osmId": "local/global-nav/edge_171_campus_outdoor_a5110d99e0_campus_outdoor_640628c6e6",
        "osmNodeIds": [
          "local-nav/campus_outdoor_a5110d99e0",
          10740248787
        ],
        "localEdgeId": "edge_171_campus_outdoor_a5110d99e0_campus_outdoor_640628c6e6",
        "localEdgeType": "walk",
        "source": "global-nav-0408-gcj2wgs84",
        "verificationStatus": "from-navigation-graph-unverified"
      },
      "geometry": {
        "type": "LineString",
        "coordinates": [
          [
            113.47722531784734,
            22.894101481085222
          ],
          [
            113.47702767913853,
            22.89378304072497
          ]
        ]
      }
    },
    {
      "type": "Feature",
      "id": "local/global-nav/edge_172_campus_outdoor_640628c6e6_campus_outdoor_6e1dbbc98e",
      "properties": {
        "featureClass": "road",
        "highway": "footway",
        "osmId": "local/global-nav/edge_172_campus_outdoor_640628c6e6_campus_outdoor_6e1dbbc98e",
        "osmNodeIds": [
          10740248787,
          "local-nav/campus_outdoor_6e1dbbc98e"
        ],
        "localEdgeId": "edge_172_campus_outdoor_640628c6e6_campus_outdoor_6e1dbbc98e",
        "localEdgeType": "walk",
        "source": "global-nav-0408-gcj2wgs84",
        "verificationStatus": "from-navigation-graph-unverified"
      },
      "geometry": {
        "type": "LineString",
        "coordinates": [
          [
            113.47702767913853,
            22.89378304072497
          ],
          [
            113.47660529803278,
            22.89337698990144
          ]
        ]
      }
    },
    {
      "type": "Feature",
      "id": "local/global-nav/edge_173_campus_outdoor_640628c6e6_campus_outdoor_a5110d99e0",
      "properties": {
        "featureClass": "road",
        "highway": "footway",
        "osmId": "local/global-nav/edge_173_campus_outdoor_640628c6e6_campus_outdoor_a5110d99e0",
        "osmNodeIds": [
          10740248787,
          "local-nav/campus_outdoor_a5110d99e0"
        ],
        "localEdgeId": "edge_173_campus_outdoor_640628c6e6_campus_outdoor_a5110d99e0",
        "localEdgeType": "walk",
        "source": "global-nav-0408-gcj2wgs84",
        "verificationStatus": "from-navigation-graph-unverified"
      },
      "geometry": {
        "type": "LineString",
        "coordinates": [
          [
            113.47702767913853,
            22.89378304072497
          ],
          [
            113.47722531784734,
            22.894101481085222
          ]
        ]
      }
    },
    {
      "type": "Feature",
      "id": "local/global-nav/edge_174_campus_outdoor_6e1dbbc98e_campus_outdoor_640628c6e6",
      "properties": {
        "featureClass": "road",
        "highway": "footway",
        "osmId": "local/global-nav/edge_174_campus_outdoor_6e1dbbc98e_campus_outdoor_640628c6e6",
        "osmNodeIds": [
          "local-nav/campus_outdoor_6e1dbbc98e",
          10740248787
        ],
        "localEdgeId": "edge_174_campus_outdoor_6e1dbbc98e_campus_outdoor_640628c6e6",
        "localEdgeType": "walk",
        "source": "global-nav-0408-gcj2wgs84",
        "verificationStatus": "from-navigation-graph-unverified"
      },
      "geometry": {
        "type": "LineString",
        "coordinates": [
          [
            113.47660529803278,
            22.89337698990144
          ],
          [
            113.47702767913853,
            22.89378304072497
          ]
        ]
      }
    },
    {
      "type": "Feature",
      "id": "local/global-nav/edge_175_campus_outdoor_6e1dbbc98e_campus_outdoor_9b421f51d2",
      "properties": {
        "featureClass": "road",
        "highway": "footway",
        "osmId": "local/global-nav/edge_175_campus_outdoor_6e1dbbc98e_campus_outdoor_9b421f51d2",
        "osmNodeIds": [
          "local-nav/campus_outdoor_6e1dbbc98e",
          "local-nav/campus_outdoor_9b421f51d2"
        ],
        "localEdgeId": "edge_175_campus_outdoor_6e1dbbc98e_campus_outdoor_9b421f51d2",
        "localEdgeType": "walk",
        "source": "global-nav-0408-gcj2wgs84",
        "verificationStatus": "from-navigation-graph-unverified"
      },
      "geometry": {
        "type": "LineString",
        "coordinates": [
          [
            113.47660529803278,
            22.89337698990144
          ],
          [
            113.47646784941365,
            22.893242649389933
          ]
        ]
      }
    },
    {
      "type": "Feature",
      "id": "local/global-nav/edge_176_campus_outdoor_9b421f51d2_campus_outdoor_3c2bbff4d4",
      "properties": {
        "featureClass": "road",
        "highway": "footway",
        "osmId": "local/global-nav/edge_176_campus_outdoor_9b421f51d2_campus_outdoor_3c2bbff4d4",
        "osmNodeIds": [
          "local-nav/campus_outdoor_9b421f51d2",
          "local-nav/campus_outdoor_3c2bbff4d4"
        ],
        "localEdgeId": "edge_176_campus_outdoor_9b421f51d2_campus_outdoor_3c2bbff4d4",
        "localEdgeType": "walk",
        "source": "global-nav-0408-gcj2wgs84",
        "verificationStatus": "from-navigation-graph-unverified"
      },
      "geometry": {
        "type": "LineString",
        "coordinates": [
          [
            113.47646784941365,
            22.893242649389933
          ],
          [
            113.47624713336933,
            22.89297212540353
          ]
        ]
      }
    },
    {
      "type": "Feature",
      "id": "local/global-nav/edge_177_campus_outdoor_9b421f51d2_campus_outdoor_6e1dbbc98e",
      "properties": {
        "featureClass": "road",
        "highway": "footway",
        "osmId": "local/global-nav/edge_177_campus_outdoor_9b421f51d2_campus_outdoor_6e1dbbc98e",
        "osmNodeIds": [
          "local-nav/campus_outdoor_9b421f51d2",
          "local-nav/campus_outdoor_6e1dbbc98e"
        ],
        "localEdgeId": "edge_177_campus_outdoor_9b421f51d2_campus_outdoor_6e1dbbc98e",
        "localEdgeType": "walk",
        "source": "global-nav-0408-gcj2wgs84",
        "verificationStatus": "from-navigation-graph-unverified"
      },
      "geometry": {
        "type": "LineString",
        "coordinates": [
          [
            113.47646784941365,
            22.893242649389933
          ],
          [
            113.47660529803278,
            22.89337698990144
          ]
        ]
      }
    },
    {
      "type": "Feature",
      "id": "local/global-nav/edge_178_campus_outdoor_3c2bbff4d4_campus_outdoor_9b421f51d2",
      "properties": {
        "featureClass": "road",
        "highway": "footway",
        "osmId": "local/global-nav/edge_178_campus_outdoor_3c2bbff4d4_campus_outdoor_9b421f51d2",
        "osmNodeIds": [
          "local-nav/campus_outdoor_3c2bbff4d4",
          "local-nav/campus_outdoor_9b421f51d2"
        ],
        "localEdgeId": "edge_178_campus_outdoor_3c2bbff4d4_campus_outdoor_9b421f51d2",
        "localEdgeType": "walk",
        "source": "global-nav-0408-gcj2wgs84",
        "verificationStatus": "from-navigation-graph-unverified"
      },
      "geometry": {
        "type": "LineString",
        "coordinates": [
          [
            113.47624713336933,
            22.89297212540353
          ],
          [
            113.47646784941365,
            22.893242649389933
          ]
        ]
      }
    },
    {
      "type": "Feature",
      "id": "local/global-nav/edge_179_campus_outdoor_3c2bbff4d4_campus_outdoor_c614cb75d5",
      "properties": {
        "featureClass": "road",
        "highway": "footway",
        "osmId": "local/global-nav/edge_179_campus_outdoor_3c2bbff4d4_campus_outdoor_c614cb75d5",
        "osmNodeIds": [
          "local-nav/campus_outdoor_3c2bbff4d4",
          "local-nav/campus_outdoor_c614cb75d5"
        ],
        "localEdgeId": "edge_179_campus_outdoor_3c2bbff4d4_campus_outdoor_c614cb75d5",
        "localEdgeType": "walk",
        "source": "global-nav-0408-gcj2wgs84",
        "verificationStatus": "from-navigation-graph-unverified"
      },
      "geometry": {
        "type": "LineString",
        "coordinates": [
          [
            113.47624713336933,
            22.89297212540353
          ],
          [
            113.47598227505529,
            22.892650496323398
          ]
        ]
      }
    },
    {
      "type": "Feature",
      "id": "local/global-nav/edge_180_campus_outdoor_b54991c059_campus_outdoor_3122a806b4",
      "properties": {
        "featureClass": "road",
        "highway": "footway",
        "osmId": "local/global-nav/edge_180_campus_outdoor_b54991c059_campus_outdoor_3122a806b4",
        "osmNodeIds": [
          10775863316,
          "local-nav/campus_outdoor_3122a806b4"
        ],
        "localEdgeId": "edge_180_campus_outdoor_b54991c059_campus_outdoor_3122a806b4",
        "localEdgeType": "walk",
        "source": "global-nav-0408-gcj2wgs84",
        "verificationStatus": "from-navigation-graph-unverified"
      },
      "geometry": {
        "type": "LineString",
        "coordinates": [
          [
            113.47570738735895,
            22.892289855378717
          ],
          [
            113.47574751549455,
            22.892362940585866
          ]
        ]
      }
    },
    {
      "type": "Feature",
      "id": "local/global-nav/edge_181_campus_outdoor_b54991c059_campus_outdoor_a5d9ba8142",
      "properties": {
        "featureClass": "road",
        "highway": "footway",
        "osmId": "local/global-nav/edge_181_campus_outdoor_b54991c059_campus_outdoor_a5d9ba8142",
        "osmNodeIds": [
          10775863316,
          10775863315
        ],
        "localEdgeId": "edge_181_campus_outdoor_b54991c059_campus_outdoor_a5d9ba8142",
        "localEdgeType": "walk",
        "source": "global-nav-0408-gcj2wgs84",
        "verificationStatus": "from-navigation-graph-unverified"
      },
      "geometry": {
        "type": "LineString",
        "coordinates": [
          [
            113.47570738735895,
            22.892289855378717
          ],
          [
            113.47556393420636,
            22.891958579338255
          ]
        ]
      }
    },
    {
      "type": "Feature",
      "id": "local/global-nav/edge_182_campus_outdoor_3122a806b4_campus_outdoor_2f771d4e67",
      "properties": {
        "featureClass": "road",
        "highway": "footway",
        "osmId": "local/global-nav/edge_182_campus_outdoor_3122a806b4_campus_outdoor_2f771d4e67",
        "osmNodeIds": [
          "local-nav/campus_outdoor_3122a806b4",
          "local-nav/campus_outdoor_2f771d4e67"
        ],
        "localEdgeId": "edge_182_campus_outdoor_3122a806b4_campus_outdoor_2f771d4e67",
        "localEdgeType": "walk",
        "source": "global-nav-0408-gcj2wgs84",
        "verificationStatus": "from-navigation-graph-unverified"
      },
      "geometry": {
        "type": "LineString",
        "coordinates": [
          [
            113.47574751549455,
            22.892362940585866
          ],
          [
            113.47642059410232,
            22.89195153785738
          ]
        ]
      }
    },
    {
      "type": "Feature",
      "id": "local/global-nav/edge_183_campus_outdoor_3122a806b4_campus_outdoor_b54991c059",
      "properties": {
        "featureClass": "road",
        "highway": "footway",
        "osmId": "local/global-nav/edge_183_campus_outdoor_3122a806b4_campus_outdoor_b54991c059",
        "osmNodeIds": [
          "local-nav/campus_outdoor_3122a806b4",
          10775863316
        ],
        "localEdgeId": "edge_183_campus_outdoor_3122a806b4_campus_outdoor_b54991c059",
        "localEdgeType": "walk",
        "source": "global-nav-0408-gcj2wgs84",
        "verificationStatus": "from-navigation-graph-unverified"
      },
      "geometry": {
        "type": "LineString",
        "coordinates": [
          [
            113.47574751549455,
            22.892362940585866
          ],
          [
            113.47570738735895,
            22.892289855378717
          ]
        ]
      }
    },
    {
      "type": "Feature",
      "id": "local/global-nav/edge_184_campus_outdoor_3122a806b4_campus_outdoor_c614cb75d5",
      "properties": {
        "featureClass": "road",
        "highway": "footway",
        "osmId": "local/global-nav/edge_184_campus_outdoor_3122a806b4_campus_outdoor_c614cb75d5",
        "osmNodeIds": [
          "local-nav/campus_outdoor_3122a806b4",
          "local-nav/campus_outdoor_c614cb75d5"
        ],
        "localEdgeId": "edge_184_campus_outdoor_3122a806b4_campus_outdoor_c614cb75d5",
        "localEdgeType": "walk",
        "source": "global-nav-0408-gcj2wgs84",
        "verificationStatus": "from-navigation-graph-unverified"
      },
      "geometry": {
        "type": "LineString",
        "coordinates": [
          [
            113.47574751549455,
            22.892362940585866
          ],
          [
            113.47598227505529,
            22.892650496323398
          ]
        ]
      }
    },
    {
      "type": "Feature",
      "id": "local/global-nav/edge_185_campus_outdoor_a5d9ba8142_campus_outdoor_7f6ad5dd09",
      "properties": {
        "featureClass": "road",
        "highway": "footway",
        "osmId": "local/global-nav/edge_185_campus_outdoor_a5d9ba8142_campus_outdoor_7f6ad5dd09",
        "osmNodeIds": [
          10775863315,
          "local-nav/campus_outdoor_7f6ad5dd09"
        ],
        "localEdgeId": "edge_185_campus_outdoor_a5d9ba8142_campus_outdoor_7f6ad5dd09",
        "localEdgeType": "walk",
        "source": "global-nav-0408-gcj2wgs84",
        "verificationStatus": "from-navigation-graph-unverified"
      },
      "geometry": {
        "type": "LineString",
        "coordinates": [
          [
            113.47556393420636,
            22.891958579338255
          ],
          [
            113.47546562267662,
            22.89174938308817
          ]
        ]
      }
    },
    {
      "type": "Feature",
      "id": "local/global-nav/edge_186_campus_outdoor_a5d9ba8142_campus_outdoor_b54991c059",
      "properties": {
        "featureClass": "road",
        "highway": "footway",
        "osmId": "local/global-nav/edge_186_campus_outdoor_a5d9ba8142_campus_outdoor_b54991c059",
        "osmNodeIds": [
          10775863315,
          10775863316
        ],
        "localEdgeId": "edge_186_campus_outdoor_a5d9ba8142_campus_outdoor_b54991c059",
        "localEdgeType": "walk",
        "source": "global-nav-0408-gcj2wgs84",
        "verificationStatus": "from-navigation-graph-unverified"
      },
      "geometry": {
        "type": "LineString",
        "coordinates": [
          [
            113.47556393420636,
            22.891958579338255
          ],
          [
            113.47570738735895,
            22.892289855378717
          ]
        ]
      }
    },
    {
      "type": "Feature",
      "id": "local/global-nav/edge_187_campus_outdoor_7f6ad5dd09_campus_outdoor_6168fb4b67",
      "properties": {
        "featureClass": "road",
        "highway": "footway",
        "osmId": "local/global-nav/edge_187_campus_outdoor_7f6ad5dd09_campus_outdoor_6168fb4b67",
        "osmNodeIds": [
          "local-nav/campus_outdoor_7f6ad5dd09",
          "local-nav/campus_outdoor_6168fb4b67"
        ],
        "localEdgeId": "edge_187_campus_outdoor_7f6ad5dd09_campus_outdoor_6168fb4b67",
        "localEdgeType": "walk",
        "source": "global-nav-0408-gcj2wgs84",
        "verificationStatus": "from-navigation-graph-unverified"
      },
      "geometry": {
        "type": "LineString",
        "coordinates": [
          [
            113.47546562267662,
            22.89174938308817
          ],
          [
            113.47537834750054,
            22.89154521645625
          ]
        ]
      }
    },
    {
      "type": "Feature",
      "id": "local/global-nav/edge_188_campus_outdoor_7f6ad5dd09_campus_outdoor_a5d9ba8142",
      "properties": {
        "featureClass": "road",
        "highway": "footway",
        "osmId": "local/global-nav/edge_188_campus_outdoor_7f6ad5dd09_campus_outdoor_a5d9ba8142",
        "osmNodeIds": [
          "local-nav/campus_outdoor_7f6ad5dd09",
          10775863315
        ],
        "localEdgeId": "edge_188_campus_outdoor_7f6ad5dd09_campus_outdoor_a5d9ba8142",
        "localEdgeType": "walk",
        "source": "global-nav-0408-gcj2wgs84",
        "verificationStatus": "from-navigation-graph-unverified"
      },
      "geometry": {
        "type": "LineString",
        "coordinates": [
          [
            113.47546562267662,
            22.89174938308817
          ],
          [
            113.47556393420636,
            22.891958579338255
          ]
        ]
      }
    },
    {
      "type": "Feature",
      "id": "local/global-nav/edge_189_campus_outdoor_6168fb4b67_campus_outdoor_7f6ad5dd09",
      "properties": {
        "featureClass": "road",
        "highway": "footway",
        "osmId": "local/global-nav/edge_189_campus_outdoor_6168fb4b67_campus_outdoor_7f6ad5dd09",
        "osmNodeIds": [
          "local-nav/campus_outdoor_6168fb4b67",
          "local-nav/campus_outdoor_7f6ad5dd09"
        ],
        "localEdgeId": "edge_189_campus_outdoor_6168fb4b67_campus_outdoor_7f6ad5dd09",
        "localEdgeType": "walk",
        "source": "global-nav-0408-gcj2wgs84",
        "verificationStatus": "from-navigation-graph-unverified"
      },
      "geometry": {
        "type": "LineString",
        "coordinates": [
          [
            113.47537834750054,
            22.89154521645625
          ],
          [
            113.47546562267662,
            22.89174938308817
          ]
        ]
      }
    },
    {
      "type": "Feature",
      "id": "local/global-nav/edge_190_campus_outdoor_6168fb4b67_campus_outdoor_f7a30a20dc",
      "properties": {
        "featureClass": "road",
        "highway": "footway",
        "osmId": "local/global-nav/edge_190_campus_outdoor_6168fb4b67_campus_outdoor_f7a30a20dc",
        "osmNodeIds": [
          "local-nav/campus_outdoor_6168fb4b67",
          "local-nav/campus_outdoor_f7a30a20dc"
        ],
        "localEdgeId": "edge_190_campus_outdoor_6168fb4b67_campus_outdoor_f7a30a20dc",
        "localEdgeType": "walk",
        "source": "global-nav-0408-gcj2wgs84",
        "verificationStatus": "from-navigation-graph-unverified"
      },
      "geometry": {
        "type": "LineString",
        "coordinates": [
          [
            113.47537834750054,
            22.89154521645625
          ],
          [
            113.47530611961861,
            22.891380077078903
          ]
        ]
      }
    },
    {
      "type": "Feature",
      "id": "local/global-nav/edge_191_campus_outdoor_f7a30a20dc_campus_outdoor_59ef9f1c6a",
      "properties": {
        "featureClass": "road",
        "highway": "footway",
        "osmId": "local/global-nav/edge_191_campus_outdoor_f7a30a20dc_campus_outdoor_59ef9f1c6a",
        "osmNodeIds": [
          "local-nav/campus_outdoor_f7a30a20dc",
          "local-nav/campus_outdoor_59ef9f1c6a"
        ],
        "localEdgeId": "edge_191_campus_outdoor_f7a30a20dc_campus_outdoor_59ef9f1c6a",
        "localEdgeType": "walk",
        "source": "global-nav-0408-gcj2wgs84",
        "verificationStatus": "from-navigation-graph-unverified"
      },
      "geometry": {
        "type": "LineString",
        "coordinates": [
          [
            113.47530611961861,
            22.891380077078903
          ],
          [
            113.47524492677567,
            22.891237959944295
          ]
        ]
      }
    },
    {
      "type": "Feature",
      "id": "local/global-nav/edge_192_campus_outdoor_f7a30a20dc_campus_outdoor_6168fb4b67",
      "properties": {
        "featureClass": "road",
        "highway": "footway",
        "osmId": "local/global-nav/edge_192_campus_outdoor_f7a30a20dc_campus_outdoor_6168fb4b67",
        "osmNodeIds": [
          "local-nav/campus_outdoor_f7a30a20dc",
          "local-nav/campus_outdoor_6168fb4b67"
        ],
        "localEdgeId": "edge_192_campus_outdoor_f7a30a20dc_campus_outdoor_6168fb4b67",
        "localEdgeType": "walk",
        "source": "global-nav-0408-gcj2wgs84",
        "verificationStatus": "from-navigation-graph-unverified"
      },
      "geometry": {
        "type": "LineString",
        "coordinates": [
          [
            113.47530611961861,
            22.891380077078903
          ],
          [
            113.47537834750054,
            22.89154521645625
          ]
        ]
      }
    },
    {
      "type": "Feature",
      "id": "local/global-nav/edge_193_campus_outdoor_59ef9f1c6a_campus_outdoor_c97c9c66e3",
      "properties": {
        "featureClass": "road",
        "highway": "footway",
        "osmId": "local/global-nav/edge_193_campus_outdoor_59ef9f1c6a_campus_outdoor_c97c9c66e3",
        "osmNodeIds": [
          "local-nav/campus_outdoor_59ef9f1c6a",
          11073095006
        ],
        "localEdgeId": "edge_193_campus_outdoor_59ef9f1c6a_campus_outdoor_c97c9c66e3",
        "localEdgeType": "walk",
        "source": "global-nav-0408-gcj2wgs84",
        "verificationStatus": "from-navigation-graph-unverified"
      },
      "geometry": {
        "type": "LineString",
        "coordinates": [
          [
            113.47524492677567,
            22.891237959944295
          ],
          [
            113.475049310113,
            22.890793581809756
          ]
        ]
      }
    },
    {
      "type": "Feature",
      "id": "local/global-nav/edge_194_campus_outdoor_59ef9f1c6a_campus_outdoor_f7a30a20dc",
      "properties": {
        "featureClass": "road",
        "highway": "footway",
        "osmId": "local/global-nav/edge_194_campus_outdoor_59ef9f1c6a_campus_outdoor_f7a30a20dc",
        "osmNodeIds": [
          "local-nav/campus_outdoor_59ef9f1c6a",
          "local-nav/campus_outdoor_f7a30a20dc"
        ],
        "localEdgeId": "edge_194_campus_outdoor_59ef9f1c6a_campus_outdoor_f7a30a20dc",
        "localEdgeType": "walk",
        "source": "global-nav-0408-gcj2wgs84",
        "verificationStatus": "from-navigation-graph-unverified"
      },
      "geometry": {
        "type": "LineString",
        "coordinates": [
          [
            113.47524492677567,
            22.891237959944295
          ],
          [
            113.47530611961861,
            22.891380077078903
          ]
        ]
      }
    },
    {
      "type": "Feature",
      "id": "local/global-nav/edge_195_campus_outdoor_c65ab61784_campus_outdoor_4277314f57",
      "properties": {
        "featureClass": "road",
        "highway": "footway",
        "osmId": "local/global-nav/edge_195_campus_outdoor_c65ab61784_campus_outdoor_4277314f57",
        "osmNodeIds": [
          "local-nav/campus_outdoor_c65ab61784",
          "local-nav/campus_outdoor_4277314f57"
        ],
        "localEdgeId": "edge_195_campus_outdoor_c65ab61784_campus_outdoor_4277314f57",
        "localEdgeType": "walk",
        "source": "global-nav-0408-gcj2wgs84",
        "verificationStatus": "from-navigation-graph-unverified"
      },
      "geometry": {
        "type": "LineString",
        "coordinates": [
          [
            113.47513159874005,
            22.89054191838334
          ],
          [
            113.47521788681843,
            22.89049818230386
          ]
        ]
      }
    },
    {
      "type": "Feature",
      "id": "local/global-nav/edge_196_campus_outdoor_c65ab61784_campus_outdoor_8adbf5ef99",
      "properties": {
        "featureClass": "road",
        "highway": "footway",
        "osmId": "local/global-nav/edge_196_campus_outdoor_c65ab61784_campus_outdoor_8adbf5ef99",
        "osmNodeIds": [
          "local-nav/campus_outdoor_c65ab61784",
          "local-nav/campus_outdoor_8adbf5ef99"
        ],
        "localEdgeId": "edge_196_campus_outdoor_c65ab61784_campus_outdoor_8adbf5ef99",
        "localEdgeType": "walk",
        "source": "global-nav-0408-gcj2wgs84",
        "verificationStatus": "from-navigation-graph-unverified"
      },
      "geometry": {
        "type": "LineString",
        "coordinates": [
          [
            113.47513159874005,
            22.89054191838334
          ],
          [
            113.47506838593279,
            22.890601713880155
          ]
        ]
      }
    },
    {
      "type": "Feature",
      "id": "local/global-nav/edge_197_campus_outdoor_4277314f57_campus_outdoor_22290e417f",
      "properties": {
        "featureClass": "road",
        "highway": "footway",
        "osmId": "local/global-nav/edge_197_campus_outdoor_4277314f57_campus_outdoor_22290e417f",
        "osmNodeIds": [
          "local-nav/campus_outdoor_4277314f57",
          "local-nav/campus_outdoor_22290e417f"
        ],
        "localEdgeId": "edge_197_campus_outdoor_4277314f57_campus_outdoor_22290e417f",
        "localEdgeType": "walk",
        "source": "global-nav-0408-gcj2wgs84",
        "verificationStatus": "from-navigation-graph-unverified"
      },
      "geometry": {
        "type": "LineString",
        "coordinates": [
          [
            113.47521788681843,
            22.89049818230386
          ],
          [
            113.47596362596786,
            22.890115729718786
          ]
        ]
      }
    },
    {
      "type": "Feature",
      "id": "local/global-nav/edge_198_campus_outdoor_4277314f57_campus_outdoor_c65ab61784",
      "properties": {
        "featureClass": "road",
        "highway": "footway",
        "osmId": "local/global-nav/edge_198_campus_outdoor_4277314f57_campus_outdoor_c65ab61784",
        "osmNodeIds": [
          "local-nav/campus_outdoor_4277314f57",
          "local-nav/campus_outdoor_c65ab61784"
        ],
        "localEdgeId": "edge_198_campus_outdoor_4277314f57_campus_outdoor_c65ab61784",
        "localEdgeType": "walk",
        "source": "global-nav-0408-gcj2wgs84",
        "verificationStatus": "from-navigation-graph-unverified"
      },
      "geometry": {
        "type": "LineString",
        "coordinates": [
          [
            113.47521788681843,
            22.89049818230386
          ],
          [
            113.47513159874005,
            22.89054191838334
          ]
        ]
      }
    },
    {
      "type": "Feature",
      "id": "local/global-nav/edge_199_campus_outdoor_22290e417f_campus_outdoor_203141b463",
      "properties": {
        "featureClass": "road",
        "highway": "footway",
        "osmId": "local/global-nav/edge_199_campus_outdoor_22290e417f_campus_outdoor_203141b463",
        "osmNodeIds": [
          "local-nav/campus_outdoor_22290e417f",
          10057722443
        ],
        "localEdgeId": "edge_199_campus_outdoor_22290e417f_campus_outdoor_203141b463",
        "localEdgeType": "walk",
        "source": "global-nav-0408-gcj2wgs84",
        "verificationStatus": "from-navigation-graph-unverified"
      },
      "geometry": {
        "type": "LineString",
        "coordinates": [
          [
            113.47596362596786,
            22.890115729718786
          ],
          [
            113.47624231773179,
            22.889972327049765
          ]
        ]
      }
    },
    {
      "type": "Feature",
      "id": "local/global-nav/edge_200_campus_outdoor_22290e417f_campus_outdoor_4277314f57",
      "properties": {
        "featureClass": "road",
        "highway": "footway",
        "osmId": "local/global-nav/edge_200_campus_outdoor_22290e417f_campus_outdoor_4277314f57",
        "osmNodeIds": [
          "local-nav/campus_outdoor_22290e417f",
          "local-nav/campus_outdoor_4277314f57"
        ],
        "localEdgeId": "edge_200_campus_outdoor_22290e417f_campus_outdoor_4277314f57",
        "localEdgeType": "walk",
        "source": "global-nav-0408-gcj2wgs84",
        "verificationStatus": "from-navigation-graph-unverified"
      },
      "geometry": {
        "type": "LineString",
        "coordinates": [
          [
            113.47596362596786,
            22.890115729718786
          ],
          [
            113.47521788681843,
            22.89049818230386
          ]
        ]
      }
    },
    {
      "type": "Feature",
      "id": "local/global-nav/edge_201_campus_outdoor_22290e417f_campus_outdoor_5e1402593a",
      "properties": {
        "featureClass": "road",
        "highway": "footway",
        "osmId": "local/global-nav/edge_201_campus_outdoor_22290e417f_campus_outdoor_5e1402593a",
        "osmNodeIds": [
          "local-nav/campus_outdoor_22290e417f",
          "local-nav/campus_outdoor_5e1402593a"
        ],
        "localEdgeId": "edge_201_campus_outdoor_22290e417f_campus_outdoor_5e1402593a",
        "localEdgeType": "walk",
        "source": "global-nav-0408-gcj2wgs84",
        "verificationStatus": "from-navigation-graph-unverified"
      },
      "geometry": {
        "type": "LineString",
        "coordinates": [
          [
            113.47596362596786,
            22.890115729718786
          ],
          [
            113.4760717290916,
            22.89029970525832
          ]
        ]
      }
    },
    {
      "type": "Feature",
      "id": "local/global-nav/edge_202_campus_outdoor_203141b463_campus_outdoor_22290e417f",
      "properties": {
        "featureClass": "road",
        "highway": "footway",
        "osmId": "local/global-nav/edge_202_campus_outdoor_203141b463_campus_outdoor_22290e417f",
        "osmNodeIds": [
          10057722443,
          "local-nav/campus_outdoor_22290e417f"
        ],
        "localEdgeId": "edge_202_campus_outdoor_203141b463_campus_outdoor_22290e417f",
        "localEdgeType": "walk",
        "source": "global-nav-0408-gcj2wgs84",
        "verificationStatus": "from-navigation-graph-unverified"
      },
      "geometry": {
        "type": "LineString",
        "coordinates": [
          [
            113.47624231773179,
            22.889972327049765
          ],
          [
            113.47596362596786,
            22.890115729718786
          ]
        ]
      }
    },
    {
      "type": "Feature",
      "id": "local/global-nav/edge_203_campus_outdoor_203141b463_campus_outdoor_57ba463c65",
      "properties": {
        "featureClass": "road",
        "highway": "footway",
        "osmId": "local/global-nav/edge_203_campus_outdoor_203141b463_campus_outdoor_57ba463c65",
        "osmNodeIds": [
          10057722443,
          "local-nav/campus_outdoor_57ba463c65"
        ],
        "localEdgeId": "edge_203_campus_outdoor_203141b463_campus_outdoor_57ba463c65",
        "localEdgeType": "walk",
        "source": "global-nav-0408-gcj2wgs84",
        "verificationStatus": "from-navigation-graph-unverified"
      },
      "geometry": {
        "type": "LineString",
        "coordinates": [
          [
            113.47624231773179,
            22.889972327049765
          ],
          [
            113.47631254103331,
            22.890124467072216
          ]
        ]
      }
    },
    {
      "type": "Feature",
      "id": "local/global-nav/edge_204_campus_outdoor_203141b463_campus_outdoor_5b0ac831bc",
      "properties": {
        "featureClass": "road",
        "highway": "footway",
        "osmId": "local/global-nav/edge_204_campus_outdoor_203141b463_campus_outdoor_5b0ac831bc",
        "osmNodeIds": [
          10057722443,
          "local-nav/campus_outdoor_5b0ac831bc"
        ],
        "localEdgeId": "edge_204_campus_outdoor_203141b463_campus_outdoor_5b0ac831bc",
        "localEdgeType": "walk",
        "source": "global-nav-0408-gcj2wgs84",
        "verificationStatus": "from-navigation-graph-unverified"
      },
      "geometry": {
        "type": "LineString",
        "coordinates": [
          [
            113.47624231773179,
            22.889972327049765
          ],
          [
            113.47629751437152,
            22.889775565057686
          ]
        ]
      }
    },
    {
      "type": "Feature",
      "id": "local/global-nav/edge_205_campus_outdoor_5e1402593a_campus_outdoor_22290e417f",
      "properties": {
        "featureClass": "road",
        "highway": "footway",
        "osmId": "local/global-nav/edge_205_campus_outdoor_5e1402593a_campus_outdoor_22290e417f",
        "osmNodeIds": [
          "local-nav/campus_outdoor_5e1402593a",
          "local-nav/campus_outdoor_22290e417f"
        ],
        "localEdgeId": "edge_205_campus_outdoor_5e1402593a_campus_outdoor_22290e417f",
        "localEdgeType": "walk",
        "source": "global-nav-0408-gcj2wgs84",
        "verificationStatus": "from-navigation-graph-unverified"
      },
      "geometry": {
        "type": "LineString",
        "coordinates": [
          [
            113.4760717290916,
            22.89029970525832
          ],
          [
            113.47596362596786,
            22.890115729718786
          ]
        ]
      }
    },
    {
      "type": "Feature",
      "id": "local/global-nav/edge_206_campus_outdoor_5e1402593a_campus_outdoor_3a078f47f9",
      "properties": {
        "featureClass": "road",
        "highway": "footway",
        "osmId": "local/global-nav/edge_206_campus_outdoor_5e1402593a_campus_outdoor_3a078f47f9",
        "osmNodeIds": [
          "local-nav/campus_outdoor_5e1402593a",
          "local-nav/campus_outdoor_3a078f47f9"
        ],
        "localEdgeId": "edge_206_campus_outdoor_5e1402593a_campus_outdoor_3a078f47f9",
        "localEdgeType": "walk",
        "source": "global-nav-0408-gcj2wgs84",
        "verificationStatus": "from-navigation-graph-unverified"
      },
      "geometry": {
        "type": "LineString",
        "coordinates": [
          [
            113.4760717290916,
            22.89029970525832
          ],
          [
            113.47631452345684,
            22.890486326339083
          ]
        ]
      }
    },
    {
      "type": "Feature",
      "id": "local/global-nav/edge_207_campus_outdoor_57ba463c65_campus_outdoor_203141b463",
      "properties": {
        "featureClass": "road",
        "highway": "footway",
        "osmId": "local/global-nav/edge_207_campus_outdoor_57ba463c65_campus_outdoor_203141b463",
        "osmNodeIds": [
          "local-nav/campus_outdoor_57ba463c65",
          10057722443
        ],
        "localEdgeId": "edge_207_campus_outdoor_57ba463c65_campus_outdoor_203141b463",
        "localEdgeType": "walk",
        "source": "global-nav-0408-gcj2wgs84",
        "verificationStatus": "from-navigation-graph-unverified"
      },
      "geometry": {
        "type": "LineString",
        "coordinates": [
          [
            113.47631254103331,
            22.890124467072216
          ],
          [
            113.47624231773179,
            22.889972327049765
          ]
        ]
      }
    },
    {
      "type": "Feature",
      "id": "local/global-nav/edge_208_campus_outdoor_57ba463c65_campus_outdoor_77a37c7fb1",
      "properties": {
        "featureClass": "road",
        "highway": "footway",
        "osmId": "local/global-nav/edge_208_campus_outdoor_57ba463c65_campus_outdoor_77a37c7fb1",
        "osmNodeIds": [
          "local-nav/campus_outdoor_57ba463c65",
          "local-nav/campus_outdoor_77a37c7fb1"
        ],
        "localEdgeId": "edge_208_campus_outdoor_57ba463c65_campus_outdoor_77a37c7fb1",
        "localEdgeType": "walk",
        "source": "global-nav-0408-gcj2wgs84",
        "verificationStatus": "from-navigation-graph-unverified"
      },
      "geometry": {
        "type": "LineString",
        "coordinates": [
          [
            113.47631254103331,
            22.890124467072216
          ],
          [
            113.47638678306332,
            22.89019765064584
          ]
        ]
      }
    },
    {
      "type": "Feature",
      "id": "local/global-nav/edge_209_campus_outdoor_5b0ac831bc_campus_outdoor_203141b463",
      "properties": {
        "featureClass": "road",
        "highway": "footway",
        "osmId": "local/global-nav/edge_209_campus_outdoor_5b0ac831bc_campus_outdoor_203141b463",
        "osmNodeIds": [
          "local-nav/campus_outdoor_5b0ac831bc",
          10057722443
        ],
        "localEdgeId": "edge_209_campus_outdoor_5b0ac831bc_campus_outdoor_203141b463",
        "localEdgeType": "walk",
        "source": "global-nav-0408-gcj2wgs84",
        "verificationStatus": "from-navigation-graph-unverified"
      },
      "geometry": {
        "type": "LineString",
        "coordinates": [
          [
            113.47629751437152,
            22.889775565057686
          ],
          [
            113.47624231773179,
            22.889972327049765
          ]
        ]
      }
    },
    {
      "type": "Feature",
      "id": "local/global-nav/edge_210_campus_outdoor_5b0ac831bc_campus_outdoor_6b1f38224c",
      "properties": {
        "featureClass": "road",
        "highway": "footway",
        "osmId": "local/global-nav/edge_210_campus_outdoor_5b0ac831bc_campus_outdoor_6b1f38224c",
        "osmNodeIds": [
          "local-nav/campus_outdoor_5b0ac831bc",
          "local-nav/campus_outdoor_6b1f38224c"
        ],
        "localEdgeId": "edge_210_campus_outdoor_5b0ac831bc_campus_outdoor_6b1f38224c",
        "localEdgeType": "walk",
        "source": "global-nav-0408-gcj2wgs84",
        "verificationStatus": "from-navigation-graph-unverified"
      },
      "geometry": {
        "type": "LineString",
        "coordinates": [
          [
            113.47629751437152,
            22.889775565057686
          ],
          [
            113.4763346413593,
            22.88972269302802
          ]
        ]
      }
    },
    {
      "type": "Feature",
      "id": "local/global-nav/edge_211_campus_outdoor_f8f2fbe76d_campus_outdoor_6ac0f8d486",
      "properties": {
        "featureClass": "road",
        "highway": "footway",
        "osmId": "local/global-nav/edge_211_campus_outdoor_f8f2fbe76d_campus_outdoor_6ac0f8d486",
        "osmNodeIds": [
          "local-nav/campus_outdoor_f8f2fbe76d",
          "local-nav/campus_outdoor_6ac0f8d486"
        ],
        "localEdgeId": "edge_211_campus_outdoor_f8f2fbe76d_campus_outdoor_6ac0f8d486",
        "localEdgeType": "walk",
        "source": "global-nav-0408-gcj2wgs84",
        "verificationStatus": "from-navigation-graph-unverified"
      },
      "geometry": {
        "type": "LineString",
        "coordinates": [
          [
            113.47474939740643,
            22.889643192791098
          ],
          [
            113.47590325414428,
            22.88903773268393
          ]
        ]
      }
    },
    {
      "type": "Feature",
      "id": "local/global-nav/edge_212_campus_outdoor_5800729223_campus_outdoor_c431f81aec",
      "properties": {
        "featureClass": "road",
        "highway": "footway",
        "osmId": "local/global-nav/edge_212_campus_outdoor_5800729223_campus_outdoor_c431f81aec",
        "osmNodeIds": [
          "local-nav/campus_outdoor_5800729223",
          "local-nav/campus_outdoor_c431f81aec"
        ],
        "localEdgeId": "edge_212_campus_outdoor_5800729223_campus_outdoor_c431f81aec",
        "localEdgeType": "walk",
        "source": "global-nav-0408-gcj2wgs84",
        "verificationStatus": "from-navigation-graph-unverified"
      },
      "geometry": {
        "type": "LineString",
        "coordinates": [
          [
            113.47868449489307,
            22.88983743295953
          ],
          [
            113.47855005127087,
            22.889709094550625
          ]
        ]
      }
    },
    {
      "type": "Feature",
      "id": "local/global-nav/edge_213_campus_outdoor_5800729223_campus_outdoor_d2809cb948",
      "properties": {
        "featureClass": "road",
        "highway": "footway",
        "osmId": "local/global-nav/edge_213_campus_outdoor_5800729223_campus_outdoor_d2809cb948",
        "osmNodeIds": [
          "local-nav/campus_outdoor_5800729223",
          "local-nav/campus_outdoor_d2809cb948"
        ],
        "localEdgeId": "edge_213_campus_outdoor_5800729223_campus_outdoor_d2809cb948",
        "localEdgeType": "walk",
        "source": "global-nav-0408-gcj2wgs84",
        "verificationStatus": "from-navigation-graph-unverified"
      },
      "geometry": {
        "type": "LineString",
        "coordinates": [
          [
            113.47868449489307,
            22.88983743295953
          ],
          [
            113.47880188311932,
            22.889939732571435
          ]
        ]
      }
    },
    {
      "type": "Feature",
      "id": "local/global-nav/edge_214_campus_outdoor_d2809cb948_campus_outdoor_5800729223",
      "properties": {
        "featureClass": "road",
        "highway": "footway",
        "osmId": "local/global-nav/edge_214_campus_outdoor_d2809cb948_campus_outdoor_5800729223",
        "osmNodeIds": [
          "local-nav/campus_outdoor_d2809cb948",
          "local-nav/campus_outdoor_5800729223"
        ],
        "localEdgeId": "edge_214_campus_outdoor_d2809cb948_campus_outdoor_5800729223",
        "localEdgeType": "walk",
        "source": "global-nav-0408-gcj2wgs84",
        "verificationStatus": "from-navigation-graph-unverified"
      },
      "geometry": {
        "type": "LineString",
        "coordinates": [
          [
            113.47880188311932,
            22.889939732571435
          ],
          [
            113.47868449489307,
            22.88983743295953
          ]
        ]
      }
    },
    {
      "type": "Feature",
      "id": "local/global-nav/edge_215_campus_outdoor_d2809cb948_campus_outdoor_cc43de8bdf",
      "properties": {
        "featureClass": "road",
        "highway": "footway",
        "osmId": "local/global-nav/edge_215_campus_outdoor_d2809cb948_campus_outdoor_cc43de8bdf",
        "osmNodeIds": [
          "local-nav/campus_outdoor_d2809cb948",
          "local-nav/campus_outdoor_cc43de8bdf"
        ],
        "localEdgeId": "edge_215_campus_outdoor_d2809cb948_campus_outdoor_cc43de8bdf",
        "localEdgeType": "walk",
        "source": "global-nav-0408-gcj2wgs84",
        "verificationStatus": "from-navigation-graph-unverified"
      },
      "geometry": {
        "type": "LineString",
        "coordinates": [
          [
            113.47880188311932,
            22.889939732571435
          ],
          [
            113.47887211482633,
            22.89001090787472
          ]
        ]
      }
    },
    {
      "type": "Feature",
      "id": "local/global-nav/edge_216_campus_outdoor_cc43de8bdf_campus_outdoor_3eeb162b47",
      "properties": {
        "featureClass": "road",
        "highway": "footway",
        "osmId": "local/global-nav/edge_216_campus_outdoor_cc43de8bdf_campus_outdoor_3eeb162b47",
        "osmNodeIds": [
          "local-nav/campus_outdoor_cc43de8bdf",
          "local-nav/campus_outdoor_3eeb162b47"
        ],
        "localEdgeId": "edge_216_campus_outdoor_cc43de8bdf_campus_outdoor_3eeb162b47",
        "localEdgeType": "walk",
        "source": "global-nav-0408-gcj2wgs84",
        "verificationStatus": "from-navigation-graph-unverified"
      },
      "geometry": {
        "type": "LineString",
        "coordinates": [
          [
            113.47887211482633,
            22.89001090787472
          ],
          [
            113.4790175913575,
            22.890213248972856
          ]
        ]
      }
    },
    {
      "type": "Feature",
      "id": "local/global-nav/edge_217_campus_outdoor_cc43de8bdf_campus_outdoor_d2809cb948",
      "properties": {
        "featureClass": "road",
        "highway": "footway",
        "osmId": "local/global-nav/edge_217_campus_outdoor_cc43de8bdf_campus_outdoor_d2809cb948",
        "osmNodeIds": [
          "local-nav/campus_outdoor_cc43de8bdf",
          "local-nav/campus_outdoor_d2809cb948"
        ],
        "localEdgeId": "edge_217_campus_outdoor_cc43de8bdf_campus_outdoor_d2809cb948",
        "localEdgeType": "walk",
        "source": "global-nav-0408-gcj2wgs84",
        "verificationStatus": "from-navigation-graph-unverified"
      },
      "geometry": {
        "type": "LineString",
        "coordinates": [
          [
            113.47887211482633,
            22.89001090787472
          ],
          [
            113.47880188311932,
            22.889939732571435
          ]
        ]
      }
    },
    {
      "type": "Feature",
      "id": "local/global-nav/edge_218_campus_outdoor_3eeb162b47_campus_outdoor_9559174ec9",
      "properties": {
        "featureClass": "road",
        "highway": "footway",
        "osmId": "local/global-nav/edge_218_campus_outdoor_3eeb162b47_campus_outdoor_9559174ec9",
        "osmNodeIds": [
          "local-nav/campus_outdoor_3eeb162b47",
          "local-nav/campus_outdoor_9559174ec9"
        ],
        "localEdgeId": "edge_218_campus_outdoor_3eeb162b47_campus_outdoor_9559174ec9",
        "localEdgeType": "walk",
        "source": "global-nav-0408-gcj2wgs84",
        "verificationStatus": "from-navigation-graph-unverified"
      },
      "geometry": {
        "type": "LineString",
        "coordinates": [
          [
            113.4790175913575,
            22.890213248972856
          ],
          [
            113.47916106077881,
            22.89042558043817
          ]
        ]
      }
    },
    {
      "type": "Feature",
      "id": "local/global-nav/edge_219_campus_outdoor_3eeb162b47_campus_outdoor_cc43de8bdf",
      "properties": {
        "featureClass": "road",
        "highway": "footway",
        "osmId": "local/global-nav/edge_219_campus_outdoor_3eeb162b47_campus_outdoor_cc43de8bdf",
        "osmNodeIds": [
          "local-nav/campus_outdoor_3eeb162b47",
          "local-nav/campus_outdoor_cc43de8bdf"
        ],
        "localEdgeId": "edge_219_campus_outdoor_3eeb162b47_campus_outdoor_cc43de8bdf",
        "localEdgeType": "walk",
        "source": "global-nav-0408-gcj2wgs84",
        "verificationStatus": "from-navigation-graph-unverified"
      },
      "geometry": {
        "type": "LineString",
        "coordinates": [
          [
            113.4790175913575,
            22.890213248972856
          ],
          [
            113.47887211482633,
            22.89001090787472
          ]
        ]
      }
    },
    {
      "type": "Feature",
      "id": "local/global-nav/edge_220_campus_outdoor_9559174ec9_campus_outdoor_3eeb162b47",
      "properties": {
        "featureClass": "road",
        "highway": "footway",
        "osmId": "local/global-nav/edge_220_campus_outdoor_9559174ec9_campus_outdoor_3eeb162b47",
        "osmNodeIds": [
          "local-nav/campus_outdoor_9559174ec9",
          "local-nav/campus_outdoor_3eeb162b47"
        ],
        "localEdgeId": "edge_220_campus_outdoor_9559174ec9_campus_outdoor_3eeb162b47",
        "localEdgeType": "walk",
        "source": "global-nav-0408-gcj2wgs84",
        "verificationStatus": "from-navigation-graph-unverified"
      },
      "geometry": {
        "type": "LineString",
        "coordinates": [
          [
            113.47916106077881,
            22.89042558043817
          ],
          [
            113.4790175913575,
            22.890213248972856
          ]
        ]
      }
    },
    {
      "type": "Feature",
      "id": "local/global-nav/edge_221_campus_outdoor_9559174ec9_campus_outdoor_5f039db7b6",
      "properties": {
        "featureClass": "road",
        "highway": "footway",
        "osmId": "local/global-nav/edge_221_campus_outdoor_9559174ec9_campus_outdoor_5f039db7b6",
        "osmNodeIds": [
          "local-nav/campus_outdoor_9559174ec9",
          "local-nav/campus_outdoor_5f039db7b6"
        ],
        "localEdgeId": "edge_221_campus_outdoor_9559174ec9_campus_outdoor_5f039db7b6",
        "localEdgeType": "walk",
        "source": "global-nav-0408-gcj2wgs84",
        "verificationStatus": "from-navigation-graph-unverified"
      },
      "geometry": {
        "type": "LineString",
        "coordinates": [
          [
            113.47916106077881,
            22.89042558043817
          ],
          [
            113.47923129173577,
            22.8905137491675
          ]
        ]
      }
    },
    {
      "type": "Feature",
      "id": "local/global-nav/edge_222_campus_outdoor_5f039db7b6_campus_outdoor_9559174ec9",
      "properties": {
        "featureClass": "road",
        "highway": "footway",
        "osmId": "local/global-nav/edge_222_campus_outdoor_5f039db7b6_campus_outdoor_9559174ec9",
        "osmNodeIds": [
          "local-nav/campus_outdoor_5f039db7b6",
          "local-nav/campus_outdoor_9559174ec9"
        ],
        "localEdgeId": "edge_222_campus_outdoor_5f039db7b6_campus_outdoor_9559174ec9",
        "localEdgeType": "walk",
        "source": "global-nav-0408-gcj2wgs84",
        "verificationStatus": "from-navigation-graph-unverified"
      },
      "geometry": {
        "type": "LineString",
        "coordinates": [
          [
            113.47923129173577,
            22.8905137491675
          ],
          [
            113.47916106077881,
            22.89042558043817
          ]
        ]
      }
    },
    {
      "type": "Feature",
      "id": "local/global-nav/edge_223_campus_outdoor_5f039db7b6_campus_outdoor_955ade19c8",
      "properties": {
        "featureClass": "road",
        "highway": "footway",
        "osmId": "local/global-nav/edge_223_campus_outdoor_5f039db7b6_campus_outdoor_955ade19c8",
        "osmNodeIds": [
          "local-nav/campus_outdoor_5f039db7b6",
          "local-nav/campus_outdoor_955ade19c8"
        ],
        "localEdgeId": "edge_223_campus_outdoor_5f039db7b6_campus_outdoor_955ade19c8",
        "localEdgeType": "walk",
        "source": "global-nav-0408-gcj2wgs84",
        "verificationStatus": "from-navigation-graph-unverified"
      },
      "geometry": {
        "type": "LineString",
        "coordinates": [
          [
            113.47923129173577,
            22.8905137491675
          ],
          [
            113.47942091332402,
            22.890787190696287
          ]
        ]
      }
    },
    {
      "type": "Feature",
      "id": "local/global-nav/edge_224_campus_outdoor_5f039db7b6_campus_outdoor_a168947e16",
      "properties": {
        "featureClass": "road",
        "highway": "footway",
        "osmId": "local/global-nav/edge_224_campus_outdoor_5f039db7b6_campus_outdoor_a168947e16",
        "osmNodeIds": [
          "local-nav/campus_outdoor_5f039db7b6",
          "local-nav/campus_outdoor_a168947e16"
        ],
        "localEdgeId": "edge_224_campus_outdoor_5f039db7b6_campus_outdoor_a168947e16",
        "localEdgeType": "walk",
        "source": "global-nav-0408-gcj2wgs84",
        "verificationStatus": "from-navigation-graph-unverified"
      },
      "geometry": {
        "type": "LineString",
        "coordinates": [
          [
            113.47923129173577,
            22.8905137491675
          ],
          [
            113.47844263372343,
            22.890861982160974
          ]
        ]
      }
    },
    {
      "type": "Feature",
      "id": "local/global-nav/edge_225_campus_outdoor_955ade19c8_campus_outdoor_5f039db7b6",
      "properties": {
        "featureClass": "road",
        "highway": "footway",
        "osmId": "local/global-nav/edge_225_campus_outdoor_955ade19c8_campus_outdoor_5f039db7b6",
        "osmNodeIds": [
          "local-nav/campus_outdoor_955ade19c8",
          "local-nav/campus_outdoor_5f039db7b6"
        ],
        "localEdgeId": "edge_225_campus_outdoor_955ade19c8_campus_outdoor_5f039db7b6",
        "localEdgeType": "walk",
        "source": "global-nav-0408-gcj2wgs84",
        "verificationStatus": "from-navigation-graph-unverified"
      },
      "geometry": {
        "type": "LineString",
        "coordinates": [
          [
            113.47942091332402,
            22.890787190696287
          ],
          [
            113.47923129173577,
            22.8905137491675
          ]
        ]
      }
    },
    {
      "type": "Feature",
      "id": "local/global-nav/edge_226_campus_outdoor_955ade19c8_campus_outdoor_aa8d9525db",
      "properties": {
        "featureClass": "road",
        "highway": "footway",
        "osmId": "local/global-nav/edge_226_campus_outdoor_955ade19c8_campus_outdoor_aa8d9525db",
        "osmNodeIds": [
          "local-nav/campus_outdoor_955ade19c8",
          "local-nav/campus_outdoor_aa8d9525db"
        ],
        "localEdgeId": "edge_226_campus_outdoor_955ade19c8_campus_outdoor_aa8d9525db",
        "localEdgeType": "walk",
        "source": "global-nav-0408-gcj2wgs84",
        "verificationStatus": "from-navigation-graph-unverified"
      },
      "geometry": {
        "type": "LineString",
        "coordinates": [
          [
            113.47942091332402,
            22.890787190696287
          ],
          [
            113.4794760905939,
            22.8909222967646
          ]
        ]
      }
    },
    {
      "type": "Feature",
      "id": "local/global-nav/edge_227_campus_outdoor_aa8d9525db_campus_outdoor_955ade19c8",
      "properties": {
        "featureClass": "road",
        "highway": "footway",
        "osmId": "local/global-nav/edge_227_campus_outdoor_aa8d9525db_campus_outdoor_955ade19c8",
        "osmNodeIds": [
          "local-nav/campus_outdoor_aa8d9525db",
          "local-nav/campus_outdoor_955ade19c8"
        ],
        "localEdgeId": "edge_227_campus_outdoor_aa8d9525db_campus_outdoor_955ade19c8",
        "localEdgeType": "walk",
        "source": "global-nav-0408-gcj2wgs84",
        "verificationStatus": "from-navigation-graph-unverified"
      },
      "geometry": {
        "type": "LineString",
        "coordinates": [
          [
            113.4794760905939,
            22.8909222967646
          ],
          [
            113.47942091332402,
            22.890787190696287
          ]
        ]
      }
    },
    {
      "type": "Feature",
      "id": "local/global-nav/edge_228_campus_outdoor_aa8d9525db_campus_outdoor_bd3118690b",
      "properties": {
        "featureClass": "road",
        "highway": "footway",
        "osmId": "local/global-nav/edge_228_campus_outdoor_aa8d9525db_campus_outdoor_bd3118690b",
        "osmNodeIds": [
          "local-nav/campus_outdoor_aa8d9525db",
          "local-nav/campus_outdoor_bd3118690b"
        ],
        "localEdgeId": "edge_228_campus_outdoor_aa8d9525db_campus_outdoor_bd3118690b",
        "localEdgeType": "walk",
        "source": "global-nav-0408-gcj2wgs84",
        "verificationStatus": "from-navigation-graph-unverified"
      },
      "geometry": {
        "type": "LineString",
        "coordinates": [
          [
            113.4794760905939,
            22.8909222967646
          ],
          [
            113.47955033048848,
            22.89108444747464
          ]
        ]
      }
    },
    {
      "type": "Feature",
      "id": "local/global-nav/edge_229_campus_outdoor_bd3118690b_campus_outdoor_4e241218ce",
      "properties": {
        "featureClass": "road",
        "highway": "footway",
        "osmId": "local/global-nav/edge_229_campus_outdoor_bd3118690b_campus_outdoor_4e241218ce",
        "osmNodeIds": [
          "local-nav/campus_outdoor_bd3118690b",
          "local-nav/campus_outdoor_4e241218ce"
        ],
        "localEdgeId": "edge_229_campus_outdoor_bd3118690b_campus_outdoor_4e241218ce",
        "localEdgeType": "walk",
        "source": "global-nav-0408-gcj2wgs84",
        "verificationStatus": "from-navigation-graph-unverified"
      },
      "geometry": {
        "type": "LineString",
        "coordinates": [
          [
            113.47955033048848,
            22.89108444747464
          ],
          [
            113.47960350182204,
            22.891208552220373
          ]
        ]
      }
    },
    {
      "type": "Feature",
      "id": "local/global-nav/edge_230_campus_outdoor_bd3118690b_campus_outdoor_aa8d9525db",
      "properties": {
        "featureClass": "road",
        "highway": "footway",
        "osmId": "local/global-nav/edge_230_campus_outdoor_bd3118690b_campus_outdoor_aa8d9525db",
        "osmNodeIds": [
          "local-nav/campus_outdoor_bd3118690b",
          "local-nav/campus_outdoor_aa8d9525db"
        ],
        "localEdgeId": "edge_230_campus_outdoor_bd3118690b_campus_outdoor_aa8d9525db",
        "localEdgeType": "walk",
        "source": "global-nav-0408-gcj2wgs84",
        "verificationStatus": "from-navigation-graph-unverified"
      },
      "geometry": {
        "type": "LineString",
        "coordinates": [
          [
            113.47955033048848,
            22.89108444747464
          ],
          [
            113.4794760905939,
            22.8909222967646
          ]
        ]
      }
    },
    {
      "type": "Feature",
      "id": "local/global-nav/edge_231_campus_outdoor_4e241218ce_campus_outdoor_4fc6ddf82a",
      "properties": {
        "featureClass": "road",
        "highway": "footway",
        "osmId": "local/global-nav/edge_231_campus_outdoor_4e241218ce_campus_outdoor_4fc6ddf82a",
        "osmNodeIds": [
          "local-nav/campus_outdoor_4e241218ce",
          "local-nav/campus_outdoor_4fc6ddf82a"
        ],
        "localEdgeId": "edge_231_campus_outdoor_4e241218ce_campus_outdoor_4fc6ddf82a",
        "localEdgeType": "walk",
        "source": "global-nav-0408-gcj2wgs84",
        "verificationStatus": "from-navigation-graph-unverified"
      },
      "geometry": {
        "type": "LineString",
        "coordinates": [
          [
            113.47960350182204,
            22.891208552220373
          ],
          [
            113.4797700402879,
            22.891573889945324
          ]
        ]
      }
    },
    {
      "type": "Feature",
      "id": "local/global-nav/edge_232_campus_outdoor_4e241218ce_campus_outdoor_bd3118690b",
      "properties": {
        "featureClass": "road",
        "highway": "footway",
        "osmId": "local/global-nav/edge_232_campus_outdoor_4e241218ce_campus_outdoor_bd3118690b",
        "osmNodeIds": [
          "local-nav/campus_outdoor_4e241218ce",
          "local-nav/campus_outdoor_bd3118690b"
        ],
        "localEdgeId": "edge_232_campus_outdoor_4e241218ce_campus_outdoor_bd3118690b",
        "localEdgeType": "walk",
        "source": "global-nav-0408-gcj2wgs84",
        "verificationStatus": "from-navigation-graph-unverified"
      },
      "geometry": {
        "type": "LineString",
        "coordinates": [
          [
            113.47960350182204,
            22.891208552220373
          ],
          [
            113.47955033048848,
            22.89108444747464
          ]
        ]
      }
    },
    {
      "type": "Feature",
      "id": "local/global-nav/edge_233_campus_outdoor_782b5eeb54_campus_outdoor_8e71a60223",
      "properties": {
        "featureClass": "road",
        "highway": "footway",
        "osmId": "local/global-nav/edge_233_campus_outdoor_782b5eeb54_campus_outdoor_8e71a60223",
        "osmNodeIds": [
          "local-nav/campus_outdoor_782b5eeb54",
          "local-nav/campus_outdoor_8e71a60223"
        ],
        "localEdgeId": "edge_233_campus_outdoor_782b5eeb54_campus_outdoor_8e71a60223",
        "localEdgeType": "walk",
        "source": "global-nav-0408-gcj2wgs84",
        "verificationStatus": "from-navigation-graph-unverified"
      },
      "geometry": {
        "type": "LineString",
        "coordinates": [
          [
            113.48278934921308,
            22.890996984885867
          ],
          [
            113.48276625095204,
            22.891285799752456
          ]
        ]
      }
    },
    {
      "type": "Feature",
      "id": "local/global-nav/edge_234_campus_outdoor_782b5eeb54_campus_outdoor_c1c94e99dd",
      "properties": {
        "featureClass": "road",
        "highway": "footway",
        "osmId": "local/global-nav/edge_234_campus_outdoor_782b5eeb54_campus_outdoor_c1c94e99dd",
        "osmNodeIds": [
          "local-nav/campus_outdoor_782b5eeb54",
          "local-nav/campus_outdoor_c1c94e99dd"
        ],
        "localEdgeId": "edge_234_campus_outdoor_782b5eeb54_campus_outdoor_c1c94e99dd",
        "localEdgeType": "walk",
        "source": "global-nav-0408-gcj2wgs84",
        "verificationStatus": "from-navigation-graph-unverified"
      },
      "geometry": {
        "type": "LineString",
        "coordinates": [
          [
            113.48278934921308,
            22.890996984885867
          ],
          [
            113.48280242270913,
            22.890565198277063
          ]
        ]
      }
    },
    {
      "type": "Feature",
      "id": "local/global-nav/edge_235_campus_outdoor_8e71a60223_campus_outdoor_11c7453f32",
      "properties": {
        "featureClass": "road",
        "highway": "footway",
        "osmId": "local/global-nav/edge_235_campus_outdoor_8e71a60223_campus_outdoor_11c7453f32",
        "osmNodeIds": [
          "local-nav/campus_outdoor_8e71a60223",
          10740248591
        ],
        "localEdgeId": "edge_235_campus_outdoor_8e71a60223_campus_outdoor_11c7453f32",
        "localEdgeType": "walk",
        "source": "global-nav-0408-gcj2wgs84",
        "verificationStatus": "from-navigation-graph-unverified"
      },
      "geometry": {
        "type": "LineString",
        "coordinates": [
          [
            113.48276625095204,
            22.891285799752456
          ],
          [
            113.48268796328543,
            22.89158444778799
          ]
        ]
      }
    },
    {
      "type": "Feature",
      "id": "local/global-nav/edge_236_campus_outdoor_8e71a60223_campus_outdoor_782b5eeb54",
      "properties": {
        "featureClass": "road",
        "highway": "footway",
        "osmId": "local/global-nav/edge_236_campus_outdoor_8e71a60223_campus_outdoor_782b5eeb54",
        "osmNodeIds": [
          "local-nav/campus_outdoor_8e71a60223",
          "local-nav/campus_outdoor_782b5eeb54"
        ],
        "localEdgeId": "edge_236_campus_outdoor_8e71a60223_campus_outdoor_782b5eeb54",
        "localEdgeType": "walk",
        "source": "global-nav-0408-gcj2wgs84",
        "verificationStatus": "from-navigation-graph-unverified"
      },
      "geometry": {
        "type": "LineString",
        "coordinates": [
          [
            113.48276625095204,
            22.891285799752456
          ],
          [
            113.48278934921308,
            22.890996984885867
          ]
        ]
      }
    },
    {
      "type": "Feature",
      "id": "local/global-nav/edge_237_campus_outdoor_11c7453f32_campus_outdoor_8e71a60223",
      "properties": {
        "featureClass": "road",
        "highway": "footway",
        "osmId": "local/global-nav/edge_237_campus_outdoor_11c7453f32_campus_outdoor_8e71a60223",
        "osmNodeIds": [
          10740248591,
          "local-nav/campus_outdoor_8e71a60223"
        ],
        "localEdgeId": "edge_237_campus_outdoor_11c7453f32_campus_outdoor_8e71a60223",
        "localEdgeType": "walk",
        "source": "global-nav-0408-gcj2wgs84",
        "verificationStatus": "from-navigation-graph-unverified"
      },
      "geometry": {
        "type": "LineString",
        "coordinates": [
          [
            113.48268796328543,
            22.89158444778799
          ],
          [
            113.48276625095204,
            22.891285799752456
          ]
        ]
      }
    },
    {
      "type": "Feature",
      "id": "local/global-nav/edge_238_campus_outdoor_11c7453f32_campus_outdoor_f8c2da918c",
      "properties": {
        "featureClass": "road",
        "highway": "footway",
        "osmId": "local/global-nav/edge_238_campus_outdoor_11c7453f32_campus_outdoor_f8c2da918c",
        "osmNodeIds": [
          10740248591,
          "local-nav/campus_outdoor_f8c2da918c"
        ],
        "localEdgeId": "edge_238_campus_outdoor_11c7453f32_campus_outdoor_f8c2da918c",
        "localEdgeType": "walk",
        "source": "global-nav-0408-gcj2wgs84",
        "verificationStatus": "from-navigation-graph-unverified"
      },
      "geometry": {
        "type": "LineString",
        "coordinates": [
          [
            113.48268796328543,
            22.89158444778799
          ],
          [
            113.48260566110133,
            22.891896078741016
          ]
        ]
      }
    },
    {
      "type": "Feature",
      "id": "local/global-nav/edge_239_campus_outdoor_f8c2da918c_campus_outdoor_11c7453f32",
      "properties": {
        "featureClass": "road",
        "highway": "footway",
        "osmId": "local/global-nav/edge_239_campus_outdoor_f8c2da918c_campus_outdoor_11c7453f32",
        "osmNodeIds": [
          "local-nav/campus_outdoor_f8c2da918c",
          10740248591
        ],
        "localEdgeId": "edge_239_campus_outdoor_f8c2da918c_campus_outdoor_11c7453f32",
        "localEdgeType": "walk",
        "source": "global-nav-0408-gcj2wgs84",
        "verificationStatus": "from-navigation-graph-unverified"
      },
      "geometry": {
        "type": "LineString",
        "coordinates": [
          [
            113.48260566110133,
            22.891896078741016
          ],
          [
            113.48268796328543,
            22.89158444778799
          ]
        ]
      }
    },
    {
      "type": "Feature",
      "id": "local/global-nav/edge_240_campus_outdoor_f8c2da918c_campus_outdoor_3a46998954",
      "properties": {
        "featureClass": "road",
        "highway": "footway",
        "osmId": "local/global-nav/edge_240_campus_outdoor_f8c2da918c_campus_outdoor_3a46998954",
        "osmNodeIds": [
          "local-nav/campus_outdoor_f8c2da918c",
          "local-nav/campus_outdoor_3a46998954"
        ],
        "localEdgeId": "edge_240_campus_outdoor_f8c2da918c_campus_outdoor_3a46998954",
        "localEdgeType": "walk",
        "source": "global-nav-0408-gcj2wgs84",
        "verificationStatus": "from-navigation-graph-unverified"
      },
      "geometry": {
        "type": "LineString",
        "coordinates": [
          [
            113.48260566110133,
            22.891896078741016
          ],
          [
            113.48244810183147,
            22.89220748796336
          ]
        ]
      }
    },
    {
      "type": "Feature",
      "id": "local/global-nav/edge_241_campus_outdoor_f56f75b9b5_campus_outdoor_2f2c6a2d31",
      "properties": {
        "featureClass": "road",
        "highway": "footway",
        "osmId": "local/global-nav/edge_241_campus_outdoor_f56f75b9b5_campus_outdoor_2f2c6a2d31",
        "osmNodeIds": [
          "local-nav/campus_outdoor_f56f75b9b5",
          "local-nav/campus_outdoor_2f2c6a2d31"
        ],
        "localEdgeId": "edge_241_campus_outdoor_f56f75b9b5_campus_outdoor_2f2c6a2d31",
        "localEdgeType": "walk",
        "source": "global-nav-0408-gcj2wgs84",
        "verificationStatus": "from-navigation-graph-unverified"
      },
      "geometry": {
        "type": "LineString",
        "coordinates": [
          [
            113.48152700348184,
            22.89155304274236
          ],
          [
            113.48157716971639,
            22.89162216212727
          ]
        ]
      }
    },
    {
      "type": "Feature",
      "id": "local/global-nav/edge_242_campus_outdoor_f56f75b9b5_campus_outdoor_d3638e0f24",
      "properties": {
        "featureClass": "road",
        "highway": "footway",
        "osmId": "local/global-nav/edge_242_campus_outdoor_f56f75b9b5_campus_outdoor_d3638e0f24",
        "osmNodeIds": [
          "local-nav/campus_outdoor_f56f75b9b5",
          "local-nav/campus_outdoor_d3638e0f24"
        ],
        "localEdgeId": "edge_242_campus_outdoor_f56f75b9b5_campus_outdoor_d3638e0f24",
        "localEdgeType": "walk",
        "source": "global-nav-0408-gcj2wgs84",
        "verificationStatus": "from-navigation-graph-unverified"
      },
      "geometry": {
        "type": "LineString",
        "coordinates": [
          [
            113.48152700348184,
            22.89155304274236
          ],
          [
            113.48143870781769,
            22.891478813462804
          ]
        ]
      }
    },
    {
      "type": "Feature",
      "id": "local/global-nav/edge_243_campus_outdoor_2f2c6a2d31_campus_outdoor_38d06de364",
      "properties": {
        "featureClass": "road",
        "highway": "footway",
        "osmId": "local/global-nav/edge_243_campus_outdoor_2f2c6a2d31_campus_outdoor_38d06de364",
        "osmNodeIds": [
          "local-nav/campus_outdoor_2f2c6a2d31",
          "local-nav/campus_outdoor_38d06de364"
        ],
        "localEdgeId": "edge_243_campus_outdoor_2f2c6a2d31_campus_outdoor_38d06de364",
        "localEdgeType": "walk",
        "source": "global-nav-0408-gcj2wgs84",
        "verificationStatus": "from-navigation-graph-unverified"
      },
      "geometry": {
        "type": "LineString",
        "coordinates": [
          [
            113.48157716971639,
            22.89162216212727
          ],
          [
            113.48164740153756,
            22.891733323471218
          ]
        ]
      }
    },
    {
      "type": "Feature",
      "id": "local/global-nav/edge_244_campus_outdoor_2f2c6a2d31_campus_outdoor_f56f75b9b5",
      "properties": {
        "featureClass": "road",
        "highway": "footway",
        "osmId": "local/global-nav/edge_244_campus_outdoor_2f2c6a2d31_campus_outdoor_f56f75b9b5",
        "osmNodeIds": [
          "local-nav/campus_outdoor_2f2c6a2d31",
          "local-nav/campus_outdoor_f56f75b9b5"
        ],
        "localEdgeId": "edge_244_campus_outdoor_2f2c6a2d31_campus_outdoor_f56f75b9b5",
        "localEdgeType": "walk",
        "source": "global-nav-0408-gcj2wgs84",
        "verificationStatus": "from-navigation-graph-unverified"
      },
      "geometry": {
        "type": "LineString",
        "coordinates": [
          [
            113.48157716971639,
            22.89162216212727
          ],
          [
            113.48152700348184,
            22.89155304274236
          ]
        ]
      }
    },
    {
      "type": "Feature",
      "id": "local/global-nav/edge_245_campus_outdoor_38d06de364_campus_outdoor_2f2c6a2d31",
      "properties": {
        "featureClass": "road",
        "highway": "footway",
        "osmId": "local/global-nav/edge_245_campus_outdoor_38d06de364_campus_outdoor_2f2c6a2d31",
        "osmNodeIds": [
          "local-nav/campus_outdoor_38d06de364",
          "local-nav/campus_outdoor_2f2c6a2d31"
        ],
        "localEdgeId": "edge_245_campus_outdoor_38d06de364_campus_outdoor_2f2c6a2d31",
        "localEdgeType": "walk",
        "source": "global-nav-0408-gcj2wgs84",
        "verificationStatus": "from-navigation-graph-unverified"
      },
      "geometry": {
        "type": "LineString",
        "coordinates": [
          [
            113.48164740153756,
            22.891733323471218
          ],
          [
            113.48157716971639,
            22.89162216212727
          ]
        ]
      }
    },
    {
      "type": "Feature",
      "id": "local/global-nav/edge_246_campus_outdoor_38d06de364_campus_outdoor_53b2d95536",
      "properties": {
        "featureClass": "road",
        "highway": "footway",
        "osmId": "local/global-nav/edge_246_campus_outdoor_38d06de364_campus_outdoor_53b2d95536",
        "osmNodeIds": [
          "local-nav/campus_outdoor_38d06de364",
          "local-nav/campus_outdoor_53b2d95536"
        ],
        "localEdgeId": "edge_246_campus_outdoor_38d06de364_campus_outdoor_53b2d95536",
        "localEdgeType": "walk",
        "source": "global-nav-0408-gcj2wgs84",
        "verificationStatus": "from-navigation-graph-unverified"
      },
      "geometry": {
        "type": "LineString",
        "coordinates": [
          [
            113.48164740153756,
            22.891733323471218
          ],
          [
            113.48172364925817,
            22.891914474177064
          ]
        ]
      }
    },
    {
      "type": "Feature",
      "id": "local/global-nav/edge_247_campus_outdoor_53b2d95536_campus_outdoor_38d06de364",
      "properties": {
        "featureClass": "road",
        "highway": "footway",
        "osmId": "local/global-nav/edge_247_campus_outdoor_53b2d95536_campus_outdoor_38d06de364",
        "osmNodeIds": [
          "local-nav/campus_outdoor_53b2d95536",
          "local-nav/campus_outdoor_38d06de364"
        ],
        "localEdgeId": "edge_247_campus_outdoor_53b2d95536_campus_outdoor_38d06de364",
        "localEdgeType": "walk",
        "source": "global-nav-0408-gcj2wgs84",
        "verificationStatus": "from-navigation-graph-unverified"
      },
      "geometry": {
        "type": "LineString",
        "coordinates": [
          [
            113.48172364925817,
            22.891914474177064
          ],
          [
            113.48164740153756,
            22.891733323471218
          ]
        ]
      }
    },
    {
      "type": "Feature",
      "id": "local/global-nav/edge_248_campus_outdoor_53b2d95536_campus_outdoor_852fbab2cf",
      "properties": {
        "featureClass": "road",
        "highway": "footway",
        "osmId": "local/global-nav/edge_248_campus_outdoor_53b2d95536_campus_outdoor_852fbab2cf",
        "osmNodeIds": [
          "local-nav/campus_outdoor_53b2d95536",
          "local-nav/campus_outdoor_852fbab2cf"
        ],
        "localEdgeId": "edge_248_campus_outdoor_53b2d95536_campus_outdoor_852fbab2cf",
        "localEdgeType": "walk",
        "source": "global-nav-0408-gcj2wgs84",
        "verificationStatus": "from-navigation-graph-unverified"
      },
      "geometry": {
        "type": "LineString",
        "coordinates": [
          [
            113.48172364925817,
            22.891914474177064
          ],
          [
            113.48175574838329,
            22.892068506105097
          ]
        ]
      }
    },
    {
      "type": "Feature",
      "id": "local/global-nav/edge_249_campus_outdoor_852fbab2cf_campus_outdoor_53b2d95536",
      "properties": {
        "featureClass": "road",
        "highway": "footway",
        "osmId": "local/global-nav/edge_249_campus_outdoor_852fbab2cf_campus_outdoor_53b2d95536",
        "osmNodeIds": [
          "local-nav/campus_outdoor_852fbab2cf",
          "local-nav/campus_outdoor_53b2d95536"
        ],
        "localEdgeId": "edge_249_campus_outdoor_852fbab2cf_campus_outdoor_53b2d95536",
        "localEdgeType": "walk",
        "source": "global-nav-0408-gcj2wgs84",
        "verificationStatus": "from-navigation-graph-unverified"
      },
      "geometry": {
        "type": "LineString",
        "coordinates": [
          [
            113.48175574838329,
            22.892068506105097
          ],
          [
            113.48172364925817,
            22.891914474177064
          ]
        ]
      }
    },
    {
      "type": "Feature",
      "id": "local/global-nav/edge_250_campus_outdoor_852fbab2cf_campus_outdoor_a90344bbba",
      "properties": {
        "featureClass": "road",
        "highway": "footway",
        "osmId": "local/global-nav/edge_250_campus_outdoor_852fbab2cf_campus_outdoor_a90344bbba",
        "osmNodeIds": [
          "local-nav/campus_outdoor_852fbab2cf",
          "local-nav/campus_outdoor_a90344bbba"
        ],
        "localEdgeId": "edge_250_campus_outdoor_852fbab2cf_campus_outdoor_a90344bbba",
        "localEdgeType": "walk",
        "source": "global-nav-0408-gcj2wgs84",
        "verificationStatus": "from-navigation-graph-unverified"
      },
      "geometry": {
        "type": "LineString",
        "coordinates": [
          [
            113.48175574838329,
            22.892068506105097
          ],
          [
            113.48180089111462,
            22.892235571105253
          ]
        ]
      }
    },
    {
      "type": "Feature",
      "id": "local/global-nav/edge_251_campus_outdoor_a90344bbba_campus_outdoor_0a68138e32",
      "properties": {
        "featureClass": "road",
        "highway": "footway",
        "osmId": "local/global-nav/edge_251_campus_outdoor_a90344bbba_campus_outdoor_0a68138e32",
        "osmNodeIds": [
          "local-nav/campus_outdoor_a90344bbba",
          "local-nav/campus_outdoor_0a68138e32"
        ],
        "localEdgeId": "edge_251_campus_outdoor_a90344bbba_campus_outdoor_0a68138e32",
        "localEdgeType": "walk",
        "source": "global-nav-0408-gcj2wgs84",
        "verificationStatus": "from-navigation-graph-unverified"
      },
      "geometry": {
        "type": "LineString",
        "coordinates": [
          [
            113.48180089111462,
            22.892235571105253
          ],
          [
            113.48185907734137,
            22.892417668381924
          ]
        ]
      }
    },
    {
      "type": "Feature",
      "id": "local/global-nav/edge_252_campus_outdoor_a90344bbba_campus_outdoor_852fbab2cf",
      "properties": {
        "featureClass": "road",
        "highway": "footway",
        "osmId": "local/global-nav/edge_252_campus_outdoor_a90344bbba_campus_outdoor_852fbab2cf",
        "osmNodeIds": [
          "local-nav/campus_outdoor_a90344bbba",
          "local-nav/campus_outdoor_852fbab2cf"
        ],
        "localEdgeId": "edge_252_campus_outdoor_a90344bbba_campus_outdoor_852fbab2cf",
        "localEdgeType": "walk",
        "source": "global-nav-0408-gcj2wgs84",
        "verificationStatus": "from-navigation-graph-unverified"
      },
      "geometry": {
        "type": "LineString",
        "coordinates": [
          [
            113.48180089111462,
            22.892235571105253
          ],
          [
            113.48175574838329,
            22.892068506105097
          ]
        ]
      }
    },
    {
      "type": "Feature",
      "id": "local/global-nav/edge_253_campus_outdoor_e8c3c0b01d_campus_outdoor_94e13b5a4c",
      "properties": {
        "featureClass": "road",
        "highway": "footway",
        "osmId": "local/global-nav/edge_253_campus_outdoor_e8c3c0b01d_campus_outdoor_94e13b5a4c",
        "osmNodeIds": [
          "local-nav/campus_outdoor_e8c3c0b01d",
          "local-nav/campus_outdoor_94e13b5a4c"
        ],
        "localEdgeId": "edge_253_campus_outdoor_e8c3c0b01d_campus_outdoor_94e13b5a4c",
        "localEdgeType": "walk",
        "source": "global-nav-0408-gcj2wgs84",
        "verificationStatus": "from-navigation-graph-unverified"
      },
      "geometry": {
        "type": "LineString",
        "coordinates": [
          [
            113.48273704461435,
            22.89288306595472
          ],
          [
            113.4825012479945,
            22.892739428846745
          ]
        ]
      }
    },
    {
      "type": "Feature",
      "id": "local/global-nav/edge_254_campus_outdoor_e8c3c0b01d_campus_outdoor_bef55f0889",
      "properties": {
        "featureClass": "road",
        "highway": "footway",
        "osmId": "local/global-nav/edge_254_campus_outdoor_e8c3c0b01d_campus_outdoor_bef55f0889",
        "osmNodeIds": [
          "local-nav/campus_outdoor_e8c3c0b01d",
          "local-nav/campus_outdoor_bef55f0889"
        ],
        "localEdgeId": "edge_254_campus_outdoor_e8c3c0b01d_campus_outdoor_bef55f0889",
        "localEdgeType": "walk",
        "source": "global-nav-0408-gcj2wgs84",
        "verificationStatus": "from-navigation-graph-unverified"
      },
      "geometry": {
        "type": "LineString",
        "coordinates": [
          [
            113.48273704461435,
            22.89288306595472
          ],
          [
            113.48296581238421,
            22.893108649582263
          ]
        ]
      }
    },
    {
      "type": "Feature",
      "id": "local/global-nav/edge_255_campus_outdoor_bef55f0889_campus_outdoor_96cc42ed0f",
      "properties": {
        "featureClass": "road",
        "highway": "footway",
        "osmId": "local/global-nav/edge_255_campus_outdoor_bef55f0889_campus_outdoor_96cc42ed0f",
        "osmNodeIds": [
          "local-nav/campus_outdoor_bef55f0889",
          "local-nav/campus_outdoor_96cc42ed0f"
        ],
        "localEdgeId": "edge_255_campus_outdoor_bef55f0889_campus_outdoor_96cc42ed0f",
        "localEdgeType": "walk",
        "source": "global-nav-0408-gcj2wgs84",
        "verificationStatus": "from-navigation-graph-unverified"
      },
      "geometry": {
        "type": "LineString",
        "coordinates": [
          [
            113.48296581238421,
            22.893108649582263
          ],
          [
            113.48323671286592,
            22.893518283449904
          ]
        ]
      }
    },
    {
      "type": "Feature",
      "id": "local/global-nav/edge_256_campus_outdoor_bef55f0889_campus_outdoor_e8c3c0b01d",
      "properties": {
        "featureClass": "road",
        "highway": "footway",
        "osmId": "local/global-nav/edge_256_campus_outdoor_bef55f0889_campus_outdoor_e8c3c0b01d",
        "osmNodeIds": [
          "local-nav/campus_outdoor_bef55f0889",
          "local-nav/campus_outdoor_e8c3c0b01d"
        ],
        "localEdgeId": "edge_256_campus_outdoor_bef55f0889_campus_outdoor_e8c3c0b01d",
        "localEdgeType": "walk",
        "source": "global-nav-0408-gcj2wgs84",
        "verificationStatus": "from-navigation-graph-unverified"
      },
      "geometry": {
        "type": "LineString",
        "coordinates": [
          [
            113.48296581238421,
            22.893108649582263
          ],
          [
            113.48273704461435,
            22.89288306595472
          ]
        ]
      }
    },
    {
      "type": "Feature",
      "id": "local/global-nav/edge_257_campus_outdoor_a5d34c178d_campus_outdoor_4a9572238d",
      "properties": {
        "featureClass": "road",
        "highway": "footway",
        "osmId": "local/global-nav/edge_257_campus_outdoor_a5d34c178d_campus_outdoor_4a9572238d",
        "osmNodeIds": [
          "local-nav/campus_outdoor_a5d34c178d",
          "local-nav/campus_outdoor_4a9572238d"
        ],
        "localEdgeId": "edge_257_campus_outdoor_a5d34c178d_campus_outdoor_4a9572238d",
        "localEdgeType": "walk",
        "source": "global-nav-0408-gcj2wgs84",
        "verificationStatus": "from-navigation-graph-unverified"
      },
      "geometry": {
        "type": "LineString",
        "coordinates": [
          [
            113.48097207794423,
            22.892122183435895
          ],
          [
            113.48113160392798,
            22.892365552574013
          ]
        ]
      }
    },
    {
      "type": "Feature",
      "id": "local/global-nav/edge_258_campus_outdoor_a5d34c178d_campus_outdoor_cdf6a1bb17",
      "properties": {
        "featureClass": "road",
        "highway": "footway",
        "osmId": "local/global-nav/edge_258_campus_outdoor_a5d34c178d_campus_outdoor_cdf6a1bb17",
        "osmNodeIds": [
          "local-nav/campus_outdoor_a5d34c178d",
          "local-nav/campus_outdoor_cdf6a1bb17"
        ],
        "localEdgeId": "edge_258_campus_outdoor_a5d34c178d_campus_outdoor_cdf6a1bb17",
        "localEdgeType": "walk",
        "source": "global-nav-0408-gcj2wgs84",
        "verificationStatus": "from-navigation-graph-unverified"
      },
      "geometry": {
        "type": "LineString",
        "coordinates": [
          [
            113.48097207794423,
            22.892122183435895
          ],
          [
            113.4807904806357,
            22.891829769771398
          ]
        ]
      }
    },
    {
      "type": "Feature",
      "id": "local/global-nav/edge_259_campus_outdoor_7a55889802_campus_outdoor_59945451d5",
      "properties": {
        "featureClass": "road",
        "highway": "footway",
        "osmId": "local/global-nav/edge_259_campus_outdoor_7a55889802_campus_outdoor_59945451d5",
        "osmNodeIds": [
          "local-nav/campus_outdoor_7a55889802",
          "local-nav/campus_outdoor_59945451d5"
        ],
        "localEdgeId": "edge_259_campus_outdoor_7a55889802_campus_outdoor_59945451d5",
        "localEdgeType": "walk",
        "source": "global-nav-0408-gcj2wgs84",
        "verificationStatus": "from-navigation-graph-unverified"
      },
      "geometry": {
        "type": "LineString",
        "coordinates": [
          [
            113.48172199672476,
            22.893044418605186
          ],
          [
            113.48179899789542,
            22.893050076424306
          ]
        ]
      }
    },
    {
      "type": "Feature",
      "id": "local/global-nav/edge_260_campus_outdoor_7a55889802_campus_outdoor_6a463754ac",
      "properties": {
        "featureClass": "road",
        "highway": "footway",
        "osmId": "local/global-nav/edge_260_campus_outdoor_7a55889802_campus_outdoor_6a463754ac",
        "osmNodeIds": [
          "local-nav/campus_outdoor_7a55889802",
          "local-nav/campus_outdoor_6a463754ac"
        ],
        "localEdgeId": "edge_260_campus_outdoor_7a55889802_campus_outdoor_6a463754ac",
        "localEdgeType": "walk",
        "source": "global-nav-0408-gcj2wgs84",
        "verificationStatus": "from-navigation-graph-unverified"
      },
      "geometry": {
        "type": "LineString",
        "coordinates": [
          [
            113.48172199672476,
            22.893044418605186
          ],
          [
            113.48164796022854,
            22.89307199590512
          ]
        ]
      }
    },
    {
      "type": "Feature",
      "id": "local/global-nav/edge_261_campus_outdoor_6a463754ac_campus_outdoor_5436936bff",
      "properties": {
        "featureClass": "road",
        "highway": "footway",
        "osmId": "local/global-nav/edge_261_campus_outdoor_6a463754ac_campus_outdoor_5436936bff",
        "osmNodeIds": [
          "local-nav/campus_outdoor_6a463754ac",
          "local-nav/campus_outdoor_5436936bff"
        ],
        "localEdgeId": "edge_261_campus_outdoor_6a463754ac_campus_outdoor_5436936bff",
        "localEdgeType": "walk",
        "source": "global-nav-0408-gcj2wgs84",
        "verificationStatus": "from-navigation-graph-unverified"
      },
      "geometry": {
        "type": "LineString",
        "coordinates": [
          [
            113.48164796022854,
            22.89307199590512
          ],
          [
            113.48157837073924,
            22.893078147894446
          ]
        ]
      }
    },
    {
      "type": "Feature",
      "id": "local/global-nav/edge_262_campus_outdoor_6a463754ac_campus_outdoor_7a55889802",
      "properties": {
        "featureClass": "road",
        "highway": "footway",
        "osmId": "local/global-nav/edge_262_campus_outdoor_6a463754ac_campus_outdoor_7a55889802",
        "osmNodeIds": [
          "local-nav/campus_outdoor_6a463754ac",
          "local-nav/campus_outdoor_7a55889802"
        ],
        "localEdgeId": "edge_262_campus_outdoor_6a463754ac_campus_outdoor_7a55889802",
        "localEdgeType": "walk",
        "source": "global-nav-0408-gcj2wgs84",
        "verificationStatus": "from-navigation-graph-unverified"
      },
      "geometry": {
        "type": "LineString",
        "coordinates": [
          [
            113.48164796022854,
            22.89307199590512
          ],
          [
            113.48172199672476,
            22.893044418605186
          ]
        ]
      }
    },
    {
      "type": "Feature",
      "id": "local/global-nav/edge_263_campus_outdoor_5436936bff_campus_outdoor_6a463754ac",
      "properties": {
        "featureClass": "road",
        "highway": "footway",
        "osmId": "local/global-nav/edge_263_campus_outdoor_5436936bff_campus_outdoor_6a463754ac",
        "osmNodeIds": [
          "local-nav/campus_outdoor_5436936bff",
          "local-nav/campus_outdoor_6a463754ac"
        ],
        "localEdgeId": "edge_263_campus_outdoor_5436936bff_campus_outdoor_6a463754ac",
        "localEdgeType": "walk",
        "source": "global-nav-0408-gcj2wgs84",
        "verificationStatus": "from-navigation-graph-unverified"
      },
      "geometry": {
        "type": "LineString",
        "coordinates": [
          [
            113.48157837073924,
            22.893078147894446
          ],
          [
            113.48164796022854,
            22.89307199590512
          ]
        ]
      }
    },
    {
      "type": "Feature",
      "id": "local/global-nav/edge_264_campus_outdoor_5436936bff_campus_outdoor_756f2f71fb",
      "properties": {
        "featureClass": "road",
        "highway": "footway",
        "osmId": "local/global-nav/edge_264_campus_outdoor_5436936bff_campus_outdoor_756f2f71fb",
        "osmNodeIds": [
          "local-nav/campus_outdoor_5436936bff",
          "local-nav/campus_outdoor_756f2f71fb"
        ],
        "localEdgeId": "edge_264_campus_outdoor_5436936bff_campus_outdoor_756f2f71fb",
        "localEdgeType": "walk",
        "source": "global-nav-0408-gcj2wgs84",
        "verificationStatus": "from-navigation-graph-unverified"
      },
      "geometry": {
        "type": "LineString",
        "coordinates": [
          [
            113.48157837073924,
            22.893078147894446
          ],
          [
            113.48150938313273,
            22.8930441217186
          ]
        ]
      }
    },
    {
      "type": "Feature",
      "id": "local/global-nav/edge_265_campus_outdoor_756f2f71fb_campus_outdoor_5436936bff",
      "properties": {
        "featureClass": "road",
        "highway": "footway",
        "osmId": "local/global-nav/edge_265_campus_outdoor_756f2f71fb_campus_outdoor_5436936bff",
        "osmNodeIds": [
          "local-nav/campus_outdoor_756f2f71fb",
          "local-nav/campus_outdoor_5436936bff"
        ],
        "localEdgeId": "edge_265_campus_outdoor_756f2f71fb_campus_outdoor_5436936bff",
        "localEdgeType": "walk",
        "source": "global-nav-0408-gcj2wgs84",
        "verificationStatus": "from-navigation-graph-unverified"
      },
      "geometry": {
        "type": "LineString",
        "coordinates": [
          [
            113.48150938313273,
            22.8930441217186
          ],
          [
            113.48157837073924,
            22.893078147894446
          ]
        ]
      }
    },
    {
      "type": "Feature",
      "id": "local/global-nav/edge_266_campus_outdoor_756f2f71fb_campus_outdoor_896ae62e4a",
      "properties": {
        "featureClass": "road",
        "highway": "footway",
        "osmId": "local/global-nav/edge_266_campus_outdoor_756f2f71fb_campus_outdoor_896ae62e4a",
        "osmNodeIds": [
          "local-nav/campus_outdoor_756f2f71fb",
          "local-nav/campus_outdoor_896ae62e4a"
        ],
        "localEdgeId": "edge_266_campus_outdoor_756f2f71fb_campus_outdoor_896ae62e4a",
        "localEdgeType": "walk",
        "source": "global-nav-0408-gcj2wgs84",
        "verificationStatus": "from-navigation-graph-unverified"
      },
      "geometry": {
        "type": "LineString",
        "coordinates": [
          [
            113.48150938313273,
            22.8930441217186
          ],
          [
            113.4813844225618,
            22.89298604282508
          ]
        ]
      }
    },
    {
      "type": "Feature",
      "id": "local/global-nav/edge_267_campus_outdoor_896ae62e4a_campus_outdoor_1f07a48e26",
      "properties": {
        "featureClass": "road",
        "highway": "footway",
        "osmId": "local/global-nav/edge_267_campus_outdoor_896ae62e4a_campus_outdoor_1f07a48e26",
        "osmNodeIds": [
          "local-nav/campus_outdoor_896ae62e4a",
          "local-nav/campus_outdoor_1f07a48e26"
        ],
        "localEdgeId": "edge_267_campus_outdoor_896ae62e4a_campus_outdoor_1f07a48e26",
        "localEdgeType": "walk",
        "source": "global-nav-0408-gcj2wgs84",
        "verificationStatus": "from-navigation-graph-unverified"
      },
      "geometry": {
        "type": "LineString",
        "coordinates": [
          [
            113.4813844225618,
            22.89298604282508
          ],
          [
            113.48126604612655,
            22.89259085567188
          ]
        ]
      }
    },
    {
      "type": "Feature",
      "id": "local/global-nav/edge_268_campus_outdoor_896ae62e4a_campus_outdoor_3d33e95fb9",
      "properties": {
        "featureClass": "road",
        "highway": "footway",
        "osmId": "local/global-nav/edge_268_campus_outdoor_896ae62e4a_campus_outdoor_3d33e95fb9",
        "osmNodeIds": [
          "local-nav/campus_outdoor_896ae62e4a",
          "local-nav/campus_outdoor_3d33e95fb9"
        ],
        "localEdgeId": "edge_268_campus_outdoor_896ae62e4a_campus_outdoor_3d33e95fb9",
        "localEdgeType": "walk",
        "source": "global-nav-0408-gcj2wgs84",
        "verificationStatus": "from-navigation-graph-unverified"
      },
      "geometry": {
        "type": "LineString",
        "coordinates": [
          [
            113.4813844225618,
            22.89298604282508
          ],
          [
            113.48108238716311,
            22.89310710731665
          ]
        ]
      }
    },
    {
      "type": "Feature",
      "id": "local/global-nav/edge_269_campus_outdoor_896ae62e4a_campus_outdoor_756f2f71fb",
      "properties": {
        "featureClass": "road",
        "highway": "footway",
        "osmId": "local/global-nav/edge_269_campus_outdoor_896ae62e4a_campus_outdoor_756f2f71fb",
        "osmNodeIds": [
          "local-nav/campus_outdoor_896ae62e4a",
          "local-nav/campus_outdoor_756f2f71fb"
        ],
        "localEdgeId": "edge_269_campus_outdoor_896ae62e4a_campus_outdoor_756f2f71fb",
        "localEdgeType": "walk",
        "source": "global-nav-0408-gcj2wgs84",
        "verificationStatus": "from-navigation-graph-unverified"
      },
      "geometry": {
        "type": "LineString",
        "coordinates": [
          [
            113.4813844225618,
            22.89298604282508
          ],
          [
            113.48150938313273,
            22.8930441217186
          ]
        ]
      }
    },
    {
      "type": "Feature",
      "id": "local/global-nav/edge_270_campus_outdoor_1f07a48e26_campus_outdoor_4a9572238d",
      "properties": {
        "featureClass": "road",
        "highway": "footway",
        "osmId": "local/global-nav/edge_270_campus_outdoor_1f07a48e26_campus_outdoor_4a9572238d",
        "osmNodeIds": [
          "local-nav/campus_outdoor_1f07a48e26",
          "local-nav/campus_outdoor_4a9572238d"
        ],
        "localEdgeId": "edge_270_campus_outdoor_1f07a48e26_campus_outdoor_4a9572238d",
        "localEdgeType": "walk",
        "source": "global-nav-0408-gcj2wgs84",
        "verificationStatus": "from-navigation-graph-unverified"
      },
      "geometry": {
        "type": "LineString",
        "coordinates": [
          [
            113.48126604612655,
            22.89259085567188
          ],
          [
            113.48113160392798,
            22.892365552574013
          ]
        ]
      }
    },
    {
      "type": "Feature",
      "id": "local/global-nav/edge_271_campus_outdoor_1f07a48e26_campus_outdoor_896ae62e4a",
      "properties": {
        "featureClass": "road",
        "highway": "footway",
        "osmId": "local/global-nav/edge_271_campus_outdoor_1f07a48e26_campus_outdoor_896ae62e4a",
        "osmNodeIds": [
          "local-nav/campus_outdoor_1f07a48e26",
          "local-nav/campus_outdoor_896ae62e4a"
        ],
        "localEdgeId": "edge_271_campus_outdoor_1f07a48e26_campus_outdoor_896ae62e4a",
        "localEdgeType": "walk",
        "source": "global-nav-0408-gcj2wgs84",
        "verificationStatus": "from-navigation-graph-unverified"
      },
      "geometry": {
        "type": "LineString",
        "coordinates": [
          [
            113.48126604612655,
            22.89259085567188
          ],
          [
            113.4813844225618,
            22.89298604282508
          ]
        ]
      }
    },
    {
      "type": "Feature",
      "id": "local/global-nav/edge_272_campus_outdoor_1f07a48e26_campus_outdoor_92da5e1e8f",
      "properties": {
        "featureClass": "road",
        "highway": "footway",
        "osmId": "local/global-nav/edge_272_campus_outdoor_1f07a48e26_campus_outdoor_92da5e1e8f",
        "osmNodeIds": [
          "local-nav/campus_outdoor_1f07a48e26",
          10740248766
        ],
        "localEdgeId": "edge_272_campus_outdoor_1f07a48e26_campus_outdoor_92da5e1e8f",
        "localEdgeType": "walk",
        "source": "global-nav-0408-gcj2wgs84",
        "verificationStatus": "from-navigation-graph-unverified"
      },
      "geometry": {
        "type": "LineString",
        "coordinates": [
          [
            113.48126604612655,
            22.89259085567188
          ],
          [
            113.48045025104851,
            22.892957316327415
          ]
        ]
      }
    },
    {
      "type": "Feature",
      "id": "local/global-nav/edge_273_campus_outdoor_1f07a48e26_campus_outdoor_fb38f0eb10",
      "properties": {
        "featureClass": "road",
        "highway": "footway",
        "osmId": "local/global-nav/edge_273_campus_outdoor_1f07a48e26_campus_outdoor_fb38f0eb10",
        "osmNodeIds": [
          "local-nav/campus_outdoor_1f07a48e26",
          "local-nav/campus_outdoor_fb38f0eb10"
        ],
        "localEdgeId": "edge_273_campus_outdoor_1f07a48e26_campus_outdoor_fb38f0eb10",
        "localEdgeType": "walk",
        "source": "global-nav-0408-gcj2wgs84",
        "verificationStatus": "from-navigation-graph-unverified"
      },
      "geometry": {
        "type": "LineString",
        "coordinates": [
          [
            113.48126604612655,
            22.89259085567188
          ],
          [
            113.48134531774956,
            22.892562100035228
          ]
        ]
      }
    },
    {
      "type": "Feature",
      "id": "local/global-nav/edge_274_campus_outdoor_3d33e95fb9_campus_outdoor_07817e870e",
      "properties": {
        "featureClass": "road",
        "highway": "footway",
        "osmId": "local/global-nav/edge_274_campus_outdoor_3d33e95fb9_campus_outdoor_07817e870e",
        "osmNodeIds": [
          "local-nav/campus_outdoor_3d33e95fb9",
          "local-nav/campus_outdoor_07817e870e"
        ],
        "localEdgeId": "edge_274_campus_outdoor_3d33e95fb9_campus_outdoor_07817e870e",
        "localEdgeType": "walk",
        "source": "global-nav-0408-gcj2wgs84",
        "verificationStatus": "from-navigation-graph-unverified"
      },
      "geometry": {
        "type": "LineString",
        "coordinates": [
          [
            113.48108238716311,
            22.89310710731665
          ],
          [
            113.48099107443619,
            22.89314282504536
          ]
        ]
      }
    },
    {
      "type": "Feature",
      "id": "local/global-nav/edge_275_campus_outdoor_3d33e95fb9_campus_outdoor_277ab336ea",
      "properties": {
        "featureClass": "road",
        "highway": "footway",
        "osmId": "local/global-nav/edge_275_campus_outdoor_3d33e95fb9_campus_outdoor_277ab336ea",
        "osmNodeIds": [
          "local-nav/campus_outdoor_3d33e95fb9",
          "local-nav/campus_outdoor_277ab336ea"
        ],
        "localEdgeId": "edge_275_campus_outdoor_3d33e95fb9_campus_outdoor_277ab336ea",
        "localEdgeType": "walk",
        "source": "global-nav-0408-gcj2wgs84",
        "verificationStatus": "from-navigation-graph-unverified"
      },
      "geometry": {
        "type": "LineString",
        "coordinates": [
          [
            113.48108238716311,
            22.89310710731665
          ],
          [
            113.48120277762125,
            22.89339034550805
          ]
        ]
      }
    },
    {
      "type": "Feature",
      "id": "local/global-nav/edge_276_campus_outdoor_3d33e95fb9_campus_outdoor_896ae62e4a",
      "properties": {
        "featureClass": "road",
        "highway": "footway",
        "osmId": "local/global-nav/edge_276_campus_outdoor_3d33e95fb9_campus_outdoor_896ae62e4a",
        "osmNodeIds": [
          "local-nav/campus_outdoor_3d33e95fb9",
          "local-nav/campus_outdoor_896ae62e4a"
        ],
        "localEdgeId": "edge_276_campus_outdoor_3d33e95fb9_campus_outdoor_896ae62e4a",
        "localEdgeType": "walk",
        "source": "global-nav-0408-gcj2wgs84",
        "verificationStatus": "from-navigation-graph-unverified"
      },
      "geometry": {
        "type": "LineString",
        "coordinates": [
          [
            113.48108238716311,
            22.89310710731665
          ],
          [
            113.4813844225618,
            22.89298604282508
          ]
        ]
      }
    },
    {
      "type": "Feature",
      "id": "local/global-nav/edge_277_campus_outdoor_07817e870e_campus_outdoor_3d33e95fb9",
      "properties": {
        "featureClass": "road",
        "highway": "footway",
        "osmId": "local/global-nav/edge_277_campus_outdoor_07817e870e_campus_outdoor_3d33e95fb9",
        "osmNodeIds": [
          "local-nav/campus_outdoor_07817e870e",
          "local-nav/campus_outdoor_3d33e95fb9"
        ],
        "localEdgeId": "edge_277_campus_outdoor_07817e870e_campus_outdoor_3d33e95fb9",
        "localEdgeType": "walk",
        "source": "global-nav-0408-gcj2wgs84",
        "verificationStatus": "from-navigation-graph-unverified"
      },
      "geometry": {
        "type": "LineString",
        "coordinates": [
          [
            113.48099107443619,
            22.89314282504536
          ],
          [
            113.48108238716311,
            22.89310710731665
          ]
        ]
      }
    },
    {
      "type": "Feature",
      "id": "local/global-nav/edge_278_campus_outdoor_07817e870e_campus_outdoor_81186fda01",
      "properties": {
        "featureClass": "road",
        "highway": "footway",
        "osmId": "local/global-nav/edge_278_campus_outdoor_07817e870e_campus_outdoor_81186fda01",
        "osmNodeIds": [
          "local-nav/campus_outdoor_07817e870e",
          "local-nav/campus_outdoor_81186fda01"
        ],
        "localEdgeId": "edge_278_campus_outdoor_07817e870e_campus_outdoor_81186fda01",
        "localEdgeType": "walk",
        "source": "global-nav-0408-gcj2wgs84",
        "verificationStatus": "from-navigation-graph-unverified"
      },
      "geometry": {
        "type": "LineString",
        "coordinates": [
          [
            113.48099107443619,
            22.89314282504536
          ],
          [
            113.48090277191358,
            22.89318055087441
          ]
        ]
      }
    },
    {
      "type": "Feature",
      "id": "local/global-nav/edge_279_campus_outdoor_277ab336ea_campus_outdoor_3d33e95fb9",
      "properties": {
        "featureClass": "road",
        "highway": "footway",
        "osmId": "local/global-nav/edge_279_campus_outdoor_277ab336ea_campus_outdoor_3d33e95fb9",
        "osmNodeIds": [
          "local-nav/campus_outdoor_277ab336ea",
          "local-nav/campus_outdoor_3d33e95fb9"
        ],
        "localEdgeId": "edge_279_campus_outdoor_277ab336ea_campus_outdoor_3d33e95fb9",
        "localEdgeType": "walk",
        "source": "global-nav-0408-gcj2wgs84",
        "verificationStatus": "from-navigation-graph-unverified"
      },
      "geometry": {
        "type": "LineString",
        "coordinates": [
          [
            113.48120277762125,
            22.89339034550805
          ],
          [
            113.48108238716311,
            22.89310710731665
          ]
        ]
      }
    },
    {
      "type": "Feature",
      "id": "local/global-nav/edge_280_campus_outdoor_277ab336ea_campus_outdoor_901a126778",
      "properties": {
        "featureClass": "road",
        "highway": "footway",
        "osmId": "local/global-nav/edge_280_campus_outdoor_277ab336ea_campus_outdoor_901a126778",
        "osmNodeIds": [
          "local-nav/campus_outdoor_277ab336ea",
          "local-nav/campus_outdoor_901a126778"
        ],
        "localEdgeId": "edge_280_campus_outdoor_277ab336ea_campus_outdoor_901a126778",
        "localEdgeType": "walk",
        "source": "global-nav-0408-gcj2wgs84",
        "verificationStatus": "from-navigation-graph-unverified"
      },
      "geometry": {
        "type": "LineString",
        "coordinates": [
          [
            113.48120277762125,
            22.89339034550805
          ],
          [
            113.48126096740172,
            22.893512466682633
          ]
        ]
      }
    },
    {
      "type": "Feature",
      "id": "local/global-nav/edge_281_campus_outdoor_81186fda01_campus_outdoor_07817e870e",
      "properties": {
        "featureClass": "road",
        "highway": "footway",
        "osmId": "local/global-nav/edge_281_campus_outdoor_81186fda01_campus_outdoor_07817e870e",
        "osmNodeIds": [
          "local-nav/campus_outdoor_81186fda01",
          "local-nav/campus_outdoor_07817e870e"
        ],
        "localEdgeId": "edge_281_campus_outdoor_81186fda01_campus_outdoor_07817e870e",
        "localEdgeType": "walk",
        "source": "global-nav-0408-gcj2wgs84",
        "verificationStatus": "from-navigation-graph-unverified"
      },
      "geometry": {
        "type": "LineString",
        "coordinates": [
          [
            113.48090277191358,
            22.89318055087441
          ],
          [
            113.48099107443619,
            22.89314282504536
          ]
        ]
      }
    },
    {
      "type": "Feature",
      "id": "local/global-nav/edge_282_campus_outdoor_81186fda01_campus_outdoor_44245b80ce",
      "properties": {
        "featureClass": "road",
        "highway": "footway",
        "osmId": "local/global-nav/edge_282_campus_outdoor_81186fda01_campus_outdoor_44245b80ce",
        "osmNodeIds": [
          "local-nav/campus_outdoor_81186fda01",
          10775863282
        ],
        "localEdgeId": "edge_282_campus_outdoor_81186fda01_campus_outdoor_44245b80ce",
        "localEdgeType": "walk",
        "source": "global-nav-0408-gcj2wgs84",
        "verificationStatus": "from-navigation-graph-unverified"
      },
      "geometry": {
        "type": "LineString",
        "coordinates": [
          [
            113.48090277191358,
            22.89318055087441
          ],
          [
            113.48062482012655,
            22.893302687057666
          ]
        ]
      }
    },
    {
      "type": "Feature",
      "id": "local/global-nav/edge_283_campus_outdoor_af3ec53126_campus_outdoor_0c8c14f59c",
      "properties": {
        "featureClass": "road",
        "highway": "footway",
        "osmId": "local/global-nav/edge_283_campus_outdoor_af3ec53126_campus_outdoor_0c8c14f59c",
        "osmNodeIds": [
          "local-nav/campus_outdoor_af3ec53126",
          "local-nav/campus_outdoor_0c8c14f59c"
        ],
        "localEdgeId": "edge_283_campus_outdoor_af3ec53126_campus_outdoor_0c8c14f59c",
        "localEdgeType": "walk",
        "source": "global-nav-0408-gcj2wgs84",
        "verificationStatus": "from-navigation-graph-unverified"
      },
      "geometry": {
        "type": "LineString",
        "coordinates": [
          [
            113.48157339460197,
            22.888055593430742
          ],
          [
            113.48129771060388,
            22.88822174205476
          ]
        ]
      }
    },
    {
      "type": "Feature",
      "id": "local/global-nav/edge_284_campus_outdoor_af3ec53126_campus_outdoor_f5c70dd210",
      "properties": {
        "featureClass": "road",
        "highway": "footway",
        "osmId": "local/global-nav/edge_284_campus_outdoor_af3ec53126_campus_outdoor_f5c70dd210",
        "osmNodeIds": [
          "local-nav/campus_outdoor_af3ec53126",
          "local-nav/campus_outdoor_f5c70dd210"
        ],
        "localEdgeId": "edge_284_campus_outdoor_af3ec53126_campus_outdoor_f5c70dd210",
        "localEdgeType": "walk",
        "source": "global-nav-0408-gcj2wgs84",
        "verificationStatus": "from-navigation-graph-unverified"
      },
      "geometry": {
        "type": "LineString",
        "coordinates": [
          [
            113.48157339460197,
            22.888055593430742
          ],
          [
            113.48232999320528,
            22.887782929617384
          ]
        ]
      }
    },
    {
      "type": "Feature",
      "id": "local/global-nav/edge_285_campus_outdoor_0c8c14f59c_campus_outdoor_38a35f5641",
      "properties": {
        "featureClass": "road",
        "highway": "footway",
        "osmId": "local/global-nav/edge_285_campus_outdoor_0c8c14f59c_campus_outdoor_38a35f5641",
        "osmNodeIds": [
          "local-nav/campus_outdoor_0c8c14f59c",
          "local-nav/campus_outdoor_38a35f5641"
        ],
        "localEdgeId": "edge_285_campus_outdoor_0c8c14f59c_campus_outdoor_38a35f5641",
        "localEdgeType": "walk",
        "source": "global-nav-0408-gcj2wgs84",
        "verificationStatus": "from-navigation-graph-unverified"
      },
      "geometry": {
        "type": "LineString",
        "coordinates": [
          [
            113.48129771060388,
            22.88822174205476
          ],
          [
            113.48111757490463,
            22.88831933577911
          ]
        ]
      }
    },
    {
      "type": "Feature",
      "id": "local/global-nav/edge_286_campus_outdoor_0c8c14f59c_campus_outdoor_af3ec53126",
      "properties": {
        "featureClass": "road",
        "highway": "footway",
        "osmId": "local/global-nav/edge_286_campus_outdoor_0c8c14f59c_campus_outdoor_af3ec53126",
        "osmNodeIds": [
          "local-nav/campus_outdoor_0c8c14f59c",
          "local-nav/campus_outdoor_af3ec53126"
        ],
        "localEdgeId": "edge_286_campus_outdoor_0c8c14f59c_campus_outdoor_af3ec53126",
        "localEdgeType": "walk",
        "source": "global-nav-0408-gcj2wgs84",
        "verificationStatus": "from-navigation-graph-unverified"
      },
      "geometry": {
        "type": "LineString",
        "coordinates": [
          [
            113.48129771060388,
            22.88822174205476
          ],
          [
            113.48157339460197,
            22.888055593430742
          ]
        ]
      }
    },
    {
      "type": "Feature",
      "id": "local/global-nav/edge_287_campus_outdoor_38a35f5641_campus_outdoor_0c8c14f59c",
      "properties": {
        "featureClass": "road",
        "highway": "footway",
        "osmId": "local/global-nav/edge_287_campus_outdoor_38a35f5641_campus_outdoor_0c8c14f59c",
        "osmNodeIds": [
          "local-nav/campus_outdoor_38a35f5641",
          "local-nav/campus_outdoor_0c8c14f59c"
        ],
        "localEdgeId": "edge_287_campus_outdoor_38a35f5641_campus_outdoor_0c8c14f59c",
        "localEdgeType": "walk",
        "source": "global-nav-0408-gcj2wgs84",
        "verificationStatus": "from-navigation-graph-unverified"
      },
      "geometry": {
        "type": "LineString",
        "coordinates": [
          [
            113.48111757490463,
            22.88831933577911
          ],
          [
            113.48129771060388,
            22.88822174205476
          ]
        ]
      }
    },
    {
      "type": "Feature",
      "id": "local/global-nav/edge_288_campus_outdoor_38a35f5641_campus_outdoor_1186ccac04",
      "properties": {
        "featureClass": "road",
        "highway": "footway",
        "osmId": "local/global-nav/edge_288_campus_outdoor_38a35f5641_campus_outdoor_1186ccac04",
        "osmNodeIds": [
          "local-nav/campus_outdoor_38a35f5641",
          "local-nav/campus_outdoor_1186ccac04"
        ],
        "localEdgeId": "edge_288_campus_outdoor_38a35f5641_campus_outdoor_1186ccac04",
        "localEdgeType": "walk",
        "source": "global-nav-0408-gcj2wgs84",
        "verificationStatus": "from-navigation-graph-unverified"
      },
      "geometry": {
        "type": "LineString",
        "coordinates": [
          [
            113.48111757490463,
            22.88831933577911
          ],
          [
            113.48125928456196,
            22.888669423178477
          ]
        ]
      }
    },
    {
      "type": "Feature",
      "id": "local/global-nav/edge_289_campus_outdoor_38a35f5641_campus_outdoor_867d20a397",
      "properties": {
        "featureClass": "road",
        "highway": "footway",
        "osmId": "local/global-nav/edge_289_campus_outdoor_38a35f5641_campus_outdoor_867d20a397",
        "osmNodeIds": [
          "local-nav/campus_outdoor_38a35f5641",
          "local-nav/campus_outdoor_867d20a397"
        ],
        "localEdgeId": "edge_289_campus_outdoor_38a35f5641_campus_outdoor_867d20a397",
        "localEdgeType": "walk",
        "source": "global-nav-0408-gcj2wgs84",
        "verificationStatus": "from-navigation-graph-unverified"
      },
      "geometry": {
        "type": "LineString",
        "coordinates": [
          [
            113.48111757490463,
            22.88831933577911
          ],
          [
            113.48076749973255,
            22.88850913567224
          ]
        ]
      }
    },
    {
      "type": "Feature",
      "id": "local/global-nav/edge_290_campus_outdoor_867d20a397_campus_outdoor_0a0ed8ecca",
      "properties": {
        "featureClass": "road",
        "highway": "footway",
        "osmId": "local/global-nav/edge_290_campus_outdoor_867d20a397_campus_outdoor_0a0ed8ecca",
        "osmNodeIds": [
          "local-nav/campus_outdoor_867d20a397",
          "local-nav/campus_outdoor_0a0ed8ecca"
        ],
        "localEdgeId": "edge_290_campus_outdoor_867d20a397_campus_outdoor_0a0ed8ecca",
        "localEdgeType": "walk",
        "source": "global-nav-0408-gcj2wgs84",
        "verificationStatus": "from-navigation-graph-unverified"
      },
      "geometry": {
        "type": "LineString",
        "coordinates": [
          [
            113.48076749973255,
            22.88850913567224
          ],
          [
            113.48056292143973,
            22.888634396252023
          ]
        ]
      }
    },
    {
      "type": "Feature",
      "id": "local/global-nav/edge_291_campus_outdoor_867d20a397_campus_outdoor_1186ccac04",
      "properties": {
        "featureClass": "road",
        "highway": "footway",
        "osmId": "local/global-nav/edge_291_campus_outdoor_867d20a397_campus_outdoor_1186ccac04",
        "osmNodeIds": [
          "local-nav/campus_outdoor_867d20a397",
          "local-nav/campus_outdoor_1186ccac04"
        ],
        "localEdgeId": "edge_291_campus_outdoor_867d20a397_campus_outdoor_1186ccac04",
        "localEdgeType": "walk",
        "source": "global-nav-0408-gcj2wgs84",
        "verificationStatus": "from-navigation-graph-unverified"
      },
      "geometry": {
        "type": "LineString",
        "coordinates": [
          [
            113.48076749973255,
            22.88850913567224
          ],
          [
            113.48125928456196,
            22.888669423178477
          ]
        ]
      }
    },
    {
      "type": "Feature",
      "id": "local/global-nav/edge_292_campus_outdoor_867d20a397_campus_outdoor_38a35f5641",
      "properties": {
        "featureClass": "road",
        "highway": "footway",
        "osmId": "local/global-nav/edge_292_campus_outdoor_867d20a397_campus_outdoor_38a35f5641",
        "osmNodeIds": [
          "local-nav/campus_outdoor_867d20a397",
          "local-nav/campus_outdoor_38a35f5641"
        ],
        "localEdgeId": "edge_292_campus_outdoor_867d20a397_campus_outdoor_38a35f5641",
        "localEdgeType": "walk",
        "source": "global-nav-0408-gcj2wgs84",
        "verificationStatus": "from-navigation-graph-unverified"
      },
      "geometry": {
        "type": "LineString",
        "coordinates": [
          [
            113.48076749973255,
            22.88850913567224
          ],
          [
            113.48111757490463,
            22.88831933577911
          ]
        ]
      }
    },
    {
      "type": "Feature",
      "id": "local/global-nav/edge_293_campus_outdoor_e5a38ca48f_campus_outdoor_0a0ed8ecca",
      "properties": {
        "featureClass": "road",
        "highway": "footway",
        "osmId": "local/global-nav/edge_293_campus_outdoor_e5a38ca48f_campus_outdoor_0a0ed8ecca",
        "osmNodeIds": [
          "local-nav/campus_outdoor_e5a38ca48f",
          "local-nav/campus_outdoor_0a0ed8ecca"
        ],
        "localEdgeId": "edge_293_campus_outdoor_e5a38ca48f_campus_outdoor_0a0ed8ecca",
        "localEdgeType": "walk",
        "source": "global-nav-0408-gcj2wgs84",
        "verificationStatus": "from-navigation-graph-unverified"
      },
      "geometry": {
        "type": "LineString",
        "coordinates": [
          [
            113.48022676910561,
            22.88882733503072
          ],
          [
            113.48056292143973,
            22.888634396252023
          ]
        ]
      }
    },
    {
      "type": "Feature",
      "id": "local/global-nav/edge_294_campus_outdoor_e5a38ca48f_campus_outdoor_ee4ec23e08",
      "properties": {
        "featureClass": "road",
        "highway": "footway",
        "osmId": "local/global-nav/edge_294_campus_outdoor_e5a38ca48f_campus_outdoor_ee4ec23e08",
        "osmNodeIds": [
          "local-nav/campus_outdoor_e5a38ca48f",
          "local-nav/campus_outdoor_ee4ec23e08"
        ],
        "localEdgeId": "edge_294_campus_outdoor_e5a38ca48f_campus_outdoor_ee4ec23e08",
        "localEdgeType": "walk",
        "source": "global-nav-0408-gcj2wgs84",
        "verificationStatus": "from-navigation-graph-unverified"
      },
      "geometry": {
        "type": "LineString",
        "coordinates": [
          [
            113.48022676910561,
            22.88882733503072
          ],
          [
            113.48001805479886,
            22.888941678989347
          ]
        ]
      }
    },
    {
      "type": "Feature",
      "id": "local/global-nav/edge_295_campus_outdoor_ee4ec23e08_campus_outdoor_35dcaaf302",
      "properties": {
        "featureClass": "road",
        "highway": "footway",
        "osmId": "local/global-nav/edge_295_campus_outdoor_ee4ec23e08_campus_outdoor_35dcaaf302",
        "osmNodeIds": [
          "local-nav/campus_outdoor_ee4ec23e08",
          "local-nav/campus_outdoor_35dcaaf302"
        ],
        "localEdgeId": "edge_295_campus_outdoor_ee4ec23e08_campus_outdoor_35dcaaf302",
        "localEdgeType": "walk",
        "source": "global-nav-0408-gcj2wgs84",
        "verificationStatus": "from-navigation-graph-unverified"
      },
      "geometry": {
        "type": "LineString",
        "coordinates": [
          [
            113.48001805479886,
            22.888941678989347
          ],
          [
            113.48020767543605,
            22.889262103549353
          ]
        ]
      }
    },
    {
      "type": "Feature",
      "id": "local/global-nav/edge_296_campus_outdoor_ee4ec23e08_campus_outdoor_b09a5c3e98",
      "properties": {
        "featureClass": "road",
        "highway": "footway",
        "osmId": "local/global-nav/edge_296_campus_outdoor_ee4ec23e08_campus_outdoor_b09a5c3e98",
        "osmNodeIds": [
          "local-nav/campus_outdoor_ee4ec23e08",
          "local-nav/campus_outdoor_b09a5c3e98"
        ],
        "localEdgeId": "edge_296_campus_outdoor_ee4ec23e08_campus_outdoor_b09a5c3e98",
        "localEdgeType": "walk",
        "source": "global-nav-0408-gcj2wgs84",
        "verificationStatus": "from-navigation-graph-unverified"
      },
      "geometry": {
        "type": "LineString",
        "coordinates": [
          [
            113.48001805479886,
            22.888941678989347
          ],
          [
            113.47968694626171,
            22.88877278081475
          ]
        ]
      }
    },
    {
      "type": "Feature",
      "id": "local/global-nav/edge_297_campus_outdoor_ee4ec23e08_campus_outdoor_e5a38ca48f",
      "properties": {
        "featureClass": "road",
        "highway": "footway",
        "osmId": "local/global-nav/edge_297_campus_outdoor_ee4ec23e08_campus_outdoor_e5a38ca48f",
        "osmNodeIds": [
          "local-nav/campus_outdoor_ee4ec23e08",
          "local-nav/campus_outdoor_e5a38ca48f"
        ],
        "localEdgeId": "edge_297_campus_outdoor_ee4ec23e08_campus_outdoor_e5a38ca48f",
        "localEdgeType": "walk",
        "source": "global-nav-0408-gcj2wgs84",
        "verificationStatus": "from-navigation-graph-unverified"
      },
      "geometry": {
        "type": "LineString",
        "coordinates": [
          [
            113.48001805479886,
            22.888941678989347
          ],
          [
            113.48022676910561,
            22.88882733503072
          ]
        ]
      }
    },
    {
      "type": "Feature",
      "id": "local/global-nav/edge_298_campus_outdoor_ee4ec23e08_campus_outdoor_fbbdc09e1a",
      "properties": {
        "featureClass": "road",
        "highway": "footway",
        "osmId": "local/global-nav/edge_298_campus_outdoor_ee4ec23e08_campus_outdoor_fbbdc09e1a",
        "osmNodeIds": [
          "local-nav/campus_outdoor_ee4ec23e08",
          "local-nav/campus_outdoor_fbbdc09e1a"
        ],
        "localEdgeId": "edge_298_campus_outdoor_ee4ec23e08_campus_outdoor_fbbdc09e1a",
        "localEdgeType": "walk",
        "source": "global-nav-0408-gcj2wgs84",
        "verificationStatus": "from-navigation-graph-unverified"
      },
      "geometry": {
        "type": "LineString",
        "coordinates": [
          [
            113.48001805479886,
            22.888941678989347
          ],
          [
            113.47970699106702,
            22.88911670033579
          ]
        ]
      }
    },
    {
      "type": "Feature",
      "id": "local/global-nav/edge_299_campus_outdoor_0a0ed8ecca_campus_outdoor_867d20a397",
      "properties": {
        "featureClass": "road",
        "highway": "footway",
        "osmId": "local/global-nav/edge_299_campus_outdoor_0a0ed8ecca_campus_outdoor_867d20a397",
        "osmNodeIds": [
          "local-nav/campus_outdoor_0a0ed8ecca",
          "local-nav/campus_outdoor_867d20a397"
        ],
        "localEdgeId": "edge_299_campus_outdoor_0a0ed8ecca_campus_outdoor_867d20a397",
        "localEdgeType": "walk",
        "source": "global-nav-0408-gcj2wgs84",
        "verificationStatus": "from-navigation-graph-unverified"
      },
      "geometry": {
        "type": "LineString",
        "coordinates": [
          [
            113.48056292143973,
            22.888634396252023
          ],
          [
            113.48076749973255,
            22.88850913567224
          ]
        ]
      }
    },
    {
      "type": "Feature",
      "id": "local/global-nav/edge_300_campus_outdoor_0a0ed8ecca_campus_outdoor_e5a38ca48f",
      "properties": {
        "featureClass": "road",
        "highway": "footway",
        "osmId": "local/global-nav/edge_300_campus_outdoor_0a0ed8ecca_campus_outdoor_e5a38ca48f",
        "osmNodeIds": [
          "local-nav/campus_outdoor_0a0ed8ecca",
          "local-nav/campus_outdoor_e5a38ca48f"
        ],
        "localEdgeId": "edge_300_campus_outdoor_0a0ed8ecca_campus_outdoor_e5a38ca48f",
        "localEdgeType": "walk",
        "source": "global-nav-0408-gcj2wgs84",
        "verificationStatus": "from-navigation-graph-unverified"
      },
      "geometry": {
        "type": "LineString",
        "coordinates": [
          [
            113.48056292143973,
            22.888634396252023
          ],
          [
            113.48022676910561,
            22.88882733503072
          ]
        ]
      }
    },
    {
      "type": "Feature",
      "id": "local/global-nav/edge_301_campus_outdoor_2a9121ba43_campus_outdoor_c431f81aec",
      "properties": {
        "featureClass": "road",
        "highway": "footway",
        "osmId": "local/global-nav/edge_301_campus_outdoor_2a9121ba43_campus_outdoor_c431f81aec",
        "osmNodeIds": [
          "local-nav/campus_outdoor_2a9121ba43",
          "local-nav/campus_outdoor_c431f81aec"
        ],
        "localEdgeId": "edge_301_campus_outdoor_2a9121ba43_campus_outdoor_c431f81aec",
        "localEdgeType": "walk",
        "source": "global-nav-0408-gcj2wgs84",
        "verificationStatus": "from-navigation-graph-unverified"
      },
      "geometry": {
        "type": "LineString",
        "coordinates": [
          [
            113.47934776461568,
            22.889315572922516
          ],
          [
            113.47855005127087,
            22.889709094550625
          ]
        ]
      }
    },
    {
      "type": "Feature",
      "id": "local/global-nav/edge_302_campus_outdoor_2a9121ba43_campus_outdoor_fbbdc09e1a",
      "properties": {
        "featureClass": "road",
        "highway": "footway",
        "osmId": "local/global-nav/edge_302_campus_outdoor_2a9121ba43_campus_outdoor_fbbdc09e1a",
        "osmNodeIds": [
          "local-nav/campus_outdoor_2a9121ba43",
          "local-nav/campus_outdoor_fbbdc09e1a"
        ],
        "localEdgeId": "edge_302_campus_outdoor_2a9121ba43_campus_outdoor_fbbdc09e1a",
        "localEdgeType": "walk",
        "source": "global-nav-0408-gcj2wgs84",
        "verificationStatus": "from-navigation-graph-unverified"
      },
      "geometry": {
        "type": "LineString",
        "coordinates": [
          [
            113.47934776461568,
            22.889315572922516
          ],
          [
            113.47970699106702,
            22.88911670033579
          ]
        ]
      }
    },
    {
      "type": "Feature",
      "id": "local/global-nav/edge_303_campus_outdoor_fbbdc09e1a_campus_outdoor_2a9121ba43",
      "properties": {
        "featureClass": "road",
        "highway": "footway",
        "osmId": "local/global-nav/edge_303_campus_outdoor_fbbdc09e1a_campus_outdoor_2a9121ba43",
        "osmNodeIds": [
          "local-nav/campus_outdoor_fbbdc09e1a",
          "local-nav/campus_outdoor_2a9121ba43"
        ],
        "localEdgeId": "edge_303_campus_outdoor_fbbdc09e1a_campus_outdoor_2a9121ba43",
        "localEdgeType": "walk",
        "source": "global-nav-0408-gcj2wgs84",
        "verificationStatus": "from-navigation-graph-unverified"
      },
      "geometry": {
        "type": "LineString",
        "coordinates": [
          [
            113.47970699106702,
            22.88911670033579
          ],
          [
            113.47934776461568,
            22.889315572922516
          ]
        ]
      }
    },
    {
      "type": "Feature",
      "id": "local/global-nav/edge_304_campus_outdoor_fbbdc09e1a_campus_outdoor_ee4ec23e08",
      "properties": {
        "featureClass": "road",
        "highway": "footway",
        "osmId": "local/global-nav/edge_304_campus_outdoor_fbbdc09e1a_campus_outdoor_ee4ec23e08",
        "osmNodeIds": [
          "local-nav/campus_outdoor_fbbdc09e1a",
          "local-nav/campus_outdoor_ee4ec23e08"
        ],
        "localEdgeId": "edge_304_campus_outdoor_fbbdc09e1a_campus_outdoor_ee4ec23e08",
        "localEdgeType": "walk",
        "source": "global-nav-0408-gcj2wgs84",
        "verificationStatus": "from-navigation-graph-unverified"
      },
      "geometry": {
        "type": "LineString",
        "coordinates": [
          [
            113.47970699106702,
            22.88911670033579
          ],
          [
            113.48001805479886,
            22.888941678989347
          ]
        ]
      }
    },
    {
      "type": "Feature",
      "id": "local/global-nav/edge_305_campus_outdoor_c431f81aec_campus_outdoor_2a9121ba43",
      "properties": {
        "featureClass": "road",
        "highway": "footway",
        "osmId": "local/global-nav/edge_305_campus_outdoor_c431f81aec_campus_outdoor_2a9121ba43",
        "osmNodeIds": [
          "local-nav/campus_outdoor_c431f81aec",
          "local-nav/campus_outdoor_2a9121ba43"
        ],
        "localEdgeId": "edge_305_campus_outdoor_c431f81aec_campus_outdoor_2a9121ba43",
        "localEdgeType": "walk",
        "source": "global-nav-0408-gcj2wgs84",
        "verificationStatus": "from-navigation-graph-unverified"
      },
      "geometry": {
        "type": "LineString",
        "coordinates": [
          [
            113.47855005127087,
            22.889709094550625
          ],
          [
            113.47934776461568,
            22.889315572922516
          ]
        ]
      }
    },
    {
      "type": "Feature",
      "id": "local/global-nav/edge_306_campus_outdoor_c431f81aec_campus_outdoor_5800729223",
      "properties": {
        "featureClass": "road",
        "highway": "footway",
        "osmId": "local/global-nav/edge_306_campus_outdoor_c431f81aec_campus_outdoor_5800729223",
        "osmNodeIds": [
          "local-nav/campus_outdoor_c431f81aec",
          "local-nav/campus_outdoor_5800729223"
        ],
        "localEdgeId": "edge_306_campus_outdoor_c431f81aec_campus_outdoor_5800729223",
        "localEdgeType": "walk",
        "source": "global-nav-0408-gcj2wgs84",
        "verificationStatus": "from-navigation-graph-unverified"
      },
      "geometry": {
        "type": "LineString",
        "coordinates": [
          [
            113.47855005127087,
            22.889709094550625
          ],
          [
            113.47868449489307,
            22.88983743295953
          ]
        ]
      }
    },
    {
      "type": "Feature",
      "id": "local/global-nav/edge_307_campus_outdoor_c431f81aec_campus_outdoor_ff0761abcd",
      "properties": {
        "featureClass": "road",
        "highway": "footway",
        "osmId": "local/global-nav/edge_307_campus_outdoor_c431f81aec_campus_outdoor_ff0761abcd",
        "osmNodeIds": [
          "local-nav/campus_outdoor_c431f81aec",
          "local-nav/campus_outdoor_ff0761abcd"
        ],
        "localEdgeId": "edge_307_campus_outdoor_c431f81aec_campus_outdoor_ff0761abcd",
        "localEdgeType": "walk",
        "source": "global-nav-0408-gcj2wgs84",
        "verificationStatus": "from-navigation-graph-unverified"
      },
      "geometry": {
        "type": "LineString",
        "coordinates": [
          [
            113.47855005127087,
            22.889709094550625
          ],
          [
            113.47843467406702,
            22.889549824181483
          ]
        ]
      }
    },
    {
      "type": "Feature",
      "id": "local/global-nav/edge_308_campus_outdoor_e801879d62_campus_outdoor_f201a4cf87",
      "properties": {
        "featureClass": "road",
        "highway": "footway",
        "osmId": "local/global-nav/edge_308_campus_outdoor_e801879d62_campus_outdoor_f201a4cf87",
        "osmNodeIds": [
          "local-nav/campus_outdoor_e801879d62",
          "local-nav/campus_outdoor_f201a4cf87"
        ],
        "localEdgeId": "edge_308_campus_outdoor_e801879d62_campus_outdoor_f201a4cf87",
        "localEdgeType": "walk",
        "source": "global-nav-0408-gcj2wgs84",
        "verificationStatus": "from-navigation-graph-unverified"
      },
      "geometry": {
        "type": "LineString",
        "coordinates": [
          [
            113.47925351433547,
            22.888300708422623
          ],
          [
            113.4793538563233,
            22.88824902147715
          ]
        ]
      }
    },
    {
      "type": "Feature",
      "id": "local/global-nav/edge_309_campus_outdoor_e801879d62_campus_outdoor_f86d923cff",
      "properties": {
        "featureClass": "road",
        "highway": "footway",
        "osmId": "local/global-nav/edge_309_campus_outdoor_e801879d62_campus_outdoor_f86d923cff",
        "osmNodeIds": [
          "local-nav/campus_outdoor_e801879d62",
          "local-nav/campus_outdoor_f86d923cff"
        ],
        "localEdgeId": "edge_309_campus_outdoor_e801879d62_campus_outdoor_f86d923cff",
        "localEdgeType": "walk",
        "source": "global-nav-0408-gcj2wgs84",
        "verificationStatus": "from-navigation-graph-unverified"
      },
      "geometry": {
        "type": "LineString",
        "coordinates": [
          [
            113.47925351433547,
            22.888300708422623
          ],
          [
            113.47912206603394,
            22.888376295329937
          ]
        ]
      }
    },
    {
      "type": "Feature",
      "id": "local/global-nav/edge_310_campus_outdoor_a10d501952_campus_outdoor_21053e7ab6",
      "properties": {
        "featureClass": "road",
        "highway": "footway",
        "osmId": "local/global-nav/edge_310_campus_outdoor_a10d501952_campus_outdoor_21053e7ab6",
        "osmNodeIds": [
          10740248757,
          "local-nav/campus_outdoor_21053e7ab6"
        ],
        "localEdgeId": "edge_310_campus_outdoor_a10d501952_campus_outdoor_21053e7ab6",
        "localEdgeType": "walk",
        "source": "global-nav-0408-gcj2wgs84",
        "verificationStatus": "from-navigation-graph-unverified"
      },
      "geometry": {
        "type": "LineString",
        "coordinates": [
          [
            113.47801630850628,
            22.888965847797646
          ],
          [
            113.47783268536448,
            22.889079270585917
          ]
        ]
      }
    },
    {
      "type": "Feature",
      "id": "local/global-nav/edge_311_campus_outdoor_a10d501952_campus_outdoor_525a1703bc",
      "properties": {
        "featureClass": "road",
        "highway": "footway",
        "osmId": "local/global-nav/edge_311_campus_outdoor_a10d501952_campus_outdoor_525a1703bc",
        "osmNodeIds": [
          10740248757,
          "local-nav/campus_outdoor_525a1703bc"
        ],
        "localEdgeId": "edge_311_campus_outdoor_a10d501952_campus_outdoor_525a1703bc",
        "localEdgeType": "walk",
        "source": "global-nav-0408-gcj2wgs84",
        "verificationStatus": "from-navigation-graph-unverified"
      },
      "geometry": {
        "type": "LineString",
        "coordinates": [
          [
            113.47801630850628,
            22.888965847797646
          ],
          [
            113.4781477376709,
            22.889142157179812
          ]
        ]
      }
    },
    {
      "type": "Feature",
      "id": "local/global-nav/edge_312_campus_outdoor_a10d501952_campus_outdoor_729816028c",
      "properties": {
        "featureClass": "road",
        "highway": "footway",
        "osmId": "local/global-nav/edge_312_campus_outdoor_a10d501952_campus_outdoor_729816028c",
        "osmNodeIds": [
          10740248757,
          "local-nav/campus_outdoor_729816028c"
        ],
        "localEdgeId": "edge_312_campus_outdoor_a10d501952_campus_outdoor_729816028c",
        "localEdgeType": "walk",
        "source": "global-nav-0408-gcj2wgs84",
        "verificationStatus": "from-navigation-graph-unverified"
      },
      "geometry": {
        "type": "LineString",
        "coordinates": [
          [
            113.47801630850628,
            22.888965847797646
          ],
          [
            113.47840261972863,
            22.888750054397086
          ]
        ]
      }
    },
    {
      "type": "Feature",
      "id": "local/global-nav/edge_313_campus_outdoor_a10d501952_campus_outdoor_7953243a47",
      "properties": {
        "featureClass": "road",
        "highway": "footway",
        "osmId": "local/global-nav/edge_313_campus_outdoor_a10d501952_campus_outdoor_7953243a47",
        "osmNodeIds": [
          10740248757,
          "local-nav/campus_outdoor_7953243a47"
        ],
        "localEdgeId": "edge_313_campus_outdoor_a10d501952_campus_outdoor_7953243a47",
        "localEdgeType": "walk",
        "source": "global-nav-0408-gcj2wgs84",
        "verificationStatus": "from-navigation-graph-unverified"
      },
      "geometry": {
        "type": "LineString",
        "coordinates": [
          [
            113.47801630850628,
            22.888965847797646
          ],
          [
            113.47766316007778,
            22.888442037801806
          ]
        ]
      }
    },
    {
      "type": "Feature",
      "id": "local/global-nav/edge_314_campus_outdoor_72ad3bc19c_campus_outdoor_35dcaaf302",
      "properties": {
        "featureClass": "road",
        "highway": "footway",
        "osmId": "local/global-nav/edge_314_campus_outdoor_72ad3bc19c_campus_outdoor_35dcaaf302",
        "osmNodeIds": [
          "local-nav/campus_outdoor_72ad3bc19c",
          "local-nav/campus_outdoor_35dcaaf302"
        ],
        "localEdgeId": "edge_314_campus_outdoor_72ad3bc19c_campus_outdoor_35dcaaf302",
        "localEdgeType": "walk",
        "source": "global-nav-0408-gcj2wgs84",
        "verificationStatus": "from-navigation-graph-unverified"
      },
      "geometry": {
        "type": "LineString",
        "coordinates": [
          [
            113.48036017503834,
            22.889518445816893
          ],
          [
            113.48020767543605,
            22.889262103549353
          ]
        ]
      }
    },
    {
      "type": "Feature",
      "id": "local/global-nav/edge_315_campus_outdoor_72ad3bc19c_campus_outdoor_d2ca4f2d6d",
      "properties": {
        "featureClass": "road",
        "highway": "footway",
        "osmId": "local/global-nav/edge_315_campus_outdoor_72ad3bc19c_campus_outdoor_d2ca4f2d6d",
        "osmNodeIds": [
          "local-nav/campus_outdoor_72ad3bc19c",
          10740248773
        ],
        "localEdgeId": "edge_315_campus_outdoor_72ad3bc19c_campus_outdoor_d2ca4f2d6d",
        "localEdgeType": "walk",
        "source": "global-nav-0408-gcj2wgs84",
        "verificationStatus": "from-navigation-graph-unverified"
      },
      "geometry": {
        "type": "LineString",
        "coordinates": [
          [
            113.48036017503834,
            22.889518445816893
          ],
          [
            113.48051468505443,
            22.889725814013698
          ]
        ]
      }
    },
    {
      "type": "Feature",
      "id": "local/global-nav/edge_316_campus_outdoor_d2ca4f2d6d_campus_outdoor_72ad3bc19c",
      "properties": {
        "featureClass": "road",
        "highway": "footway",
        "osmId": "local/global-nav/edge_316_campus_outdoor_d2ca4f2d6d_campus_outdoor_72ad3bc19c",
        "osmNodeIds": [
          10740248773,
          "local-nav/campus_outdoor_72ad3bc19c"
        ],
        "localEdgeId": "edge_316_campus_outdoor_d2ca4f2d6d_campus_outdoor_72ad3bc19c",
        "localEdgeType": "walk",
        "source": "global-nav-0408-gcj2wgs84",
        "verificationStatus": "from-navigation-graph-unverified"
      },
      "geometry": {
        "type": "LineString",
        "coordinates": [
          [
            113.48051468505443,
            22.889725814013698
          ],
          [
            113.48036017503834,
            22.889518445816893
          ]
        ]
      }
    },
    {
      "type": "Feature",
      "id": "local/global-nav/edge_317_campus_outdoor_d2ca4f2d6d_campus_outdoor_9f60c5353d",
      "properties": {
        "featureClass": "road",
        "highway": "footway",
        "osmId": "local/global-nav/edge_317_campus_outdoor_d2ca4f2d6d_campus_outdoor_9f60c5353d",
        "osmNodeIds": [
          10740248773,
          "local-nav/campus_outdoor_9f60c5353d"
        ],
        "localEdgeId": "edge_317_campus_outdoor_d2ca4f2d6d_campus_outdoor_9f60c5353d",
        "localEdgeType": "walk",
        "source": "global-nav-0408-gcj2wgs84",
        "verificationStatus": "from-navigation-graph-unverified"
      },
      "geometry": {
        "type": "LineString",
        "coordinates": [
          [
            113.48051468505443,
            22.889725814013698
          ],
          [
            113.48064914275994,
            22.8897022171552
          ]
        ]
      }
    },
    {
      "type": "Feature",
      "id": "local/global-nav/edge_318_campus_outdoor_d2ca4f2d6d_campus_outdoor_a6516557eb",
      "properties": {
        "featureClass": "road",
        "highway": "footway",
        "osmId": "local/global-nav/edge_318_campus_outdoor_d2ca4f2d6d_campus_outdoor_a6516557eb",
        "osmNodeIds": [
          10740248773,
          "local-nav/campus_outdoor_a6516557eb"
        ],
        "localEdgeId": "edge_318_campus_outdoor_d2ca4f2d6d_campus_outdoor_a6516557eb",
        "localEdgeType": "walk",
        "source": "global-nav-0408-gcj2wgs84",
        "verificationStatus": "from-navigation-graph-unverified"
      },
      "geometry": {
        "type": "LineString",
        "coordinates": [
          [
            113.48051468505443,
            22.889725814013698
          ],
          [
            113.48067521148941,
            22.889998173797075
          ]
        ]
      }
    },
    {
      "type": "Feature",
      "id": "local/global-nav/edge_319_campus_outdoor_35dcaaf302_campus_outdoor_72ad3bc19c",
      "properties": {
        "featureClass": "road",
        "highway": "footway",
        "osmId": "local/global-nav/edge_319_campus_outdoor_35dcaaf302_campus_outdoor_72ad3bc19c",
        "osmNodeIds": [
          "local-nav/campus_outdoor_35dcaaf302",
          "local-nav/campus_outdoor_72ad3bc19c"
        ],
        "localEdgeId": "edge_319_campus_outdoor_35dcaaf302_campus_outdoor_72ad3bc19c",
        "localEdgeType": "walk",
        "source": "global-nav-0408-gcj2wgs84",
        "verificationStatus": "from-navigation-graph-unverified"
      },
      "geometry": {
        "type": "LineString",
        "coordinates": [
          [
            113.48020767543605,
            22.889262103549353
          ],
          [
            113.48036017503834,
            22.889518445816893
          ]
        ]
      }
    },
    {
      "type": "Feature",
      "id": "local/global-nav/edge_320_campus_outdoor_35dcaaf302_campus_outdoor_ee4ec23e08",
      "properties": {
        "featureClass": "road",
        "highway": "footway",
        "osmId": "local/global-nav/edge_320_campus_outdoor_35dcaaf302_campus_outdoor_ee4ec23e08",
        "osmNodeIds": [
          "local-nav/campus_outdoor_35dcaaf302",
          "local-nav/campus_outdoor_ee4ec23e08"
        ],
        "localEdgeId": "edge_320_campus_outdoor_35dcaaf302_campus_outdoor_ee4ec23e08",
        "localEdgeType": "walk",
        "source": "global-nav-0408-gcj2wgs84",
        "verificationStatus": "from-navigation-graph-unverified"
      },
      "geometry": {
        "type": "LineString",
        "coordinates": [
          [
            113.48020767543605,
            22.889262103549353
          ],
          [
            113.48001805479886,
            22.888941678989347
          ]
        ]
      }
    },
    {
      "type": "Feature",
      "id": "local/global-nav/edge_321_campus_outdoor_9f60c5353d_campus_outdoor_7b53079055",
      "properties": {
        "featureClass": "road",
        "highway": "footway",
        "osmId": "local/global-nav/edge_321_campus_outdoor_9f60c5353d_campus_outdoor_7b53079055",
        "osmNodeIds": [
          "local-nav/campus_outdoor_9f60c5353d",
          "local-nav/campus_outdoor_7b53079055"
        ],
        "localEdgeId": "edge_321_campus_outdoor_9f60c5353d_campus_outdoor_7b53079055",
        "localEdgeType": "walk",
        "source": "global-nav-0408-gcj2wgs84",
        "verificationStatus": "from-navigation-graph-unverified"
      },
      "geometry": {
        "type": "LineString",
        "coordinates": [
          [
            113.48064914275994,
            22.8897022171552
          ],
          [
            113.48074948523669,
            22.889673522626957
          ]
        ]
      }
    },
    {
      "type": "Feature",
      "id": "local/global-nav/edge_322_campus_outdoor_9f60c5353d_campus_outdoor_d2ca4f2d6d",
      "properties": {
        "featureClass": "road",
        "highway": "footway",
        "osmId": "local/global-nav/edge_322_campus_outdoor_9f60c5353d_campus_outdoor_d2ca4f2d6d",
        "osmNodeIds": [
          "local-nav/campus_outdoor_9f60c5353d",
          10740248773
        ],
        "localEdgeId": "edge_322_campus_outdoor_9f60c5353d_campus_outdoor_d2ca4f2d6d",
        "localEdgeType": "walk",
        "source": "global-nav-0408-gcj2wgs84",
        "verificationStatus": "from-navigation-graph-unverified"
      },
      "geometry": {
        "type": "LineString",
        "coordinates": [
          [
            113.48064914275994,
            22.8897022171552
          ],
          [
            113.48051468505443,
            22.889725814013698
          ]
        ]
      }
    },
    {
      "type": "Feature",
      "id": "local/global-nav/edge_323_campus_outdoor_a6516557eb_campus_outdoor_d2ca4f2d6d",
      "properties": {
        "featureClass": "road",
        "highway": "footway",
        "osmId": "local/global-nav/edge_323_campus_outdoor_a6516557eb_campus_outdoor_d2ca4f2d6d",
        "osmNodeIds": [
          "local-nav/campus_outdoor_a6516557eb",
          10740248773
        ],
        "localEdgeId": "edge_323_campus_outdoor_a6516557eb_campus_outdoor_d2ca4f2d6d",
        "localEdgeType": "walk",
        "source": "global-nav-0408-gcj2wgs84",
        "verificationStatus": "from-navigation-graph-unverified"
      },
      "geometry": {
        "type": "LineString",
        "coordinates": [
          [
            113.48067521148941,
            22.889998173797075
          ],
          [
            113.48051468505443,
            22.889725814013698
          ]
        ]
      }
    },
    {
      "type": "Feature",
      "id": "local/global-nav/edge_324_campus_outdoor_a6516557eb_campus_outdoor_f3a3e16a7e",
      "properties": {
        "featureClass": "road",
        "highway": "footway",
        "osmId": "local/global-nav/edge_324_campus_outdoor_a6516557eb_campus_outdoor_f3a3e16a7e",
        "osmNodeIds": [
          "local-nav/campus_outdoor_a6516557eb",
          "local-nav/campus_outdoor_f3a3e16a7e"
        ],
        "localEdgeId": "edge_324_campus_outdoor_a6516557eb_campus_outdoor_f3a3e16a7e",
        "localEdgeType": "walk",
        "source": "global-nav-0408-gcj2wgs84",
        "verificationStatus": "from-navigation-graph-unverified"
      },
      "geometry": {
        "type": "LineString",
        "coordinates": [
          [
            113.48067521148941,
            22.889998173797075
          ],
          [
            113.480867844582,
            22.89031161130475
          ]
        ]
      }
    },
    {
      "type": "Feature",
      "id": "local/global-nav/edge_325_campus_outdoor_7b53079055_campus_outdoor_9f60c5353d",
      "properties": {
        "featureClass": "road",
        "highway": "footway",
        "osmId": "local/global-nav/edge_325_campus_outdoor_7b53079055_campus_outdoor_9f60c5353d",
        "osmNodeIds": [
          "local-nav/campus_outdoor_7b53079055",
          "local-nav/campus_outdoor_9f60c5353d"
        ],
        "localEdgeId": "edge_325_campus_outdoor_7b53079055_campus_outdoor_9f60c5353d",
        "localEdgeType": "walk",
        "source": "global-nav-0408-gcj2wgs84",
        "verificationStatus": "from-navigation-graph-unverified"
      },
      "geometry": {
        "type": "LineString",
        "coordinates": [
          [
            113.48074948523669,
            22.889673522626957
          ],
          [
            113.48064914275994,
            22.8897022171552
          ]
        ]
      }
    },
    {
      "type": "Feature",
      "id": "local/global-nav/edge_326_campus_outdoor_7b53079055_campus_outdoor_ddd887ae36",
      "properties": {
        "featureClass": "road",
        "highway": "footway",
        "osmId": "local/global-nav/edge_326_campus_outdoor_7b53079055_campus_outdoor_ddd887ae36",
        "osmNodeIds": [
          "local-nav/campus_outdoor_7b53079055",
          "local-nav/campus_outdoor_ddd887ae36"
        ],
        "localEdgeId": "edge_326_campus_outdoor_7b53079055_campus_outdoor_ddd887ae36",
        "localEdgeType": "walk",
        "source": "global-nav-0408-gcj2wgs84",
        "verificationStatus": "from-navigation-graph-unverified"
      },
      "geometry": {
        "type": "LineString",
        "coordinates": [
          [
            113.48074948523669,
            22.889673522626957
          ],
          [
            113.48104850781361,
            22.889570440717765
          ]
        ]
      }
    },
    {
      "type": "Feature",
      "id": "local/global-nav/edge_327_campus_outdoor_ddd887ae36_campus_outdoor_7b53079055",
      "properties": {
        "featureClass": "road",
        "highway": "footway",
        "osmId": "local/global-nav/edge_327_campus_outdoor_ddd887ae36_campus_outdoor_7b53079055",
        "osmNodeIds": [
          "local-nav/campus_outdoor_ddd887ae36",
          "local-nav/campus_outdoor_7b53079055"
        ],
        "localEdgeId": "edge_327_campus_outdoor_ddd887ae36_campus_outdoor_7b53079055",
        "localEdgeType": "walk",
        "source": "global-nav-0408-gcj2wgs84",
        "verificationStatus": "from-navigation-graph-unverified"
      },
      "geometry": {
        "type": "LineString",
        "coordinates": [
          [
            113.48104850781361,
            22.889570440717765
          ],
          [
            113.48074948523669,
            22.889673522626957
          ]
        ]
      }
    },
    {
      "type": "Feature",
      "id": "local/global-nav/edge_328_campus_outdoor_ddd887ae36_campus_outdoor_9b7a82a3f2",
      "properties": {
        "featureClass": "road",
        "highway": "footway",
        "osmId": "local/global-nav/edge_328_campus_outdoor_ddd887ae36_campus_outdoor_9b7a82a3f2",
        "osmNodeIds": [
          "local-nav/campus_outdoor_ddd887ae36",
          "local-nav/campus_outdoor_9b7a82a3f2"
        ],
        "localEdgeId": "edge_328_campus_outdoor_ddd887ae36_campus_outdoor_9b7a82a3f2",
        "localEdgeType": "walk",
        "source": "global-nav-0408-gcj2wgs84",
        "verificationStatus": "from-navigation-graph-unverified"
      },
      "geometry": {
        "type": "LineString",
        "coordinates": [
          [
            113.48104850781361,
            22.889570440717765
          ],
          [
            113.48137338106956,
            22.889445945319412
          ]
        ]
      }
    },
    {
      "type": "Feature",
      "id": "local/global-nav/edge_329_campus_outdoor_9b7a82a3f2_campus_outdoor_b89b6cfec1",
      "properties": {
        "featureClass": "road",
        "highway": "footway",
        "osmId": "local/global-nav/edge_329_campus_outdoor_9b7a82a3f2_campus_outdoor_b89b6cfec1",
        "osmNodeIds": [
          "local-nav/campus_outdoor_9b7a82a3f2",
          "local-nav/campus_outdoor_b89b6cfec1"
        ],
        "localEdgeId": "edge_329_campus_outdoor_9b7a82a3f2_campus_outdoor_b89b6cfec1",
        "localEdgeType": "walk",
        "source": "global-nav-0408-gcj2wgs84",
        "verificationStatus": "from-navigation-graph-unverified"
      },
      "geometry": {
        "type": "LineString",
        "coordinates": [
          [
            113.48137338106956,
            22.889445945319412
          ],
          [
            113.48147468369794,
            22.889391762448213
          ]
        ]
      }
    },
    {
      "type": "Feature",
      "id": "local/global-nav/edge_330_campus_outdoor_9b7a82a3f2_campus_outdoor_ddd887ae36",
      "properties": {
        "featureClass": "road",
        "highway": "footway",
        "osmId": "local/global-nav/edge_330_campus_outdoor_9b7a82a3f2_campus_outdoor_ddd887ae36",
        "osmNodeIds": [
          "local-nav/campus_outdoor_9b7a82a3f2",
          "local-nav/campus_outdoor_ddd887ae36"
        ],
        "localEdgeId": "edge_330_campus_outdoor_9b7a82a3f2_campus_outdoor_ddd887ae36",
        "localEdgeType": "walk",
        "source": "global-nav-0408-gcj2wgs84",
        "verificationStatus": "from-navigation-graph-unverified"
      },
      "geometry": {
        "type": "LineString",
        "coordinates": [
          [
            113.48137338106956,
            22.889445945319412
          ],
          [
            113.48104850781361,
            22.889570440717765
          ]
        ]
      }
    },
    {
      "type": "Feature",
      "id": "local/global-nav/edge_331_campus_outdoor_b89b6cfec1_campus_outdoor_9b7a82a3f2",
      "properties": {
        "featureClass": "road",
        "highway": "footway",
        "osmId": "local/global-nav/edge_331_campus_outdoor_b89b6cfec1_campus_outdoor_9b7a82a3f2",
        "osmNodeIds": [
          "local-nav/campus_outdoor_b89b6cfec1",
          "local-nav/campus_outdoor_9b7a82a3f2"
        ],
        "localEdgeId": "edge_331_campus_outdoor_b89b6cfec1_campus_outdoor_9b7a82a3f2",
        "localEdgeType": "walk",
        "source": "global-nav-0408-gcj2wgs84",
        "verificationStatus": "from-navigation-graph-unverified"
      },
      "geometry": {
        "type": "LineString",
        "coordinates": [
          [
            113.48147468369794,
            22.889391762448213
          ],
          [
            113.48137338106956,
            22.889445945319412
          ]
        ]
      }
    },
    {
      "type": "Feature",
      "id": "local/global-nav/edge_332_campus_outdoor_b89b6cfec1_campus_outdoor_a86b70f32e",
      "properties": {
        "featureClass": "road",
        "highway": "footway",
        "osmId": "local/global-nav/edge_332_campus_outdoor_b89b6cfec1_campus_outdoor_a86b70f32e",
        "osmNodeIds": [
          "local-nav/campus_outdoor_b89b6cfec1",
          "local-nav/campus_outdoor_a86b70f32e"
        ],
        "localEdgeId": "edge_332_campus_outdoor_b89b6cfec1_campus_outdoor_a86b70f32e",
        "localEdgeType": "walk",
        "source": "global-nav-0408-gcj2wgs84",
        "verificationStatus": "from-navigation-graph-unverified"
      },
      "geometry": {
        "type": "LineString",
        "coordinates": [
          [
            113.48147468369794,
            22.889391762448213
          ],
          [
            113.48154455157486,
            22.88935439376746
          ]
        ]
      }
    },
    {
      "type": "Feature",
      "id": "local/global-nav/edge_333_campus_outdoor_a86b70f32e_campus_outdoor_1781213f6c",
      "properties": {
        "featureClass": "road",
        "highway": "footway",
        "osmId": "local/global-nav/edge_333_campus_outdoor_a86b70f32e_campus_outdoor_1781213f6c",
        "osmNodeIds": [
          "local-nav/campus_outdoor_a86b70f32e",
          "local-nav/campus_outdoor_1781213f6c"
        ],
        "localEdgeId": "edge_333_campus_outdoor_a86b70f32e_campus_outdoor_1781213f6c",
        "localEdgeType": "walk",
        "source": "global-nav-0408-gcj2wgs84",
        "verificationStatus": "from-navigation-graph-unverified"
      },
      "geometry": {
        "type": "LineString",
        "coordinates": [
          [
            113.48154455157486,
            22.88935439376746
          ],
          [
            113.4817767136131,
            22.889214565014086
          ]
        ]
      }
    },
    {
      "type": "Feature",
      "id": "local/global-nav/edge_334_campus_outdoor_a86b70f32e_campus_outdoor_b89b6cfec1",
      "properties": {
        "featureClass": "road",
        "highway": "footway",
        "osmId": "local/global-nav/edge_334_campus_outdoor_a86b70f32e_campus_outdoor_b89b6cfec1",
        "osmNodeIds": [
          "local-nav/campus_outdoor_a86b70f32e",
          "local-nav/campus_outdoor_b89b6cfec1"
        ],
        "localEdgeId": "edge_334_campus_outdoor_a86b70f32e_campus_outdoor_b89b6cfec1",
        "localEdgeType": "walk",
        "source": "global-nav-0408-gcj2wgs84",
        "verificationStatus": "from-navigation-graph-unverified"
      },
      "geometry": {
        "type": "LineString",
        "coordinates": [
          [
            113.48154455157486,
            22.88935439376746
          ],
          [
            113.48147468369794,
            22.889391762448213
          ]
        ]
      }
    },
    {
      "type": "Feature",
      "id": "local/global-nav/edge_335_campus_outdoor_1781213f6c_campus_outdoor_a86b70f32e",
      "properties": {
        "featureClass": "road",
        "highway": "footway",
        "osmId": "local/global-nav/edge_335_campus_outdoor_1781213f6c_campus_outdoor_a86b70f32e",
        "osmNodeIds": [
          "local-nav/campus_outdoor_1781213f6c",
          "local-nav/campus_outdoor_a86b70f32e"
        ],
        "localEdgeId": "edge_335_campus_outdoor_1781213f6c_campus_outdoor_a86b70f32e",
        "localEdgeType": "walk",
        "source": "global-nav-0408-gcj2wgs84",
        "verificationStatus": "from-navigation-graph-unverified"
      },
      "geometry": {
        "type": "LineString",
        "coordinates": [
          [
            113.4817767136131,
            22.889214565014086
          ],
          [
            113.48154455157486,
            22.88935439376746
          ]
        ]
      }
    },
    {
      "type": "Feature",
      "id": "local/global-nav/edge_336_campus_outdoor_1781213f6c_campus_outdoor_b42ff71d9c",
      "properties": {
        "featureClass": "road",
        "highway": "footway",
        "osmId": "local/global-nav/edge_336_campus_outdoor_1781213f6c_campus_outdoor_b42ff71d9c",
        "osmNodeIds": [
          "local-nav/campus_outdoor_1781213f6c",
          "local-nav/campus_outdoor_b42ff71d9c"
        ],
        "localEdgeId": "edge_336_campus_outdoor_1781213f6c_campus_outdoor_b42ff71d9c",
        "localEdgeType": "walk",
        "source": "global-nav-0408-gcj2wgs84",
        "verificationStatus": "from-navigation-graph-unverified"
      },
      "geometry": {
        "type": "LineString",
        "coordinates": [
          [
            113.4817767136131,
            22.889214565014086
          ],
          [
            113.48205998928708,
            22.889016636387776
          ]
        ]
      }
    },
    {
      "type": "Feature",
      "id": "local/global-nav/edge_337_campus_outdoor_b42ff71d9c_campus_outdoor_1781213f6c",
      "properties": {
        "featureClass": "road",
        "highway": "footway",
        "osmId": "local/global-nav/edge_337_campus_outdoor_b42ff71d9c_campus_outdoor_1781213f6c",
        "osmNodeIds": [
          "local-nav/campus_outdoor_b42ff71d9c",
          "local-nav/campus_outdoor_1781213f6c"
        ],
        "localEdgeId": "edge_337_campus_outdoor_b42ff71d9c_campus_outdoor_1781213f6c",
        "localEdgeType": "walk",
        "source": "global-nav-0408-gcj2wgs84",
        "verificationStatus": "from-navigation-graph-unverified"
      },
      "geometry": {
        "type": "LineString",
        "coordinates": [
          [
            113.48205998928708,
            22.889016636387776
          ],
          [
            113.4817767136131,
            22.889214565014086
          ]
        ]
      }
    },
    {
      "type": "Feature",
      "id": "local/global-nav/edge_338_campus_outdoor_b42ff71d9c_campus_outdoor_1aa1563bfa",
      "properties": {
        "featureClass": "road",
        "highway": "footway",
        "osmId": "local/global-nav/edge_338_campus_outdoor_b42ff71d9c_campus_outdoor_1aa1563bfa",
        "osmNodeIds": [
          "local-nav/campus_outdoor_b42ff71d9c",
          "local-nav/campus_outdoor_1aa1563bfa"
        ],
        "localEdgeId": "edge_338_campus_outdoor_b42ff71d9c_campus_outdoor_1aa1563bfa",
        "localEdgeType": "walk",
        "source": "global-nav-0408-gcj2wgs84",
        "verificationStatus": "from-navigation-graph-unverified"
      },
      "geometry": {
        "type": "LineString",
        "coordinates": [
          [
            113.48205998928708,
            22.889016636387776
          ],
          [
            113.48250553648731,
            22.88863010499634
          ]
        ]
      }
    },
    {
      "type": "Feature",
      "id": "local/global-nav/edge_339_campus_outdoor_6f443244d6_campus_outdoor_4903c6b5e0",
      "properties": {
        "featureClass": "road",
        "highway": "footway",
        "osmId": "local/global-nav/edge_339_campus_outdoor_6f443244d6_campus_outdoor_4903c6b5e0",
        "osmNodeIds": [
          "local-nav/campus_outdoor_6f443244d6",
          10057722423
        ],
        "localEdgeId": "edge_339_campus_outdoor_6f443244d6_campus_outdoor_4903c6b5e0",
        "localEdgeType": "walk",
        "source": "global-nav-0408-gcj2wgs84",
        "verificationStatus": "from-navigation-graph-unverified"
      },
      "geometry": {
        "type": "LineString",
        "coordinates": [
          [
            113.48170389630125,
            22.88719832278902
          ],
          [
            113.48191562324766,
            22.887119977033525
          ]
        ]
      }
    },
    {
      "type": "Feature",
      "id": "local/global-nav/edge_340_campus_outdoor_6f443244d6_campus_outdoor_d3e2950a46",
      "properties": {
        "featureClass": "road",
        "highway": "footway",
        "osmId": "local/global-nav/edge_340_campus_outdoor_6f443244d6_campus_outdoor_d3e2950a46",
        "osmNodeIds": [
          "local-nav/campus_outdoor_6f443244d6",
          "local-nav/campus_outdoor_d3e2950a46"
        ],
        "localEdgeId": "edge_340_campus_outdoor_6f443244d6_campus_outdoor_d3e2950a46",
        "localEdgeType": "walk",
        "source": "global-nav-0408-gcj2wgs84",
        "verificationStatus": "from-navigation-graph-unverified"
      },
      "geometry": {
        "type": "LineString",
        "coordinates": [
          [
            113.48170389630125,
            22.88719832278902
          ],
          [
            113.4811931489978,
            22.887328770131948
          ]
        ]
      }
    },
    {
      "type": "Feature",
      "id": "local/global-nav/edge_341_campus_outdoor_4903c6b5e0_campus_outdoor_6f443244d6",
      "properties": {
        "featureClass": "road",
        "highway": "footway",
        "osmId": "local/global-nav/edge_341_campus_outdoor_4903c6b5e0_campus_outdoor_6f443244d6",
        "osmNodeIds": [
          10057722423,
          "local-nav/campus_outdoor_6f443244d6"
        ],
        "localEdgeId": "edge_341_campus_outdoor_4903c6b5e0_campus_outdoor_6f443244d6",
        "localEdgeType": "walk",
        "source": "global-nav-0408-gcj2wgs84",
        "verificationStatus": "from-navigation-graph-unverified"
      },
      "geometry": {
        "type": "LineString",
        "coordinates": [
          [
            113.48191562324766,
            22.887119977033525
          ],
          [
            113.48170389630125,
            22.88719832278902
          ]
        ]
      }
    },
    {
      "type": "Feature",
      "id": "local/global-nav/edge_342_campus_outdoor_4903c6b5e0_campus_outdoor_7f582803ff",
      "properties": {
        "featureClass": "road",
        "highway": "footway",
        "osmId": "local/global-nav/edge_342_campus_outdoor_4903c6b5e0_campus_outdoor_7f582803ff",
        "osmNodeIds": [
          10057722423,
          10740248634
        ],
        "localEdgeId": "edge_342_campus_outdoor_4903c6b5e0_campus_outdoor_7f582803ff",
        "localEdgeType": "walk",
        "source": "global-nav-0408-gcj2wgs84",
        "verificationStatus": "from-navigation-graph-unverified"
      },
      "geometry": {
        "type": "LineString",
        "coordinates": [
          [
            113.48191562324766,
            22.887119977033525
          ],
          [
            113.48205308757974,
            22.88718835398115
          ]
        ]
      }
    },
    {
      "type": "Feature",
      "id": "local/global-nav/edge_343_campus_outdoor_6d4bdea8fc_campus_outdoor_3ffeb1a368",
      "properties": {
        "featureClass": "road",
        "highway": "footway",
        "osmId": "local/global-nav/edge_343_campus_outdoor_6d4bdea8fc_campus_outdoor_3ffeb1a368",
        "osmNodeIds": [
          "local-nav/campus_outdoor_6d4bdea8fc",
          "local-nav/campus_outdoor_3ffeb1a368"
        ],
        "localEdgeId": "edge_343_campus_outdoor_6d4bdea8fc_campus_outdoor_3ffeb1a368",
        "localEdgeType": "walk",
        "source": "global-nav-0408-gcj2wgs84",
        "verificationStatus": "from-navigation-graph-unverified"
      },
      "geometry": {
        "type": "LineString",
        "coordinates": [
          [
            113.47953246519641,
            22.88816057758587
          ],
          [
            113.4793147571391,
            22.887758105723552
          ]
        ]
      }
    },
    {
      "type": "Feature",
      "id": "local/global-nav/edge_344_campus_outdoor_6d4bdea8fc_campus_outdoor_6c797fd753",
      "properties": {
        "featureClass": "road",
        "highway": "footway",
        "osmId": "local/global-nav/edge_344_campus_outdoor_6d4bdea8fc_campus_outdoor_6c797fd753",
        "osmNodeIds": [
          "local-nav/campus_outdoor_6d4bdea8fc",
          "local-nav/campus_outdoor_6c797fd753"
        ],
        "localEdgeId": "edge_344_campus_outdoor_6d4bdea8fc_campus_outdoor_6c797fd753",
        "localEdgeType": "walk",
        "source": "global-nav-0408-gcj2wgs84",
        "verificationStatus": "from-navigation-graph-unverified"
      },
      "geometry": {
        "type": "LineString",
        "coordinates": [
          [
            113.47953246519641,
            22.88816057758587
          ],
          [
            113.4796679277999,
            22.888086002642474
          ]
        ]
      }
    },
    {
      "type": "Feature",
      "id": "local/global-nav/edge_345_campus_outdoor_6d4bdea8fc_campus_outdoor_f201a4cf87",
      "properties": {
        "featureClass": "road",
        "highway": "footway",
        "osmId": "local/global-nav/edge_345_campus_outdoor_6d4bdea8fc_campus_outdoor_f201a4cf87",
        "osmNodeIds": [
          "local-nav/campus_outdoor_6d4bdea8fc",
          "local-nav/campus_outdoor_f201a4cf87"
        ],
        "localEdgeId": "edge_345_campus_outdoor_6d4bdea8fc_campus_outdoor_f201a4cf87",
        "localEdgeType": "walk",
        "source": "global-nav-0408-gcj2wgs84",
        "verificationStatus": "from-navigation-graph-unverified"
      },
      "geometry": {
        "type": "LineString",
        "coordinates": [
          [
            113.47953246519641,
            22.88816057758587
          ],
          [
            113.4793538563233,
            22.88824902147715
          ]
        ]
      }
    },
    {
      "type": "Feature",
      "id": "local/global-nav/edge_346_campus_outdoor_4cc4a8e06c_campus_outdoor_8843b8719e",
      "properties": {
        "featureClass": "road",
        "highway": "footway",
        "osmId": "local/global-nav/edge_346_campus_outdoor_4cc4a8e06c_campus_outdoor_8843b8719e",
        "osmNodeIds": [
          "local-nav/campus_outdoor_4cc4a8e06c",
          "local-nav/campus_outdoor_8843b8719e"
        ],
        "localEdgeId": "edge_346_campus_outdoor_4cc4a8e06c_campus_outdoor_8843b8719e",
        "localEdgeType": "walk",
        "source": "global-nav-0408-gcj2wgs84",
        "verificationStatus": "from-navigation-graph-unverified"
      },
      "geometry": {
        "type": "LineString",
        "coordinates": [
          [
            113.48063884370897,
            22.893662581964804
          ],
          [
            113.48077330553953,
            22.893581008900323
          ]
        ]
      }
    },
    {
      "type": "Feature",
      "id": "local/global-nav/edge_347_campus_outdoor_4cc4a8e06c_campus_outdoor_e0c9cdce2e",
      "properties": {
        "featureClass": "road",
        "highway": "footway",
        "osmId": "local/global-nav/edge_347_campus_outdoor_4cc4a8e06c_campus_outdoor_e0c9cdce2e",
        "osmNodeIds": [
          "local-nav/campus_outdoor_4cc4a8e06c",
          "local-nav/campus_outdoor_e0c9cdce2e"
        ],
        "localEdgeId": "edge_347_campus_outdoor_4cc4a8e06c_campus_outdoor_e0c9cdce2e",
        "localEdgeType": "walk",
        "source": "global-nav-0408-gcj2wgs84",
        "verificationStatus": "from-navigation-graph-unverified"
      },
      "geometry": {
        "type": "LineString",
        "coordinates": [
          [
            113.48063884370897,
            22.893662581964804
          ],
          [
            113.48053348248735,
            22.893719250515776
          ]
        ]
      }
    },
    {
      "type": "Feature",
      "id": "local/global-nav/edge_348_campus_outdoor_e0c9cdce2e_campus_outdoor_4cc4a8e06c",
      "properties": {
        "featureClass": "road",
        "highway": "footway",
        "osmId": "local/global-nav/edge_348_campus_outdoor_e0c9cdce2e_campus_outdoor_4cc4a8e06c",
        "osmNodeIds": [
          "local-nav/campus_outdoor_e0c9cdce2e",
          "local-nav/campus_outdoor_4cc4a8e06c"
        ],
        "localEdgeId": "edge_348_campus_outdoor_e0c9cdce2e_campus_outdoor_4cc4a8e06c",
        "localEdgeType": "walk",
        "source": "global-nav-0408-gcj2wgs84",
        "verificationStatus": "from-navigation-graph-unverified"
      },
      "geometry": {
        "type": "LineString",
        "coordinates": [
          [
            113.48053348248735,
            22.893719250515776
          ],
          [
            113.48063884370897,
            22.893662581964804
          ]
        ]
      }
    },
    {
      "type": "Feature",
      "id": "local/global-nav/edge_349_campus_outdoor_e0c9cdce2e_campus_outdoor_4eb1675b85",
      "properties": {
        "featureClass": "road",
        "highway": "footway",
        "osmId": "local/global-nav/edge_349_campus_outdoor_e0c9cdce2e_campus_outdoor_4eb1675b85",
        "osmNodeIds": [
          "local-nav/campus_outdoor_e0c9cdce2e",
          "local-nav/campus_outdoor_4eb1675b85"
        ],
        "localEdgeId": "edge_349_campus_outdoor_e0c9cdce2e_campus_outdoor_4eb1675b85",
        "localEdgeType": "walk",
        "source": "global-nav-0408-gcj2wgs84",
        "verificationStatus": "from-navigation-graph-unverified"
      },
      "geometry": {
        "type": "LineString",
        "coordinates": [
          [
            113.48053348248735,
            22.893719250515776
          ],
          [
            113.48045320780498,
            22.8937560006802
          ]
        ]
      }
    },
    {
      "type": "Feature",
      "id": "local/global-nav/edge_350_campus_outdoor_4eb1675b85_campus_outdoor_ceefe5f816",
      "properties": {
        "featureClass": "road",
        "highway": "footway",
        "osmId": "local/global-nav/edge_350_campus_outdoor_4eb1675b85_campus_outdoor_ceefe5f816",
        "osmNodeIds": [
          "local-nav/campus_outdoor_4eb1675b85",
          "local-nav/campus_outdoor_ceefe5f816"
        ],
        "localEdgeId": "edge_350_campus_outdoor_4eb1675b85_campus_outdoor_ceefe5f816",
        "localEdgeType": "walk",
        "source": "global-nav-0408-gcj2wgs84",
        "verificationStatus": "from-navigation-graph-unverified"
      },
      "geometry": {
        "type": "LineString",
        "coordinates": [
          [
            113.48045320780498,
            22.8937560006802
          ],
          [
            113.48037394116317,
            22.89372478147802
          ]
        ]
      }
    },
    {
      "type": "Feature",
      "id": "local/global-nav/edge_351_campus_outdoor_4eb1675b85_campus_outdoor_e0c9cdce2e",
      "properties": {
        "featureClass": "road",
        "highway": "footway",
        "osmId": "local/global-nav/edge_351_campus_outdoor_4eb1675b85_campus_outdoor_e0c9cdce2e",
        "osmNodeIds": [
          "local-nav/campus_outdoor_4eb1675b85",
          "local-nav/campus_outdoor_e0c9cdce2e"
        ],
        "localEdgeId": "edge_351_campus_outdoor_4eb1675b85_campus_outdoor_e0c9cdce2e",
        "localEdgeType": "walk",
        "source": "global-nav-0408-gcj2wgs84",
        "verificationStatus": "from-navigation-graph-unverified"
      },
      "geometry": {
        "type": "LineString",
        "coordinates": [
          [
            113.48045320780498,
            22.8937560006802
          ],
          [
            113.48053348248735,
            22.893719250515776
          ]
        ]
      }
    },
    {
      "type": "Feature",
      "id": "local/global-nav/edge_352_campus_outdoor_ceefe5f816_campus_outdoor_4eb1675b85",
      "properties": {
        "featureClass": "road",
        "highway": "footway",
        "osmId": "local/global-nav/edge_352_campus_outdoor_ceefe5f816_campus_outdoor_4eb1675b85",
        "osmNodeIds": [
          "local-nav/campus_outdoor_ceefe5f816",
          "local-nav/campus_outdoor_4eb1675b85"
        ],
        "localEdgeId": "edge_352_campus_outdoor_ceefe5f816_campus_outdoor_4eb1675b85",
        "localEdgeType": "walk",
        "source": "global-nav-0408-gcj2wgs84",
        "verificationStatus": "from-navigation-graph-unverified"
      },
      "geometry": {
        "type": "LineString",
        "coordinates": [
          [
            113.48037394116317,
            22.89372478147802
          ],
          [
            113.48045320780498,
            22.8937560006802
          ]
        ]
      }
    },
    {
      "type": "Feature",
      "id": "local/global-nav/edge_353_campus_outdoor_ceefe5f816_campus_outdoor_56e8539fd3",
      "properties": {
        "featureClass": "road",
        "highway": "footway",
        "osmId": "local/global-nav/edge_353_campus_outdoor_ceefe5f816_campus_outdoor_56e8539fd3",
        "osmNodeIds": [
          "local-nav/campus_outdoor_ceefe5f816",
          "local-nav/campus_outdoor_56e8539fd3"
        ],
        "localEdgeId": "edge_353_campus_outdoor_ceefe5f816_campus_outdoor_56e8539fd3",
        "localEdgeType": "walk",
        "source": "global-nav-0408-gcj2wgs84",
        "verificationStatus": "from-navigation-graph-unverified"
      },
      "geometry": {
        "type": "LineString",
        "coordinates": [
          [
            113.48037394116317,
            22.89372478147802
          ],
          [
            113.48023950169363,
            22.893483486364286
          ]
        ]
      }
    },
    {
      "type": "Feature",
      "id": "local/global-nav/edge_354_campus_outdoor_9c8448e438_campus_outdoor_3c280cd93b",
      "properties": {
        "featureClass": "road",
        "highway": "footway",
        "osmId": "local/global-nav/edge_354_campus_outdoor_9c8448e438_campus_outdoor_3c280cd93b",
        "osmNodeIds": [
          "local-nav/campus_outdoor_9c8448e438",
          "local-nav/campus_outdoor_3c280cd93b"
        ],
        "localEdgeId": "edge_354_campus_outdoor_9c8448e438_campus_outdoor_3c280cd93b",
        "localEdgeType": "walk",
        "source": "global-nav-0408-gcj2wgs84",
        "verificationStatus": "from-navigation-graph-unverified"
      },
      "geometry": {
        "type": "LineString",
        "coordinates": [
          [
            113.48025757190915,
            22.89334859396672
          ],
          [
            113.48025957462676,
            22.89340957506034
          ]
        ]
      }
    },
    {
      "type": "Feature",
      "id": "local/global-nav/edge_355_campus_outdoor_9c8448e438_campus_outdoor_cca3fab72f",
      "properties": {
        "featureClass": "road",
        "highway": "footway",
        "osmId": "local/global-nav/edge_355_campus_outdoor_9c8448e438_campus_outdoor_cca3fab72f",
        "osmNodeIds": [
          "local-nav/campus_outdoor_9c8448e438",
          "local-nav/campus_outdoor_cca3fab72f"
        ],
        "localEdgeId": "edge_355_campus_outdoor_9c8448e438_campus_outdoor_cca3fab72f",
        "localEdgeType": "walk",
        "source": "global-nav-0408-gcj2wgs84",
        "verificationStatus": "from-navigation-graph-unverified"
      },
      "geometry": {
        "type": "LineString",
        "coordinates": [
          [
            113.48025757190915,
            22.89334859396672
          ],
          [
            113.48011409974755,
            22.893142258412517
          ]
        ]
      }
    },
    {
      "type": "Feature",
      "id": "local/global-nav/edge_356_campus_outdoor_429e700b66_campus_outdoor_e7d2f8da18",
      "properties": {
        "featureClass": "road",
        "highway": "footway",
        "osmId": "local/global-nav/edge_356_campus_outdoor_429e700b66_campus_outdoor_e7d2f8da18",
        "osmNodeIds": [
          "local-nav/campus_outdoor_429e700b66",
          "local-nav/campus_outdoor_e7d2f8da18"
        ],
        "localEdgeId": "edge_356_campus_outdoor_429e700b66_campus_outdoor_e7d2f8da18",
        "localEdgeType": "walk",
        "source": "global-nav-0408-gcj2wgs84",
        "verificationStatus": "from-navigation-graph-unverified"
      },
      "geometry": {
        "type": "LineString",
        "coordinates": [
          [
            113.47978294160171,
            22.893707062128453
          ],
          [
            113.47985418597611,
            22.893655291068782
          ]
        ]
      }
    },
    {
      "type": "Feature",
      "id": "local/global-nav/edge_357_campus_outdoor_429e700b66_campus_outdoor_f9cb94c07c",
      "properties": {
        "featureClass": "road",
        "highway": "footway",
        "osmId": "local/global-nav/edge_357_campus_outdoor_429e700b66_campus_outdoor_f9cb94c07c",
        "osmNodeIds": [
          "local-nav/campus_outdoor_429e700b66",
          "local-nav/campus_outdoor_f9cb94c07c"
        ],
        "localEdgeId": "edge_357_campus_outdoor_429e700b66_campus_outdoor_f9cb94c07c",
        "localEdgeType": "walk",
        "source": "global-nav-0408-gcj2wgs84",
        "verificationStatus": "from-navigation-graph-unverified"
      },
      "geometry": {
        "type": "LineString",
        "coordinates": [
          [
            113.47978294160171,
            22.893707062128453
          ],
          [
            113.47976588032036,
            22.893760990441567
          ]
        ]
      }
    },
    {
      "type": "Feature",
      "id": "local/global-nav/edge_358_campus_outdoor_f9cb94c07c_campus_outdoor_429e700b66",
      "properties": {
        "featureClass": "road",
        "highway": "footway",
        "osmId": "local/global-nav/edge_358_campus_outdoor_f9cb94c07c_campus_outdoor_429e700b66",
        "osmNodeIds": [
          "local-nav/campus_outdoor_f9cb94c07c",
          "local-nav/campus_outdoor_429e700b66"
        ],
        "localEdgeId": "edge_358_campus_outdoor_f9cb94c07c_campus_outdoor_429e700b66",
        "localEdgeType": "walk",
        "source": "global-nav-0408-gcj2wgs84",
        "verificationStatus": "from-navigation-graph-unverified"
      },
      "geometry": {
        "type": "LineString",
        "coordinates": [
          [
            113.47976588032036,
            22.893760990441567
          ],
          [
            113.47978294160171,
            22.893707062128453
          ]
        ]
      }
    },
    {
      "type": "Feature",
      "id": "local/global-nav/edge_359_campus_outdoor_f9cb94c07c_campus_outdoor_7dd8a280f6",
      "properties": {
        "featureClass": "road",
        "highway": "footway",
        "osmId": "local/global-nav/edge_359_campus_outdoor_f9cb94c07c_campus_outdoor_7dd8a280f6",
        "osmNodeIds": [
          "local-nav/campus_outdoor_f9cb94c07c",
          "local-nav/campus_outdoor_7dd8a280f6"
        ],
        "localEdgeId": "edge_359_campus_outdoor_f9cb94c07c_campus_outdoor_7dd8a280f6",
        "localEdgeType": "walk",
        "source": "global-nav-0408-gcj2wgs84",
        "verificationStatus": "from-navigation-graph-unverified"
      },
      "geometry": {
        "type": "LineString",
        "coordinates": [
          [
            113.47976588032036,
            22.893760990441567
          ],
          [
            113.47971570765503,
            22.893806825451016
          ]
        ]
      }
    },
    {
      "type": "Feature",
      "id": "local/global-nav/edge_360_campus_outdoor_153a892750_campus_outdoor_0c8a3f4bef",
      "properties": {
        "featureClass": "road",
        "highway": "footway",
        "osmId": "local/global-nav/edge_360_campus_outdoor_153a892750_campus_outdoor_0c8a3f4bef",
        "osmNodeIds": [
          "local-nav/campus_outdoor_153a892750",
          "local-nav/campus_outdoor_0c8a3f4bef"
        ],
        "localEdgeId": "edge_360_campus_outdoor_153a892750_campus_outdoor_0c8a3f4bef",
        "localEdgeType": "walk",
        "source": "global-nav-0408-gcj2wgs84",
        "verificationStatus": "from-navigation-graph-unverified"
      },
      "geometry": {
        "type": "LineString",
        "coordinates": [
          [
            113.47732494167941,
            22.889744534737005
          ],
          [
            113.47724568430223,
            22.889632351440603
          ]
        ]
      }
    },
    {
      "type": "Feature",
      "id": "local/global-nav/edge_361_campus_outdoor_153a892750_campus_outdoor_423d2895d2",
      "properties": {
        "featureClass": "road",
        "highway": "footway",
        "osmId": "local/global-nav/edge_361_campus_outdoor_153a892750_campus_outdoor_423d2895d2",
        "osmNodeIds": [
          "local-nav/campus_outdoor_153a892750",
          "local-nav/campus_outdoor_423d2895d2"
        ],
        "localEdgeId": "edge_361_campus_outdoor_153a892750_campus_outdoor_423d2895d2",
        "localEdgeType": "walk",
        "source": "global-nav-0408-gcj2wgs84",
        "verificationStatus": "from-navigation-graph-unverified"
      },
      "geometry": {
        "type": "LineString",
        "coordinates": [
          [
            113.47732494167941,
            22.889744534737005
          ],
          [
            113.47731389226985,
            22.889931427269715
          ]
        ]
      }
    },
    {
      "type": "Feature",
      "id": "local/global-nav/edge_362_campus_outdoor_423d2895d2_campus_outdoor_153a892750",
      "properties": {
        "featureClass": "road",
        "highway": "footway",
        "osmId": "local/global-nav/edge_362_campus_outdoor_423d2895d2_campus_outdoor_153a892750",
        "osmNodeIds": [
          "local-nav/campus_outdoor_423d2895d2",
          "local-nav/campus_outdoor_153a892750"
        ],
        "localEdgeId": "edge_362_campus_outdoor_423d2895d2_campus_outdoor_153a892750",
        "localEdgeType": "walk",
        "source": "global-nav-0408-gcj2wgs84",
        "verificationStatus": "from-navigation-graph-unverified"
      },
      "geometry": {
        "type": "LineString",
        "coordinates": [
          [
            113.47731389226985,
            22.889931427269715
          ],
          [
            113.47732494167941,
            22.889744534737005
          ]
        ]
      }
    },
    {
      "type": "Feature",
      "id": "local/global-nav/edge_363_campus_outdoor_423d2895d2_campus_outdoor_ec9ed65e12",
      "properties": {
        "featureClass": "road",
        "highway": "footway",
        "osmId": "local/global-nav/edge_363_campus_outdoor_423d2895d2_campus_outdoor_ec9ed65e12",
        "osmNodeIds": [
          "local-nav/campus_outdoor_423d2895d2",
          "local-nav/campus_outdoor_ec9ed65e12"
        ],
        "localEdgeId": "edge_363_campus_outdoor_423d2895d2_campus_outdoor_ec9ed65e12",
        "localEdgeType": "walk",
        "source": "global-nav-0408-gcj2wgs84",
        "verificationStatus": "from-navigation-graph-unverified"
      },
      "geometry": {
        "type": "LineString",
        "coordinates": [
          [
            113.47731389226985,
            22.889931427269715
          ],
          [
            113.47725869741454,
            22.89008720501804
          ]
        ]
      }
    },
    {
      "type": "Feature",
      "id": "local/global-nav/edge_364_campus_outdoor_ec9ed65e12_campus_outdoor_245698ede0",
      "properties": {
        "featureClass": "road",
        "highway": "footway",
        "osmId": "local/global-nav/edge_364_campus_outdoor_ec9ed65e12_campus_outdoor_245698ede0",
        "osmNodeIds": [
          "local-nav/campus_outdoor_ec9ed65e12",
          "local-nav/campus_outdoor_245698ede0"
        ],
        "localEdgeId": "edge_364_campus_outdoor_ec9ed65e12_campus_outdoor_245698ede0",
        "localEdgeType": "walk",
        "source": "global-nav-0408-gcj2wgs84",
        "verificationStatus": "from-navigation-graph-unverified"
      },
      "geometry": {
        "type": "LineString",
        "coordinates": [
          [
            113.47725869741454,
            22.89008720501804
          ],
          [
            113.47722557996322,
            22.890189068283576
          ]
        ]
      }
    },
    {
      "type": "Feature",
      "id": "local/global-nav/edge_365_campus_outdoor_ec9ed65e12_campus_outdoor_423d2895d2",
      "properties": {
        "featureClass": "road",
        "highway": "footway",
        "osmId": "local/global-nav/edge_365_campus_outdoor_ec9ed65e12_campus_outdoor_423d2895d2",
        "osmNodeIds": [
          "local-nav/campus_outdoor_ec9ed65e12",
          "local-nav/campus_outdoor_423d2895d2"
        ],
        "localEdgeId": "edge_365_campus_outdoor_ec9ed65e12_campus_outdoor_423d2895d2",
        "localEdgeType": "walk",
        "source": "global-nav-0408-gcj2wgs84",
        "verificationStatus": "from-navigation-graph-unverified"
      },
      "geometry": {
        "type": "LineString",
        "coordinates": [
          [
            113.47725869741454,
            22.89008720501804
          ],
          [
            113.47731389226985,
            22.889931427269715
          ]
        ]
      }
    },
    {
      "type": "Feature",
      "id": "local/global-nav/edge_366_campus_outdoor_da3ab78dac_campus_outdoor_1c335c610b",
      "properties": {
        "featureClass": "road",
        "highway": "footway",
        "osmId": "local/global-nav/edge_366_campus_outdoor_da3ab78dac_campus_outdoor_1c335c610b",
        "osmNodeIds": [
          "local-nav/campus_outdoor_da3ab78dac",
          "local-nav/campus_outdoor_1c335c610b"
        ],
        "localEdgeId": "edge_366_campus_outdoor_da3ab78dac_campus_outdoor_1c335c610b",
        "localEdgeType": "walk",
        "source": "global-nav-0408-gcj2wgs84",
        "verificationStatus": "from-navigation-graph-unverified"
      },
      "geometry": {
        "type": "LineString",
        "coordinates": [
          [
            113.4769014750238,
            22.89053399467848
          ],
          [
            113.47683826216078,
            22.890564800215195
          ]
        ]
      }
    },
    {
      "type": "Feature",
      "id": "local/global-nav/edge_367_campus_outdoor_da3ab78dac_campus_outdoor_6164a07538",
      "properties": {
        "featureClass": "road",
        "highway": "footway",
        "osmId": "local/global-nav/edge_367_campus_outdoor_da3ab78dac_campus_outdoor_6164a07538",
        "osmNodeIds": [
          "local-nav/campus_outdoor_da3ab78dac",
          "local-nav/campus_outdoor_6164a07538"
        ],
        "localEdgeId": "edge_367_campus_outdoor_da3ab78dac_campus_outdoor_6164a07538",
        "localEdgeType": "walk",
        "source": "global-nav-0408-gcj2wgs84",
        "verificationStatus": "from-navigation-graph-unverified"
      },
      "geometry": {
        "type": "LineString",
        "coordinates": [
          [
            113.4769014750238,
            22.89053399467848
          ],
          [
            113.4770058262864,
            22.890487314133036
          ]
        ]
      }
    },
    {
      "type": "Feature",
      "id": "local/global-nav/edge_368_campus_outdoor_1c335c610b_campus_outdoor_cafc429709",
      "properties": {
        "featureClass": "road",
        "highway": "footway",
        "osmId": "local/global-nav/edge_368_campus_outdoor_1c335c610b_campus_outdoor_cafc429709",
        "osmNodeIds": [
          "local-nav/campus_outdoor_1c335c610b",
          "local-nav/campus_outdoor_cafc429709"
        ],
        "localEdgeId": "edge_368_campus_outdoor_1c335c610b_campus_outdoor_cafc429709",
        "localEdgeType": "walk",
        "source": "global-nav-0408-gcj2wgs84",
        "verificationStatus": "from-navigation-graph-unverified"
      },
      "geometry": {
        "type": "LineString",
        "coordinates": [
          [
            113.47683826216078,
            22.890564800215195
          ],
          [
            113.47661050269328,
            22.890572141988393
          ]
        ]
      }
    },
    {
      "type": "Feature",
      "id": "local/global-nav/edge_369_campus_outdoor_1c335c610b_campus_outdoor_da3ab78dac",
      "properties": {
        "featureClass": "road",
        "highway": "footway",
        "osmId": "local/global-nav/edge_369_campus_outdoor_1c335c610b_campus_outdoor_da3ab78dac",
        "osmNodeIds": [
          "local-nav/campus_outdoor_1c335c610b",
          "local-nav/campus_outdoor_da3ab78dac"
        ],
        "localEdgeId": "edge_369_campus_outdoor_1c335c610b_campus_outdoor_da3ab78dac",
        "localEdgeType": "walk",
        "source": "global-nav-0408-gcj2wgs84",
        "verificationStatus": "from-navigation-graph-unverified"
      },
      "geometry": {
        "type": "LineString",
        "coordinates": [
          [
            113.47683826216078,
            22.890564800215195
          ],
          [
            113.4769014750238,
            22.89053399467848
          ]
        ]
      }
    },
    {
      "type": "Feature",
      "id": "local/global-nav/edge_371_campus_outdoor_1c335c610b_campus_outdoor_f7e75bd485",
      "properties": {
        "featureClass": "road",
        "highway": "footway",
        "osmId": "local/global-nav/edge_371_campus_outdoor_1c335c610b_campus_outdoor_f7e75bd485",
        "osmNodeIds": [
          "local-nav/campus_outdoor_1c335c610b",
          "local-nav/campus_outdoor_f7e75bd485"
        ],
        "localEdgeId": "edge_371_campus_outdoor_1c335c610b_campus_outdoor_f7e75bd485",
        "localEdgeType": "walk",
        "source": "global-nav-0408-gcj2wgs84",
        "verificationStatus": "from-navigation-graph-unverified"
      },
      "geometry": {
        "type": "LineString",
        "coordinates": [
          [
            113.47683826216078,
            22.890564800215195
          ],
          [
            113.47678689283434,
            22.89061862459978
          ]
        ]
      }
    },
    {
      "type": "Feature",
      "id": "local/global-nav/edge_372_campus_outdoor_08d2959e57_campus_outdoor_208c4cb6f7",
      "properties": {
        "featureClass": "road",
        "highway": "footway",
        "osmId": "local/global-nav/edge_372_campus_outdoor_08d2959e57_campus_outdoor_208c4cb6f7",
        "osmNodeIds": [
          "local-nav/campus_outdoor_08d2959e57",
          "local-nav/campus_outdoor_208c4cb6f7"
        ],
        "localEdgeId": "edge_372_campus_outdoor_08d2959e57_campus_outdoor_208c4cb6f7",
        "localEdgeType": "walk",
        "source": "global-nav-0408-gcj2wgs84",
        "verificationStatus": "from-navigation-graph-unverified"
      },
      "geometry": {
        "type": "LineString",
        "coordinates": [
          [
            113.47680239042246,
            22.890777934380612
          ],
          [
            113.47661650365248,
            22.89085704390515
          ]
        ]
      }
    },
    {
      "type": "Feature",
      "id": "local/global-nav/edge_373_campus_outdoor_08d2959e57_campus_outdoor_4622395496",
      "properties": {
        "featureClass": "road",
        "highway": "footway",
        "osmId": "local/global-nav/edge_373_campus_outdoor_08d2959e57_campus_outdoor_4622395496",
        "osmNodeIds": [
          "local-nav/campus_outdoor_08d2959e57",
          "local-nav/campus_outdoor_4622395496"
        ],
        "localEdgeId": "edge_373_campus_outdoor_08d2959e57_campus_outdoor_4622395496",
        "localEdgeType": "walk",
        "source": "global-nav-0408-gcj2wgs84",
        "verificationStatus": "from-navigation-graph-unverified"
      },
      "geometry": {
        "type": "LineString",
        "coordinates": [
          [
            113.47680239042246,
            22.890777934380612
          ],
          [
            113.47683917127586,
            22.890904970451842
          ]
        ]
      }
    },
    {
      "type": "Feature",
      "id": "local/global-nav/edge_374_campus_outdoor_08d2959e57_campus_outdoor_ac9fcb9c4c",
      "properties": {
        "featureClass": "road",
        "highway": "footway",
        "osmId": "local/global-nav/edge_374_campus_outdoor_08d2959e57_campus_outdoor_ac9fcb9c4c",
        "osmNodeIds": [
          "local-nav/campus_outdoor_08d2959e57",
          "local-nav/campus_outdoor_ac9fcb9c4c"
        ],
        "localEdgeId": "edge_374_campus_outdoor_08d2959e57_campus_outdoor_ac9fcb9c4c",
        "localEdgeType": "walk",
        "source": "global-nav-0408-gcj2wgs84",
        "verificationStatus": "from-navigation-graph-unverified"
      },
      "geometry": {
        "type": "LineString",
        "coordinates": [
          [
            113.47680239042246,
            22.890777934380612
          ],
          [
            113.47679691011956,
            22.89073195378331
          ]
        ]
      }
    },
    {
      "type": "Feature",
      "id": "local/global-nav/edge_375_campus_outdoor_4622395496_campus_outdoor_08d2959e57",
      "properties": {
        "featureClass": "road",
        "highway": "footway",
        "osmId": "local/global-nav/edge_375_campus_outdoor_4622395496_campus_outdoor_08d2959e57",
        "osmNodeIds": [
          "local-nav/campus_outdoor_4622395496",
          "local-nav/campus_outdoor_08d2959e57"
        ],
        "localEdgeId": "edge_375_campus_outdoor_4622395496_campus_outdoor_08d2959e57",
        "localEdgeType": "walk",
        "source": "global-nav-0408-gcj2wgs84",
        "verificationStatus": "from-navigation-graph-unverified"
      },
      "geometry": {
        "type": "LineString",
        "coordinates": [
          [
            113.47683917127586,
            22.890904970451842
          ],
          [
            113.47680239042246,
            22.890777934380612
          ]
        ]
      }
    },
    {
      "type": "Feature",
      "id": "local/global-nav/edge_376_campus_outdoor_4622395496_campus_outdoor_302ddb3844",
      "properties": {
        "featureClass": "road",
        "highway": "footway",
        "osmId": "local/global-nav/edge_376_campus_outdoor_4622395496_campus_outdoor_302ddb3844",
        "osmNodeIds": [
          "local-nav/campus_outdoor_4622395496",
          "local-nav/campus_outdoor_302ddb3844"
        ],
        "localEdgeId": "edge_376_campus_outdoor_4622395496_campus_outdoor_302ddb3844",
        "localEdgeType": "walk",
        "source": "global-nav-0408-gcj2wgs84",
        "verificationStatus": "from-navigation-graph-unverified"
      },
      "geometry": {
        "type": "LineString",
        "coordinates": [
          [
            113.47683917127586,
            22.890904970451842
          ],
          [
            113.47685427352464,
            22.890957117274873
          ]
        ]
      }
    },
    {
      "type": "Feature",
      "id": "local/global-nav/edge_377_campus_outdoor_ac9fcb9c4c_campus_outdoor_08d2959e57",
      "properties": {
        "featureClass": "road",
        "highway": "footway",
        "osmId": "local/global-nav/edge_377_campus_outdoor_ac9fcb9c4c_campus_outdoor_08d2959e57",
        "osmNodeIds": [
          "local-nav/campus_outdoor_ac9fcb9c4c",
          "local-nav/campus_outdoor_08d2959e57"
        ],
        "localEdgeId": "edge_377_campus_outdoor_ac9fcb9c4c_campus_outdoor_08d2959e57",
        "localEdgeType": "walk",
        "source": "global-nav-0408-gcj2wgs84",
        "verificationStatus": "from-navigation-graph-unverified"
      },
      "geometry": {
        "type": "LineString",
        "coordinates": [
          [
            113.47679691011956,
            22.89073195378331
          ],
          [
            113.47680239042246,
            22.890777934380612
          ]
        ]
      }
    },
    {
      "type": "Feature",
      "id": "local/global-nav/edge_378_campus_outdoor_ac9fcb9c4c_campus_outdoor_f7e75bd485",
      "properties": {
        "featureClass": "road",
        "highway": "footway",
        "osmId": "local/global-nav/edge_378_campus_outdoor_ac9fcb9c4c_campus_outdoor_f7e75bd485",
        "osmNodeIds": [
          "local-nav/campus_outdoor_ac9fcb9c4c",
          "local-nav/campus_outdoor_f7e75bd485"
        ],
        "localEdgeId": "edge_378_campus_outdoor_ac9fcb9c4c_campus_outdoor_f7e75bd485",
        "localEdgeType": "walk",
        "source": "global-nav-0408-gcj2wgs84",
        "verificationStatus": "from-navigation-graph-unverified"
      },
      "geometry": {
        "type": "LineString",
        "coordinates": [
          [
            113.47679691011956,
            22.89073195378331
          ],
          [
            113.47678689283434,
            22.89061862459978
          ]
        ]
      }
    },
    {
      "type": "Feature",
      "id": "local/global-nav/edge_379_campus_outdoor_430b3eaa6f_campus_outdoor_216f1aaf36",
      "properties": {
        "featureClass": "road",
        "highway": "footway",
        "osmId": "local/global-nav/edge_379_campus_outdoor_430b3eaa6f_campus_outdoor_216f1aaf36",
        "osmNodeIds": [
          "local-nav/campus_outdoor_430b3eaa6f",
          "local-nav/campus_outdoor_216f1aaf36"
        ],
        "localEdgeId": "edge_379_campus_outdoor_430b3eaa6f_campus_outdoor_216f1aaf36",
        "localEdgeType": "walk",
        "source": "global-nav-0408-gcj2wgs84",
        "verificationStatus": "from-navigation-graph-unverified"
      },
      "geometry": {
        "type": "LineString",
        "coordinates": [
          [
            113.47690681245147,
            22.89113855925346
          ],
          [
            113.47689463003395,
            22.891096484334728
          ]
        ]
      }
    },
    {
      "type": "Feature",
      "id": "local/global-nav/edge_380_campus_outdoor_430b3eaa6f_campus_outdoor_69e0c06b08",
      "properties": {
        "featureClass": "road",
        "highway": "footway",
        "osmId": "local/global-nav/edge_380_campus_outdoor_430b3eaa6f_campus_outdoor_69e0c06b08",
        "osmNodeIds": [
          "local-nav/campus_outdoor_430b3eaa6f",
          "local-nav/campus_outdoor_69e0c06b08"
        ],
        "localEdgeId": "edge_380_campus_outdoor_430b3eaa6f_campus_outdoor_69e0c06b08",
        "localEdgeType": "walk",
        "source": "global-nav-0408-gcj2wgs84",
        "verificationStatus": "from-navigation-graph-unverified"
      },
      "geometry": {
        "type": "LineString",
        "coordinates": [
          [
            113.47690681245147,
            22.89113855925346
          ],
          [
            113.47693256082117,
            22.89119248620645
          ]
        ]
      }
    },
    {
      "type": "Feature",
      "id": "local/global-nav/edge_381_campus_outdoor_69e0c06b08_campus_outdoor_430b3eaa6f",
      "properties": {
        "featureClass": "road",
        "highway": "footway",
        "osmId": "local/global-nav/edge_381_campus_outdoor_69e0c06b08_campus_outdoor_430b3eaa6f",
        "osmNodeIds": [
          "local-nav/campus_outdoor_69e0c06b08",
          "local-nav/campus_outdoor_430b3eaa6f"
        ],
        "localEdgeId": "edge_381_campus_outdoor_69e0c06b08_campus_outdoor_430b3eaa6f",
        "localEdgeType": "walk",
        "source": "global-nav-0408-gcj2wgs84",
        "verificationStatus": "from-navigation-graph-unverified"
      },
      "geometry": {
        "type": "LineString",
        "coordinates": [
          [
            113.47693256082117,
            22.89119248620645
          ],
          [
            113.47690681245147,
            22.89113855925346
          ]
        ]
      }
    },
    {
      "type": "Feature",
      "id": "local/global-nav/edge_382_campus_outdoor_69e0c06b08_campus_outdoor_4602c1ce85",
      "properties": {
        "featureClass": "road",
        "highway": "footway",
        "osmId": "local/global-nav/edge_382_campus_outdoor_69e0c06b08_campus_outdoor_4602c1ce85",
        "osmNodeIds": [
          "local-nav/campus_outdoor_69e0c06b08",
          "local-nav/campus_outdoor_4602c1ce85"
        ],
        "localEdgeId": "edge_382_campus_outdoor_69e0c06b08_campus_outdoor_4602c1ce85",
        "localEdgeType": "walk",
        "source": "global-nav-0408-gcj2wgs84",
        "verificationStatus": "from-navigation-graph-unverified"
      },
      "geometry": {
        "type": "LineString",
        "coordinates": [
          [
            113.47693256082117,
            22.89119248620645
          ],
          [
            113.47700978074494,
            22.891366969325507
          ]
        ]
      }
    },
    {
      "type": "Feature",
      "id": "local/global-nav/edge_383_campus_outdoor_216f1aaf36_campus_outdoor_302ddb3844",
      "properties": {
        "featureClass": "road",
        "highway": "footway",
        "osmId": "local/global-nav/edge_383_campus_outdoor_216f1aaf36_campus_outdoor_302ddb3844",
        "osmNodeIds": [
          "local-nav/campus_outdoor_216f1aaf36",
          "local-nav/campus_outdoor_302ddb3844"
        ],
        "localEdgeId": "edge_383_campus_outdoor_216f1aaf36_campus_outdoor_302ddb3844",
        "localEdgeType": "walk",
        "source": "global-nav-0408-gcj2wgs84",
        "verificationStatus": "from-navigation-graph-unverified"
      },
      "geometry": {
        "type": "LineString",
        "coordinates": [
          [
            113.47689463003395,
            22.891096484334728
          ],
          [
            113.47685427352464,
            22.890957117274873
          ]
        ]
      }
    },
    {
      "type": "Feature",
      "id": "local/global-nav/edge_384_campus_outdoor_216f1aaf36_campus_outdoor_430b3eaa6f",
      "properties": {
        "featureClass": "road",
        "highway": "footway",
        "osmId": "local/global-nav/edge_384_campus_outdoor_216f1aaf36_campus_outdoor_430b3eaa6f",
        "osmNodeIds": [
          "local-nav/campus_outdoor_216f1aaf36",
          "local-nav/campus_outdoor_430b3eaa6f"
        ],
        "localEdgeId": "edge_384_campus_outdoor_216f1aaf36_campus_outdoor_430b3eaa6f",
        "localEdgeType": "walk",
        "source": "global-nav-0408-gcj2wgs84",
        "verificationStatus": "from-navigation-graph-unverified"
      },
      "geometry": {
        "type": "LineString",
        "coordinates": [
          [
            113.47689463003395,
            22.891096484334728
          ],
          [
            113.47690681245147,
            22.89113855925346
          ]
        ]
      }
    },
    {
      "type": "Feature",
      "id": "local/global-nav/edge_385_campus_outdoor_134ebb99b0_campus_outdoor_81a187ee98",
      "properties": {
        "featureClass": "road",
        "highway": "footway",
        "osmId": "local/global-nav/edge_385_campus_outdoor_134ebb99b0_campus_outdoor_81a187ee98",
        "osmNodeIds": [
          "local-nav/campus_outdoor_134ebb99b0",
          "local-nav/campus_outdoor_81a187ee98"
        ],
        "localEdgeId": "edge_385_campus_outdoor_134ebb99b0_campus_outdoor_81a187ee98",
        "localEdgeType": "walk",
        "source": "global-nav-0408-gcj2wgs84",
        "verificationStatus": "from-navigation-graph-unverified"
      },
      "geometry": {
        "type": "LineString",
        "coordinates": [
          [
            113.4771442123516,
            22.891624252514784
          ],
          [
            113.47720942427908,
            22.891712404826023
          ]
        ]
      }
    },
    {
      "type": "Feature",
      "id": "local/global-nav/edge_386_campus_outdoor_134ebb99b0_campus_outdoor_9e1971f046",
      "properties": {
        "featureClass": "road",
        "highway": "footway",
        "osmId": "local/global-nav/edge_386_campus_outdoor_134ebb99b0_campus_outdoor_9e1971f046",
        "osmNodeIds": [
          "local-nav/campus_outdoor_134ebb99b0",
          "local-nav/campus_outdoor_9e1971f046"
        ],
        "localEdgeId": "edge_386_campus_outdoor_134ebb99b0_campus_outdoor_9e1971f046",
        "localEdgeType": "walk",
        "source": "global-nav-0408-gcj2wgs84",
        "verificationStatus": "from-navigation-graph-unverified"
      },
      "geometry": {
        "type": "LineString",
        "coordinates": [
          [
            113.4771442123516,
            22.891624252514784
          ],
          [
            113.47706495695454,
            22.89148608005577
          ]
        ]
      }
    },
    {
      "type": "Feature",
      "id": "local/global-nav/edge_387_campus_outdoor_9e1971f046_campus_outdoor_134ebb99b0",
      "properties": {
        "featureClass": "road",
        "highway": "footway",
        "osmId": "local/global-nav/edge_387_campus_outdoor_9e1971f046_campus_outdoor_134ebb99b0",
        "osmNodeIds": [
          "local-nav/campus_outdoor_9e1971f046",
          "local-nav/campus_outdoor_134ebb99b0"
        ],
        "localEdgeId": "edge_387_campus_outdoor_9e1971f046_campus_outdoor_134ebb99b0",
        "localEdgeType": "walk",
        "source": "global-nav-0408-gcj2wgs84",
        "verificationStatus": "from-navigation-graph-unverified"
      },
      "geometry": {
        "type": "LineString",
        "coordinates": [
          [
            113.47706495695454,
            22.89148608005577
          ],
          [
            113.4771442123516,
            22.891624252514784
          ]
        ]
      }
    },
    {
      "type": "Feature",
      "id": "local/global-nav/edge_388_campus_outdoor_9e1971f046_campus_outdoor_4602c1ce85",
      "properties": {
        "featureClass": "road",
        "highway": "footway",
        "osmId": "local/global-nav/edge_388_campus_outdoor_9e1971f046_campus_outdoor_4602c1ce85",
        "osmNodeIds": [
          "local-nav/campus_outdoor_9e1971f046",
          "local-nav/campus_outdoor_4602c1ce85"
        ],
        "localEdgeId": "edge_388_campus_outdoor_9e1971f046_campus_outdoor_4602c1ce85",
        "localEdgeType": "walk",
        "source": "global-nav-0408-gcj2wgs84",
        "verificationStatus": "from-navigation-graph-unverified"
      },
      "geometry": {
        "type": "LineString",
        "coordinates": [
          [
            113.47706495695454,
            22.89148608005577
          ],
          [
            113.47700978074494,
            22.891366969325507
          ]
        ]
      }
    },
    {
      "type": "Feature",
      "id": "local/global-nav/edge_389_campus_outdoor_2b0d939809_campus_outdoor_02a32d57c6",
      "properties": {
        "featureClass": "road",
        "highway": "footway",
        "osmId": "local/global-nav/edge_389_campus_outdoor_2b0d939809_campus_outdoor_02a32d57c6",
        "osmNodeIds": [
          "local-nav/campus_outdoor_2b0d939809",
          "local-nav/campus_outdoor_02a32d57c6"
        ],
        "localEdgeId": "edge_389_campus_outdoor_2b0d939809_campus_outdoor_02a32d57c6",
        "localEdgeType": "walk",
        "source": "global-nav-0408-gcj2wgs84",
        "verificationStatus": "from-navigation-graph-unverified"
      },
      "geometry": {
        "type": "LineString",
        "coordinates": [
          [
            113.47728968550007,
            22.891816594110416
          ],
          [
            113.47738901029734,
            22.891924836861612
          ]
        ]
      }
    },
    {
      "type": "Feature",
      "id": "local/global-nav/edge_390_campus_outdoor_2b0d939809_campus_outdoor_81a187ee98",
      "properties": {
        "featureClass": "road",
        "highway": "footway",
        "osmId": "local/global-nav/edge_390_campus_outdoor_2b0d939809_campus_outdoor_81a187ee98",
        "osmNodeIds": [
          "local-nav/campus_outdoor_2b0d939809",
          "local-nav/campus_outdoor_81a187ee98"
        ],
        "localEdgeId": "edge_390_campus_outdoor_2b0d939809_campus_outdoor_81a187ee98",
        "localEdgeType": "walk",
        "source": "global-nav-0408-gcj2wgs84",
        "verificationStatus": "from-navigation-graph-unverified"
      },
      "geometry": {
        "type": "LineString",
        "coordinates": [
          [
            113.47728968550007,
            22.891816594110416
          ],
          [
            113.47720942427908,
            22.891712404826023
          ]
        ]
      }
    },
    {
      "type": "Feature",
      "id": "local/global-nav/edge_391_campus_outdoor_02a32d57c6_campus_outdoor_2b0d939809",
      "properties": {
        "featureClass": "road",
        "highway": "footway",
        "osmId": "local/global-nav/edge_391_campus_outdoor_02a32d57c6_campus_outdoor_2b0d939809",
        "osmNodeIds": [
          "local-nav/campus_outdoor_02a32d57c6",
          "local-nav/campus_outdoor_2b0d939809"
        ],
        "localEdgeId": "edge_391_campus_outdoor_02a32d57c6_campus_outdoor_2b0d939809",
        "localEdgeType": "walk",
        "source": "global-nav-0408-gcj2wgs84",
        "verificationStatus": "from-navigation-graph-unverified"
      },
      "geometry": {
        "type": "LineString",
        "coordinates": [
          [
            113.47738901029734,
            22.891924836861612
          ],
          [
            113.47728968550007,
            22.891816594110416
          ]
        ]
      }
    },
    {
      "type": "Feature",
      "id": "local/global-nav/edge_392_campus_outdoor_02a32d57c6_campus_outdoor_d1e2f36faf",
      "properties": {
        "featureClass": "road",
        "highway": "footway",
        "osmId": "local/global-nav/edge_392_campus_outdoor_02a32d57c6_campus_outdoor_d1e2f36faf",
        "osmNodeIds": [
          "local-nav/campus_outdoor_02a32d57c6",
          "local-nav/campus_outdoor_d1e2f36faf"
        ],
        "localEdgeId": "edge_392_campus_outdoor_02a32d57c6_campus_outdoor_d1e2f36faf",
        "localEdgeType": "walk",
        "source": "global-nav-0408-gcj2wgs84",
        "verificationStatus": "from-navigation-graph-unverified"
      },
      "geometry": {
        "type": "LineString",
        "coordinates": [
          [
            113.47738901029734,
            22.891924836861612
          ],
          [
            113.47750739789475,
            22.892050127887327
          ]
        ]
      }
    },
    {
      "type": "Feature",
      "id": "local/global-nav/edge_393_campus_outdoor_81a187ee98_campus_outdoor_134ebb99b0",
      "properties": {
        "featureClass": "road",
        "highway": "footway",
        "osmId": "local/global-nav/edge_393_campus_outdoor_81a187ee98_campus_outdoor_134ebb99b0",
        "osmNodeIds": [
          "local-nav/campus_outdoor_81a187ee98",
          "local-nav/campus_outdoor_134ebb99b0"
        ],
        "localEdgeId": "edge_393_campus_outdoor_81a187ee98_campus_outdoor_134ebb99b0",
        "localEdgeType": "walk",
        "source": "global-nav-0408-gcj2wgs84",
        "verificationStatus": "from-navigation-graph-unverified"
      },
      "geometry": {
        "type": "LineString",
        "coordinates": [
          [
            113.47720942427908,
            22.891712404826023
          ],
          [
            113.4771442123516,
            22.891624252514784
          ]
        ]
      }
    },
    {
      "type": "Feature",
      "id": "local/global-nav/edge_394_campus_outdoor_81a187ee98_campus_outdoor_2b0d939809",
      "properties": {
        "featureClass": "road",
        "highway": "footway",
        "osmId": "local/global-nav/edge_394_campus_outdoor_81a187ee98_campus_outdoor_2b0d939809",
        "osmNodeIds": [
          "local-nav/campus_outdoor_81a187ee98",
          "local-nav/campus_outdoor_2b0d939809"
        ],
        "localEdgeId": "edge_394_campus_outdoor_81a187ee98_campus_outdoor_2b0d939809",
        "localEdgeType": "walk",
        "source": "global-nav-0408-gcj2wgs84",
        "verificationStatus": "from-navigation-graph-unverified"
      },
      "geometry": {
        "type": "LineString",
        "coordinates": [
          [
            113.47720942427908,
            22.891712404826023
          ],
          [
            113.47728968550007,
            22.891816594110416
          ]
        ]
      }
    },
    {
      "type": "Feature",
      "id": "local/global-nav/edge_395_campus_outdoor_499b91385a_campus_outdoor_6d8aafd416",
      "properties": {
        "featureClass": "road",
        "highway": "footway",
        "osmId": "local/global-nav/edge_395_campus_outdoor_499b91385a_campus_outdoor_6d8aafd416",
        "osmNodeIds": [
          "local-nav/campus_outdoor_499b91385a",
          "local-nav/campus_outdoor_6d8aafd416"
        ],
        "localEdgeId": "edge_395_campus_outdoor_499b91385a_campus_outdoor_6d8aafd416",
        "localEdgeType": "walk",
        "source": "global-nav-0408-gcj2wgs84",
        "verificationStatus": "from-navigation-graph-unverified"
      },
      "geometry": {
        "type": "LineString",
        "coordinates": [
          [
            113.47729127629455,
            22.890523621781266
          ],
          [
            113.47718478826037,
            22.890542853675917
          ]
        ]
      }
    },
    {
      "type": "Feature",
      "id": "local/global-nav/edge_396_campus_outdoor_499b91385a_campus_outdoor_ce3d3caf3e",
      "properties": {
        "featureClass": "road",
        "highway": "footway",
        "osmId": "local/global-nav/edge_396_campus_outdoor_499b91385a_campus_outdoor_ce3d3caf3e",
        "osmNodeIds": [
          "local-nav/campus_outdoor_499b91385a",
          "local-nav/campus_outdoor_ce3d3caf3e"
        ],
        "localEdgeId": "edge_396_campus_outdoor_499b91385a_campus_outdoor_ce3d3caf3e",
        "localEdgeType": "walk",
        "source": "global-nav-0408-gcj2wgs84",
        "verificationStatus": "from-navigation-graph-unverified"
      },
      "geometry": {
        "type": "LineString",
        "coordinates": [
          [
            113.47729127629455,
            22.890523621781266
          ],
          [
            113.47736915005882,
            22.890478144880614
          ]
        ]
      }
    },
    {
      "type": "Feature",
      "id": "local/global-nav/edge_397_campus_outdoor_ce3d3caf3e_campus_outdoor_499b91385a",
      "properties": {
        "featureClass": "road",
        "highway": "footway",
        "osmId": "local/global-nav/edge_397_campus_outdoor_ce3d3caf3e_campus_outdoor_499b91385a",
        "osmNodeIds": [
          "local-nav/campus_outdoor_ce3d3caf3e",
          "local-nav/campus_outdoor_499b91385a"
        ],
        "localEdgeId": "edge_397_campus_outdoor_ce3d3caf3e_campus_outdoor_499b91385a",
        "localEdgeType": "walk",
        "source": "global-nav-0408-gcj2wgs84",
        "verificationStatus": "from-navigation-graph-unverified"
      },
      "geometry": {
        "type": "LineString",
        "coordinates": [
          [
            113.47736915005882,
            22.890478144880614
          ],
          [
            113.47729127629455,
            22.890523621781266
          ]
        ]
      }
    },
    {
      "type": "Feature",
      "id": "local/global-nav/edge_398_campus_outdoor_ce3d3caf3e_campus_outdoor_96539d7ac0",
      "properties": {
        "featureClass": "road",
        "highway": "footway",
        "osmId": "local/global-nav/edge_398_campus_outdoor_ce3d3caf3e_campus_outdoor_96539d7ac0",
        "osmNodeIds": [
          "local-nav/campus_outdoor_ce3d3caf3e",
          "local-nav/campus_outdoor_96539d7ac0"
        ],
        "localEdgeId": "edge_398_campus_outdoor_ce3d3caf3e_campus_outdoor_96539d7ac0",
        "localEdgeType": "walk",
        "source": "global-nav-0408-gcj2wgs84",
        "verificationStatus": "from-navigation-graph-unverified"
      },
      "geometry": {
        "type": "LineString",
        "coordinates": [
          [
            113.47736915005882,
            22.890478144880614
          ],
          [
            113.47740888650762,
            22.890448173454732
          ]
        ]
      }
    },
    {
      "type": "Feature",
      "id": "local/global-nav/edge_399_campus_outdoor_ce3d3caf3e_campus_outdoor_9a14372b08",
      "properties": {
        "featureClass": "road",
        "highway": "footway",
        "osmId": "local/global-nav/edge_399_campus_outdoor_ce3d3caf3e_campus_outdoor_9a14372b08",
        "osmNodeIds": [
          "local-nav/campus_outdoor_ce3d3caf3e",
          "local-nav/campus_outdoor_9a14372b08"
        ],
        "localEdgeId": "edge_399_campus_outdoor_ce3d3caf3e_campus_outdoor_9a14372b08",
        "localEdgeType": "walk",
        "source": "global-nav-0408-gcj2wgs84",
        "verificationStatus": "from-navigation-graph-unverified"
      },
      "geometry": {
        "type": "LineString",
        "coordinates": [
          [
            113.47736915005882,
            22.890478144880614
          ],
          [
            113.47753458267535,
            22.89064477574932
          ]
        ]
      }
    },
    {
      "type": "Feature",
      "id": "local/global-nav/edge_400_campus_outdoor_a6028af1f9_campus_outdoor_8edce8ad73",
      "properties": {
        "featureClass": "road",
        "highway": "footway",
        "osmId": "local/global-nav/edge_400_campus_outdoor_a6028af1f9_campus_outdoor_8edce8ad73",
        "osmNodeIds": [
          "local-nav/campus_outdoor_a6028af1f9",
          "local-nav/campus_outdoor_8edce8ad73"
        ],
        "localEdgeId": "edge_400_campus_outdoor_a6028af1f9_campus_outdoor_8edce8ad73",
        "localEdgeType": "walk",
        "source": "global-nav-0408-gcj2wgs84",
        "verificationStatus": "from-navigation-graph-unverified"
      },
      "geometry": {
        "type": "LineString",
        "coordinates": [
          [
            113.47772332793622,
            22.89018923452006
          ],
          [
            113.47830293201886,
            22.889688207600052
          ]
        ]
      }
    },
    {
      "type": "Feature",
      "id": "local/global-nav/edge_401_campus_outdoor_a6028af1f9_campus_outdoor_d90ed7047b",
      "properties": {
        "featureClass": "road",
        "highway": "footway",
        "osmId": "local/global-nav/edge_401_campus_outdoor_a6028af1f9_campus_outdoor_d90ed7047b",
        "osmNodeIds": [
          "local-nav/campus_outdoor_a6028af1f9",
          "local-nav/campus_outdoor_d90ed7047b"
        ],
        "localEdgeId": "edge_401_campus_outdoor_a6028af1f9_campus_outdoor_d90ed7047b",
        "localEdgeType": "walk",
        "source": "global-nav-0408-gcj2wgs84",
        "verificationStatus": "from-navigation-graph-unverified"
      },
      "geometry": {
        "type": "LineString",
        "coordinates": [
          [
            113.47772332793622,
            22.89018923452006
          ],
          [
            113.4776546180349,
            22.89024721714305
          ]
        ]
      }
    },
    {
      "type": "Feature",
      "id": "local/global-nav/edge_402_campus_outdoor_8edce8ad73_campus_outdoor_a6028af1f9",
      "properties": {
        "featureClass": "road",
        "highway": "footway",
        "osmId": "local/global-nav/edge_402_campus_outdoor_8edce8ad73_campus_outdoor_a6028af1f9",
        "osmNodeIds": [
          "local-nav/campus_outdoor_8edce8ad73",
          "local-nav/campus_outdoor_a6028af1f9"
        ],
        "localEdgeId": "edge_402_campus_outdoor_8edce8ad73_campus_outdoor_a6028af1f9",
        "localEdgeType": "walk",
        "source": "global-nav-0408-gcj2wgs84",
        "verificationStatus": "from-navigation-graph-unverified"
      },
      "geometry": {
        "type": "LineString",
        "coordinates": [
          [
            113.47830293201886,
            22.889688207600052
          ],
          [
            113.47772332793622,
            22.89018923452006
          ]
        ]
      }
    },
    {
      "type": "Feature",
      "id": "local/global-nav/edge_403_campus_outdoor_8edce8ad73_campus_outdoor_ff0761abcd",
      "properties": {
        "featureClass": "road",
        "highway": "footway",
        "osmId": "local/global-nav/edge_403_campus_outdoor_8edce8ad73_campus_outdoor_ff0761abcd",
        "osmNodeIds": [
          "local-nav/campus_outdoor_8edce8ad73",
          "local-nav/campus_outdoor_ff0761abcd"
        ],
        "localEdgeId": "edge_403_campus_outdoor_8edce8ad73_campus_outdoor_ff0761abcd",
        "localEdgeType": "walk",
        "source": "global-nav-0408-gcj2wgs84",
        "verificationStatus": "from-navigation-graph-unverified"
      },
      "geometry": {
        "type": "LineString",
        "coordinates": [
          [
            113.47830293201886,
            22.889688207600052
          ],
          [
            113.47843467406702,
            22.889549824181483
          ]
        ]
      }
    },
    {
      "type": "Feature",
      "id": "local/global-nav/edge_404_campus_outdoor_d90ed7047b_campus_outdoor_a6028af1f9",
      "properties": {
        "featureClass": "road",
        "highway": "footway",
        "osmId": "local/global-nav/edge_404_campus_outdoor_d90ed7047b_campus_outdoor_a6028af1f9",
        "osmNodeIds": [
          "local-nav/campus_outdoor_d90ed7047b",
          "local-nav/campus_outdoor_a6028af1f9"
        ],
        "localEdgeId": "edge_404_campus_outdoor_d90ed7047b_campus_outdoor_a6028af1f9",
        "localEdgeType": "walk",
        "source": "global-nav-0408-gcj2wgs84",
        "verificationStatus": "from-navigation-graph-unverified"
      },
      "geometry": {
        "type": "LineString",
        "coordinates": [
          [
            113.4776546180349,
            22.89024721714305
          ],
          [
            113.47772332793622,
            22.89018923452006
          ]
        ]
      }
    },
    {
      "type": "Feature",
      "id": "local/global-nav/edge_405_campus_outdoor_d90ed7047b_campus_outdoor_adaf84947c",
      "properties": {
        "featureClass": "road",
        "highway": "footway",
        "osmId": "local/global-nav/edge_405_campus_outdoor_d90ed7047b_campus_outdoor_adaf84947c",
        "osmNodeIds": [
          "local-nav/campus_outdoor_d90ed7047b",
          "local-nav/campus_outdoor_adaf84947c"
        ],
        "localEdgeId": "edge_405_campus_outdoor_d90ed7047b_campus_outdoor_adaf84947c",
        "localEdgeType": "walk",
        "source": "global-nav-0408-gcj2wgs84",
        "verificationStatus": "from-navigation-graph-unverified"
      },
      "geometry": {
        "type": "LineString",
        "coordinates": [
          [
            113.4776546180349,
            22.89024721714305
          ],
          [
            113.47755741073341,
            22.890329263262466
          ]
        ]
      }
    },
    {
      "type": "Feature",
      "id": "local/global-nav/edge_406_campus_outdoor_9883eebac8_campus_outdoor_21ac1c396d",
      "properties": {
        "featureClass": "road",
        "highway": "footway",
        "osmId": "local/global-nav/edge_406_campus_outdoor_9883eebac8_campus_outdoor_21ac1c396d",
        "osmNodeIds": [
          "local-nav/campus_outdoor_9883eebac8",
          "local-nav/campus_outdoor_21ac1c396d"
        ],
        "localEdgeId": "edge_406_campus_outdoor_9883eebac8_campus_outdoor_21ac1c396d",
        "localEdgeType": "walk",
        "source": "global-nav-0408-gcj2wgs84",
        "verificationStatus": "from-navigation-graph-unverified"
      },
      "geometry": {
        "type": "LineString",
        "coordinates": [
          [
            113.47775229782476,
            22.890850321735943
          ],
          [
            113.47783256043776,
            22.890944515720918
          ]
        ]
      }
    },
    {
      "type": "Feature",
      "id": "local/global-nav/edge_407_campus_outdoor_9883eebac8_campus_outdoor_d27d58b4fa",
      "properties": {
        "featureClass": "road",
        "highway": "footway",
        "osmId": "local/global-nav/edge_407_campus_outdoor_9883eebac8_campus_outdoor_d27d58b4fa",
        "osmNodeIds": [
          "local-nav/campus_outdoor_9883eebac8",
          "local-nav/campus_outdoor_d27d58b4fa"
        ],
        "localEdgeId": "edge_407_campus_outdoor_9883eebac8_campus_outdoor_d27d58b4fa",
        "localEdgeType": "walk",
        "source": "global-nav-0408-gcj2wgs84",
        "verificationStatus": "from-navigation-graph-unverified"
      },
      "geometry": {
        "type": "LineString",
        "coordinates": [
          [
            113.47775229782476,
            22.890850321735943
          ],
          [
            113.47767604721523,
            22.890779130119356
          ]
        ]
      }
    },
    {
      "type": "Feature",
      "id": "local/global-nav/edge_408_campus_outdoor_d27d58b4fa_campus_outdoor_79239da13a",
      "properties": {
        "featureClass": "road",
        "highway": "footway",
        "osmId": "local/global-nav/edge_408_campus_outdoor_d27d58b4fa_campus_outdoor_79239da13a",
        "osmNodeIds": [
          "local-nav/campus_outdoor_d27d58b4fa",
          "local-nav/campus_outdoor_79239da13a"
        ],
        "localEdgeId": "edge_408_campus_outdoor_d27d58b4fa_campus_outdoor_79239da13a",
        "localEdgeType": "walk",
        "source": "global-nav-0408-gcj2wgs84",
        "verificationStatus": "from-navigation-graph-unverified"
      },
      "geometry": {
        "type": "LineString",
        "coordinates": [
          [
            113.47767604721523,
            22.890779130119356
          ],
          [
            113.4776018028823,
            22.890715941138097
          ]
        ]
      }
    },
    {
      "type": "Feature",
      "id": "local/global-nav/edge_409_campus_outdoor_d27d58b4fa_campus_outdoor_9883eebac8",
      "properties": {
        "featureClass": "road",
        "highway": "footway",
        "osmId": "local/global-nav/edge_409_campus_outdoor_d27d58b4fa_campus_outdoor_9883eebac8",
        "osmNodeIds": [
          "local-nav/campus_outdoor_d27d58b4fa",
          "local-nav/campus_outdoor_9883eebac8"
        ],
        "localEdgeId": "edge_409_campus_outdoor_d27d58b4fa_campus_outdoor_9883eebac8",
        "localEdgeType": "walk",
        "source": "global-nav-0408-gcj2wgs84",
        "verificationStatus": "from-navigation-graph-unverified"
      },
      "geometry": {
        "type": "LineString",
        "coordinates": [
          [
            113.47767604721523,
            22.890779130119356
          ],
          [
            113.47775229782476,
            22.890850321735943
          ]
        ]
      }
    },
    {
      "type": "Feature",
      "id": "local/global-nav/edge_410_campus_outdoor_21ac1c396d_campus_outdoor_9883eebac8",
      "properties": {
        "featureClass": "road",
        "highway": "footway",
        "osmId": "local/global-nav/edge_410_campus_outdoor_21ac1c396d_campus_outdoor_9883eebac8",
        "osmNodeIds": [
          "local-nav/campus_outdoor_21ac1c396d",
          "local-nav/campus_outdoor_9883eebac8"
        ],
        "localEdgeId": "edge_410_campus_outdoor_21ac1c396d_campus_outdoor_9883eebac8",
        "localEdgeType": "walk",
        "source": "global-nav-0408-gcj2wgs84",
        "verificationStatus": "from-navigation-graph-unverified"
      },
      "geometry": {
        "type": "LineString",
        "coordinates": [
          [
            113.47783256043776,
            22.890944515720918
          ],
          [
            113.47775229782476,
            22.890850321735943
          ]
        ]
      }
    },
    {
      "type": "Feature",
      "id": "local/global-nav/edge_411_campus_outdoor_21ac1c396d_campus_outdoor_ad0f15aa0d",
      "properties": {
        "featureClass": "road",
        "highway": "footway",
        "osmId": "local/global-nav/edge_411_campus_outdoor_21ac1c396d_campus_outdoor_ad0f15aa0d",
        "osmNodeIds": [
          "local-nav/campus_outdoor_21ac1c396d",
          "local-nav/campus_outdoor_ad0f15aa0d"
        ],
        "localEdgeId": "edge_411_campus_outdoor_21ac1c396d_campus_outdoor_ad0f15aa0d",
        "localEdgeType": "walk",
        "source": "global-nav-0408-gcj2wgs84",
        "verificationStatus": "from-navigation-graph-unverified"
      },
      "geometry": {
        "type": "LineString",
        "coordinates": [
          [
            113.47783256043776,
            22.890944515720918
          ],
          [
            113.47791883931939,
            22.891098702902713
          ]
        ]
      }
    },
    {
      "type": "Feature",
      "id": "local/global-nav/edge_412_campus_outdoor_ad0f15aa0d_campus_outdoor_21ac1c396d",
      "properties": {
        "featureClass": "road",
        "highway": "footway",
        "osmId": "local/global-nav/edge_412_campus_outdoor_ad0f15aa0d_campus_outdoor_21ac1c396d",
        "osmNodeIds": [
          "local-nav/campus_outdoor_ad0f15aa0d",
          "local-nav/campus_outdoor_21ac1c396d"
        ],
        "localEdgeId": "edge_412_campus_outdoor_ad0f15aa0d_campus_outdoor_21ac1c396d",
        "localEdgeType": "walk",
        "source": "global-nav-0408-gcj2wgs84",
        "verificationStatus": "from-navigation-graph-unverified"
      },
      "geometry": {
        "type": "LineString",
        "coordinates": [
          [
            113.47791883931939,
            22.891098702902713
          ],
          [
            113.47783256043776,
            22.890944515720918
          ]
        ]
      }
    },
    {
      "type": "Feature",
      "id": "local/global-nav/edge_413_campus_outdoor_ad0f15aa0d_campus_outdoor_3c03c5159b",
      "properties": {
        "featureClass": "road",
        "highway": "footway",
        "osmId": "local/global-nav/edge_413_campus_outdoor_ad0f15aa0d_campus_outdoor_3c03c5159b",
        "osmNodeIds": [
          "local-nav/campus_outdoor_ad0f15aa0d",
          "local-nav/campus_outdoor_3c03c5159b"
        ],
        "localEdgeId": "edge_413_campus_outdoor_ad0f15aa0d_campus_outdoor_3c03c5159b",
        "localEdgeType": "walk",
        "source": "global-nav-0408-gcj2wgs84",
        "verificationStatus": "from-navigation-graph-unverified"
      },
      "geometry": {
        "type": "LineString",
        "coordinates": [
          [
            113.47791883931939,
            22.891098702902713
          ],
          [
            113.47805427839761,
            22.89132500329642
          ]
        ]
      }
    },
    {
      "type": "Feature",
      "id": "local/global-nav/edge_414_campus_outdoor_ad0f15aa0d_campus_outdoor_cb4be3d30a",
      "properties": {
        "featureClass": "road",
        "highway": "footway",
        "osmId": "local/global-nav/edge_414_campus_outdoor_ad0f15aa0d_campus_outdoor_cb4be3d30a",
        "osmNodeIds": [
          "local-nav/campus_outdoor_ad0f15aa0d",
          "local-nav/campus_outdoor_cb4be3d30a"
        ],
        "localEdgeId": "edge_414_campus_outdoor_ad0f15aa0d_campus_outdoor_cb4be3d30a",
        "localEdgeType": "walk",
        "source": "global-nav-0408-gcj2wgs84",
        "verificationStatus": "from-navigation-graph-unverified"
      },
      "geometry": {
        "type": "LineString",
        "coordinates": [
          [
            113.47791883931939,
            22.891098702902713
          ],
          [
            113.47803723772056,
            22.891078053983325
          ]
        ]
      }
    },
    {
      "type": "Feature",
      "id": "local/global-nav/edge_415_campus_outdoor_3c03c5159b_campus_outdoor_43d10738b4",
      "properties": {
        "featureClass": "road",
        "highway": "footway",
        "osmId": "local/global-nav/edge_415_campus_outdoor_3c03c5159b_campus_outdoor_43d10738b4",
        "osmNodeIds": [
          "local-nav/campus_outdoor_3c03c5159b",
          "local-nav/campus_outdoor_43d10738b4"
        ],
        "localEdgeId": "edge_415_campus_outdoor_3c03c5159b_campus_outdoor_43d10738b4",
        "localEdgeType": "walk",
        "source": "global-nav-0408-gcj2wgs84",
        "verificationStatus": "from-navigation-graph-unverified"
      },
      "geometry": {
        "type": "LineString",
        "coordinates": [
          [
            113.47805427839761,
            22.89132500329642
          ],
          [
            113.47811447125873,
            22.891461122470123
          ]
        ]
      }
    },
    {
      "type": "Feature",
      "id": "local/global-nav/edge_416_campus_outdoor_3c03c5159b_campus_outdoor_ad0f15aa0d",
      "properties": {
        "featureClass": "road",
        "highway": "footway",
        "osmId": "local/global-nav/edge_416_campus_outdoor_3c03c5159b_campus_outdoor_ad0f15aa0d",
        "osmNodeIds": [
          "local-nav/campus_outdoor_3c03c5159b",
          "local-nav/campus_outdoor_ad0f15aa0d"
        ],
        "localEdgeId": "edge_416_campus_outdoor_3c03c5159b_campus_outdoor_ad0f15aa0d",
        "localEdgeType": "walk",
        "source": "global-nav-0408-gcj2wgs84",
        "verificationStatus": "from-navigation-graph-unverified"
      },
      "geometry": {
        "type": "LineString",
        "coordinates": [
          [
            113.47805427839761,
            22.89132500329642
          ],
          [
            113.47791883931939,
            22.891098702902713
          ]
        ]
      }
    },
    {
      "type": "Feature",
      "id": "local/global-nav/edge_417_campus_outdoor_cb4be3d30a_campus_outdoor_ad0f15aa0d",
      "properties": {
        "featureClass": "road",
        "highway": "footway",
        "osmId": "local/global-nav/edge_417_campus_outdoor_cb4be3d30a_campus_outdoor_ad0f15aa0d",
        "osmNodeIds": [
          "local-nav/campus_outdoor_cb4be3d30a",
          "local-nav/campus_outdoor_ad0f15aa0d"
        ],
        "localEdgeId": "edge_417_campus_outdoor_cb4be3d30a_campus_outdoor_ad0f15aa0d",
        "localEdgeType": "walk",
        "source": "global-nav-0408-gcj2wgs84",
        "verificationStatus": "from-navigation-graph-unverified"
      },
      "geometry": {
        "type": "LineString",
        "coordinates": [
          [
            113.47803723772056,
            22.891078053983325
          ],
          [
            113.47791883931939,
            22.891098702902713
          ]
        ]
      }
    },
    {
      "type": "Feature",
      "id": "local/global-nav/edge_418_campus_outdoor_cb4be3d30a_campus_outdoor_e6907f5308",
      "properties": {
        "featureClass": "road",
        "highway": "footway",
        "osmId": "local/global-nav/edge_418_campus_outdoor_cb4be3d30a_campus_outdoor_e6907f5308",
        "osmNodeIds": [
          "local-nav/campus_outdoor_cb4be3d30a",
          "local-nav/campus_outdoor_e6907f5308"
        ],
        "localEdgeId": "edge_418_campus_outdoor_cb4be3d30a_campus_outdoor_e6907f5308",
        "localEdgeType": "walk",
        "source": "global-nav-0408-gcj2wgs84",
        "verificationStatus": "from-navigation-graph-unverified"
      },
      "geometry": {
        "type": "LineString",
        "coordinates": [
          [
            113.47803723772056,
            22.891078053983325
          ],
          [
            113.47813858118248,
            22.891026368416437
          ]
        ]
      }
    },
    {
      "type": "Feature",
      "id": "local/global-nav/edge_419_campus_outdoor_43d10738b4_campus_outdoor_10cd1d939c",
      "properties": {
        "featureClass": "road",
        "highway": "footway",
        "osmId": "local/global-nav/edge_419_campus_outdoor_43d10738b4_campus_outdoor_10cd1d939c",
        "osmNodeIds": [
          "local-nav/campus_outdoor_43d10738b4",
          "local-nav/campus_outdoor_10cd1d939c"
        ],
        "localEdgeId": "edge_419_campus_outdoor_43d10738b4_campus_outdoor_10cd1d939c",
        "localEdgeType": "walk",
        "source": "global-nav-0408-gcj2wgs84",
        "verificationStatus": "from-navigation-graph-unverified"
      },
      "geometry": {
        "type": "LineString",
        "coordinates": [
          [
            113.47811447125873,
            22.891461122470123
          ],
          [
            113.47815861277658,
            22.8915602101871
          ]
        ]
      }
    },
    {
      "type": "Feature",
      "id": "local/global-nav/edge_420_campus_outdoor_43d10738b4_campus_outdoor_3c03c5159b",
      "properties": {
        "featureClass": "road",
        "highway": "footway",
        "osmId": "local/global-nav/edge_420_campus_outdoor_43d10738b4_campus_outdoor_3c03c5159b",
        "osmNodeIds": [
          "local-nav/campus_outdoor_43d10738b4",
          "local-nav/campus_outdoor_3c03c5159b"
        ],
        "localEdgeId": "edge_420_campus_outdoor_43d10738b4_campus_outdoor_3c03c5159b",
        "localEdgeType": "walk",
        "source": "global-nav-0408-gcj2wgs84",
        "verificationStatus": "from-navigation-graph-unverified"
      },
      "geometry": {
        "type": "LineString",
        "coordinates": [
          [
            113.47811447125873,
            22.891461122470123
          ],
          [
            113.47805427839761,
            22.89132500329642
          ]
        ]
      }
    },
    {
      "type": "Feature",
      "id": "local/global-nav/edge_421_campus_outdoor_9925e39328_campus_outdoor_674be0442f",
      "properties": {
        "featureClass": "road",
        "highway": "footway",
        "osmId": "local/global-nav/edge_421_campus_outdoor_9925e39328_campus_outdoor_674be0442f",
        "osmNodeIds": [
          "local-nav/campus_outdoor_9925e39328",
          "local-nav/campus_outdoor_674be0442f"
        ],
        "localEdgeId": "edge_421_campus_outdoor_9925e39328_campus_outdoor_674be0442f",
        "localEdgeType": "walk",
        "source": "global-nav-0408-gcj2wgs84",
        "verificationStatus": "from-navigation-graph-unverified"
      },
      "geometry": {
        "type": "LineString",
        "coordinates": [
          [
            113.4782529042701,
            22.891935331374537
          ],
          [
            113.47824588832034,
            22.891821357241948
          ]
        ]
      }
    },
    {
      "type": "Feature",
      "id": "local/global-nav/edge_422_campus_outdoor_9925e39328_campus_outdoor_91b751106b",
      "properties": {
        "featureClass": "road",
        "highway": "footway",
        "osmId": "local/global-nav/edge_422_campus_outdoor_9925e39328_campus_outdoor_91b751106b",
        "osmNodeIds": [
          "local-nav/campus_outdoor_9925e39328",
          "local-nav/campus_outdoor_91b751106b"
        ],
        "localEdgeId": "edge_422_campus_outdoor_9925e39328_campus_outdoor_91b751106b",
        "localEdgeType": "walk",
        "source": "global-nav-0408-gcj2wgs84",
        "verificationStatus": "from-navigation-graph-unverified"
      },
      "geometry": {
        "type": "LineString",
        "coordinates": [
          [
            113.4782529042701,
            22.891935331374537
          ],
          [
            113.47817062560377,
            22.89197207805271
          ]
        ]
      }
    },
    {
      "type": "Feature",
      "id": "local/global-nav/edge_423_campus_outdoor_674be0442f_campus_outdoor_9925e39328",
      "properties": {
        "featureClass": "road",
        "highway": "footway",
        "osmId": "local/global-nav/edge_423_campus_outdoor_674be0442f_campus_outdoor_9925e39328",
        "osmNodeIds": [
          "local-nav/campus_outdoor_674be0442f",
          "local-nav/campus_outdoor_9925e39328"
        ],
        "localEdgeId": "edge_423_campus_outdoor_674be0442f_campus_outdoor_9925e39328",
        "localEdgeType": "walk",
        "source": "global-nav-0408-gcj2wgs84",
        "verificationStatus": "from-navigation-graph-unverified"
      },
      "geometry": {
        "type": "LineString",
        "coordinates": [
          [
            113.47824588832034,
            22.891821357241948
          ],
          [
            113.4782529042701,
            22.891935331374537
          ]
        ]
      }
    },
    {
      "type": "Feature",
      "id": "local/global-nav/edge_424_campus_outdoor_674be0442f_campus_outdoor_baf1533de5",
      "properties": {
        "featureClass": "road",
        "highway": "footway",
        "osmId": "local/global-nav/edge_424_campus_outdoor_674be0442f_campus_outdoor_baf1533de5",
        "osmNodeIds": [
          "local-nav/campus_outdoor_674be0442f",
          "local-nav/campus_outdoor_baf1533de5"
        ],
        "localEdgeId": "edge_424_campus_outdoor_674be0442f_campus_outdoor_baf1533de5",
        "localEdgeType": "walk",
        "source": "global-nav-0408-gcj2wgs84",
        "verificationStatus": "from-navigation-graph-unverified"
      },
      "geometry": {
        "type": "LineString",
        "coordinates": [
          [
            113.47824588832034,
            22.891821357241948
          ],
          [
            113.47821679719517,
            22.891723312674383
          ]
        ]
      }
    },
    {
      "type": "Feature",
      "id": "local/global-nav/edge_425_campus_outdoor_2f771d4e67_campus_outdoor_3122a806b4",
      "properties": {
        "featureClass": "road",
        "highway": "footway",
        "osmId": "local/global-nav/edge_425_campus_outdoor_2f771d4e67_campus_outdoor_3122a806b4",
        "osmNodeIds": [
          "local-nav/campus_outdoor_2f771d4e67",
          "local-nav/campus_outdoor_3122a806b4"
        ],
        "localEdgeId": "edge_425_campus_outdoor_2f771d4e67_campus_outdoor_3122a806b4",
        "localEdgeType": "walk",
        "source": "global-nav-0408-gcj2wgs84",
        "verificationStatus": "from-navigation-graph-unverified"
      },
      "geometry": {
        "type": "LineString",
        "coordinates": [
          [
            113.47642059410232,
            22.89195153785738
          ],
          [
            113.47574751549455,
            22.892362940585866
          ]
        ]
      }
    },
    {
      "type": "Feature",
      "id": "local/global-nav/edge_426_campus_outdoor_2f771d4e67_campus_outdoor_b65669e2a8",
      "properties": {
        "featureClass": "road",
        "highway": "footway",
        "osmId": "local/global-nav/edge_426_campus_outdoor_2f771d4e67_campus_outdoor_b65669e2a8",
        "osmNodeIds": [
          "local-nav/campus_outdoor_2f771d4e67",
          "local-nav/campus_outdoor_b65669e2a8"
        ],
        "localEdgeId": "edge_426_campus_outdoor_2f771d4e67_campus_outdoor_b65669e2a8",
        "localEdgeType": "walk",
        "source": "global-nav-0408-gcj2wgs84",
        "verificationStatus": "from-navigation-graph-unverified"
      },
      "geometry": {
        "type": "LineString",
        "coordinates": [
          [
            113.47642059410232,
            22.89195153785738
          ],
          [
            113.47654088208482,
            22.891870463571905
          ]
        ]
      }
    },
    {
      "type": "Feature",
      "id": "local/global-nav/edge_427_campus_outdoor_e6907f5308_campus_outdoor_cb4be3d30a",
      "properties": {
        "featureClass": "road",
        "highway": "footway",
        "osmId": "local/global-nav/edge_427_campus_outdoor_e6907f5308_campus_outdoor_cb4be3d30a",
        "osmNodeIds": [
          "local-nav/campus_outdoor_e6907f5308",
          "local-nav/campus_outdoor_cb4be3d30a"
        ],
        "localEdgeId": "edge_427_campus_outdoor_e6907f5308_campus_outdoor_cb4be3d30a",
        "localEdgeType": "walk",
        "source": "global-nav-0408-gcj2wgs84",
        "verificationStatus": "from-navigation-graph-unverified"
      },
      "geometry": {
        "type": "LineString",
        "coordinates": [
          [
            113.47813858118248,
            22.891026368416437
          ],
          [
            113.47803723772056,
            22.891078053983325
          ]
        ]
      }
    },
    {
      "type": "Feature",
      "id": "local/global-nav/edge_429_campus_outdoor_a168947e16_campus_outdoor_5f039db7b6",
      "properties": {
        "featureClass": "road",
        "highway": "footway",
        "osmId": "local/global-nav/edge_429_campus_outdoor_a168947e16_campus_outdoor_5f039db7b6",
        "osmNodeIds": [
          "local-nav/campus_outdoor_a168947e16",
          "local-nav/campus_outdoor_5f039db7b6"
        ],
        "localEdgeId": "edge_429_campus_outdoor_a168947e16_campus_outdoor_5f039db7b6",
        "localEdgeType": "walk",
        "source": "global-nav-0408-gcj2wgs84",
        "verificationStatus": "from-navigation-graph-unverified"
      },
      "geometry": {
        "type": "LineString",
        "coordinates": [
          [
            113.47844263372343,
            22.890861982160974
          ],
          [
            113.47923129173577,
            22.8905137491675
          ]
        ]
      }
    },
    {
      "type": "Feature",
      "id": "local/global-nav/edge_430_campus_outdoor_a168947e16_campus_outdoor_ed339837b6",
      "properties": {
        "featureClass": "road",
        "highway": "footway",
        "osmId": "local/global-nav/edge_430_campus_outdoor_a168947e16_campus_outdoor_ed339837b6",
        "osmNodeIds": [
          "local-nav/campus_outdoor_a168947e16",
          "local-nav/campus_outdoor_ed339837b6"
        ],
        "localEdgeId": "edge_430_campus_outdoor_a168947e16_campus_outdoor_ed339837b6",
        "localEdgeType": "walk",
        "source": "global-nav-0408-gcj2wgs84",
        "verificationStatus": "from-navigation-graph-unverified"
      },
      "geometry": {
        "type": "LineString",
        "coordinates": [
          [
            113.47844263372343,
            22.890861982160974
          ],
          [
            113.47827656437215,
            22.890941481955288
          ]
        ]
      }
    },
    {
      "type": "Feature",
      "id": "local/global-nav/edge_431_campus_outdoor_f3a3e16a7e_campus_outdoor_910b48adb5",
      "properties": {
        "featureClass": "road",
        "highway": "footway",
        "osmId": "local/global-nav/edge_431_campus_outdoor_f3a3e16a7e_campus_outdoor_910b48adb5",
        "osmNodeIds": [
          "local-nav/campus_outdoor_f3a3e16a7e",
          "local-nav/campus_outdoor_910b48adb5"
        ],
        "localEdgeId": "edge_431_campus_outdoor_f3a3e16a7e_campus_outdoor_910b48adb5",
        "localEdgeType": "walk",
        "source": "global-nav-0408-gcj2wgs84",
        "verificationStatus": "from-navigation-graph-unverified"
      },
      "geometry": {
        "type": "LineString",
        "coordinates": [
          [
            113.480867844582,
            22.89031161130475
          ],
          [
            113.48109861688454,
            22.890489216025756
          ]
        ]
      }
    },
    {
      "type": "Feature",
      "id": "local/global-nav/edge_432_campus_outdoor_f3a3e16a7e_campus_outdoor_a6516557eb",
      "properties": {
        "featureClass": "road",
        "highway": "footway",
        "osmId": "local/global-nav/edge_432_campus_outdoor_f3a3e16a7e_campus_outdoor_a6516557eb",
        "osmNodeIds": [
          "local-nav/campus_outdoor_f3a3e16a7e",
          "local-nav/campus_outdoor_a6516557eb"
        ],
        "localEdgeId": "edge_432_campus_outdoor_f3a3e16a7e_campus_outdoor_a6516557eb",
        "localEdgeType": "walk",
        "source": "global-nav-0408-gcj2wgs84",
        "verificationStatus": "from-navigation-graph-unverified"
      },
      "geometry": {
        "type": "LineString",
        "coordinates": [
          [
            113.480867844582,
            22.89031161130475
          ],
          [
            113.48067521148941,
            22.889998173797075
          ]
        ]
      }
    },
    {
      "type": "Feature",
      "id": "local/global-nav/edge_433_campus_outdoor_910b48adb5_campus_outdoor_a424d464af",
      "properties": {
        "featureClass": "road",
        "highway": "footway",
        "osmId": "local/global-nav/edge_433_campus_outdoor_910b48adb5_campus_outdoor_a424d464af",
        "osmNodeIds": [
          "local-nav/campus_outdoor_910b48adb5",
          "local-nav/campus_outdoor_a424d464af"
        ],
        "localEdgeId": "edge_433_campus_outdoor_910b48adb5_campus_outdoor_a424d464af",
        "localEdgeType": "walk",
        "source": "global-nav-0408-gcj2wgs84",
        "verificationStatus": "from-navigation-graph-unverified"
      },
      "geometry": {
        "type": "LineString",
        "coordinates": [
          [
            113.48109861688454,
            22.890489216025756
          ],
          [
            113.48134042412006,
            22.890716833473757
          ]
        ]
      }
    },
    {
      "type": "Feature",
      "id": "local/global-nav/edge_434_campus_outdoor_910b48adb5_campus_outdoor_f3a3e16a7e",
      "properties": {
        "featureClass": "road",
        "highway": "footway",
        "osmId": "local/global-nav/edge_434_campus_outdoor_910b48adb5_campus_outdoor_f3a3e16a7e",
        "osmNodeIds": [
          "local-nav/campus_outdoor_910b48adb5",
          "local-nav/campus_outdoor_f3a3e16a7e"
        ],
        "localEdgeId": "edge_434_campus_outdoor_910b48adb5_campus_outdoor_f3a3e16a7e",
        "localEdgeType": "walk",
        "source": "global-nav-0408-gcj2wgs84",
        "verificationStatus": "from-navigation-graph-unverified"
      },
      "geometry": {
        "type": "LineString",
        "coordinates": [
          [
            113.48109861688454,
            22.890489216025756
          ],
          [
            113.480867844582,
            22.89031161130475
          ]
        ]
      }
    },
    {
      "type": "Feature",
      "id": "local/global-nav/edge_435_campus_outdoor_a424d464af_campus_outdoor_6710719c7a",
      "properties": {
        "featureClass": "road",
        "highway": "footway",
        "osmId": "local/global-nav/edge_435_campus_outdoor_a424d464af_campus_outdoor_6710719c7a",
        "osmNodeIds": [
          "local-nav/campus_outdoor_a424d464af",
          "local-nav/campus_outdoor_6710719c7a"
        ],
        "localEdgeId": "edge_435_campus_outdoor_a424d464af_campus_outdoor_6710719c7a",
        "localEdgeType": "walk",
        "source": "global-nav-0408-gcj2wgs84",
        "verificationStatus": "from-navigation-graph-unverified"
      },
      "geometry": {
        "type": "LineString",
        "coordinates": [
          [
            113.48134042412006,
            22.890716833473757
          ],
          [
            113.48162538457676,
            22.890862611487623
          ]
        ]
      }
    },
    {
      "type": "Feature",
      "id": "local/global-nav/edge_436_campus_outdoor_a424d464af_campus_outdoor_910b48adb5",
      "properties": {
        "featureClass": "road",
        "highway": "footway",
        "osmId": "local/global-nav/edge_436_campus_outdoor_a424d464af_campus_outdoor_910b48adb5",
        "osmNodeIds": [
          "local-nav/campus_outdoor_a424d464af",
          "local-nav/campus_outdoor_910b48adb5"
        ],
        "localEdgeId": "edge_436_campus_outdoor_a424d464af_campus_outdoor_910b48adb5",
        "localEdgeType": "walk",
        "source": "global-nav-0408-gcj2wgs84",
        "verificationStatus": "from-navigation-graph-unverified"
      },
      "geometry": {
        "type": "LineString",
        "coordinates": [
          [
            113.48134042412006,
            22.890716833473757
          ],
          [
            113.48109861688454,
            22.890489216025756
          ]
        ]
      }
    },
    {
      "type": "Feature",
      "id": "local/global-nav/edge_437_campus_outdoor_6710719c7a_campus_outdoor_a424d464af",
      "properties": {
        "featureClass": "road",
        "highway": "footway",
        "osmId": "local/global-nav/edge_437_campus_outdoor_6710719c7a_campus_outdoor_a424d464af",
        "osmNodeIds": [
          "local-nav/campus_outdoor_6710719c7a",
          "local-nav/campus_outdoor_a424d464af"
        ],
        "localEdgeId": "edge_437_campus_outdoor_6710719c7a_campus_outdoor_a424d464af",
        "localEdgeType": "walk",
        "source": "global-nav-0408-gcj2wgs84",
        "verificationStatus": "from-navigation-graph-unverified"
      },
      "geometry": {
        "type": "LineString",
        "coordinates": [
          [
            113.48162538457676,
            22.890862611487623
          ],
          [
            113.48134042412006,
            22.890716833473757
          ]
        ]
      }
    },
    {
      "type": "Feature",
      "id": "local/global-nav/edge_438_campus_outdoor_6710719c7a_campus_outdoor_ebc2d9ff54",
      "properties": {
        "featureClass": "road",
        "highway": "footway",
        "osmId": "local/global-nav/edge_438_campus_outdoor_6710719c7a_campus_outdoor_ebc2d9ff54",
        "osmNodeIds": [
          "local-nav/campus_outdoor_6710719c7a",
          "local-nav/campus_outdoor_ebc2d9ff54"
        ],
        "localEdgeId": "edge_438_campus_outdoor_6710719c7a_campus_outdoor_ebc2d9ff54",
        "localEdgeType": "walk",
        "source": "global-nav-0408-gcj2wgs84",
        "verificationStatus": "from-navigation-graph-unverified"
      },
      "geometry": {
        "type": "LineString",
        "coordinates": [
          [
            113.48162538457676,
            22.890862611487623
          ],
          [
            113.48184010888782,
            22.890974197602894
          ]
        ]
      }
    },
    {
      "type": "Feature",
      "id": "local/global-nav/edge_439_campus_outdoor_ebc2d9ff54_campus_outdoor_5f1d48f964",
      "properties": {
        "featureClass": "road",
        "highway": "footway",
        "osmId": "local/global-nav/edge_439_campus_outdoor_ebc2d9ff54_campus_outdoor_5f1d48f964",
        "osmNodeIds": [
          "local-nav/campus_outdoor_ebc2d9ff54",
          "local-nav/campus_outdoor_5f1d48f964"
        ],
        "localEdgeId": "edge_439_campus_outdoor_ebc2d9ff54_campus_outdoor_5f1d48f964",
        "localEdgeType": "walk",
        "source": "global-nav-0408-gcj2wgs84",
        "verificationStatus": "from-navigation-graph-unverified"
      },
      "geometry": {
        "type": "LineString",
        "coordinates": [
          [
            113.48184010888782,
            22.890974197602894
          ],
          [
            113.48200867699636,
            22.891075652454425
          ]
        ]
      }
    },
    {
      "type": "Feature",
      "id": "local/global-nav/edge_440_campus_outdoor_ebc2d9ff54_campus_outdoor_6710719c7a",
      "properties": {
        "featureClass": "road",
        "highway": "footway",
        "osmId": "local/global-nav/edge_440_campus_outdoor_ebc2d9ff54_campus_outdoor_6710719c7a",
        "osmNodeIds": [
          "local-nav/campus_outdoor_ebc2d9ff54",
          "local-nav/campus_outdoor_6710719c7a"
        ],
        "localEdgeId": "edge_440_campus_outdoor_ebc2d9ff54_campus_outdoor_6710719c7a",
        "localEdgeType": "walk",
        "source": "global-nav-0408-gcj2wgs84",
        "verificationStatus": "from-navigation-graph-unverified"
      },
      "geometry": {
        "type": "LineString",
        "coordinates": [
          [
            113.48184010888782,
            22.890974197602894
          ],
          [
            113.48162538457676,
            22.890862611487623
          ]
        ]
      }
    },
    {
      "type": "Feature",
      "id": "local/global-nav/edge_441_campus_outdoor_193749eb56_campus_outdoor_2c2216c489",
      "properties": {
        "featureClass": "road",
        "highway": "footway",
        "osmId": "local/global-nav/edge_441_campus_outdoor_193749eb56_campus_outdoor_2c2216c489",
        "osmNodeIds": [
          "local-nav/campus_outdoor_193749eb56",
          "local-nav/campus_outdoor_2c2216c489"
        ],
        "localEdgeId": "edge_441_campus_outdoor_193749eb56_campus_outdoor_2c2216c489",
        "localEdgeType": "walk",
        "source": "global-nav-0408-gcj2wgs84",
        "verificationStatus": "from-navigation-graph-unverified"
      },
      "geometry": {
        "type": "LineString",
        "coordinates": [
          [
            113.48000165037415,
            22.894172511464316
          ],
          [
            113.48015416793979,
            22.8941539645677
          ]
        ]
      }
    },
    {
      "type": "Feature",
      "id": "local/global-nav/edge_442_campus_outdoor_193749eb56_campus_outdoor_5113e89525",
      "properties": {
        "featureClass": "road",
        "highway": "footway",
        "osmId": "local/global-nav/edge_442_campus_outdoor_193749eb56_campus_outdoor_5113e89525",
        "osmNodeIds": [
          "local-nav/campus_outdoor_193749eb56",
          "local-nav/campus_outdoor_5113e89525"
        ],
        "localEdgeId": "edge_442_campus_outdoor_193749eb56_campus_outdoor_5113e89525",
        "localEdgeType": "walk",
        "source": "global-nav-0408-gcj2wgs84",
        "verificationStatus": "from-navigation-graph-unverified"
      },
      "geometry": {
        "type": "LineString",
        "coordinates": [
          [
            113.48000165037415,
            22.894172511464316
          ],
          [
            113.47985113979767,
            22.894193063682327
          ]
        ]
      }
    },
    {
      "type": "Feature",
      "id": "local/global-nav/edge_443_campus_outdoor_2c2216c489_campus_outdoor_193749eb56",
      "properties": {
        "featureClass": "road",
        "highway": "footway",
        "osmId": "local/global-nav/edge_443_campus_outdoor_2c2216c489_campus_outdoor_193749eb56",
        "osmNodeIds": [
          "local-nav/campus_outdoor_2c2216c489",
          "local-nav/campus_outdoor_193749eb56"
        ],
        "localEdgeId": "edge_443_campus_outdoor_2c2216c489_campus_outdoor_193749eb56",
        "localEdgeType": "walk",
        "source": "global-nav-0408-gcj2wgs84",
        "verificationStatus": "from-navigation-graph-unverified"
      },
      "geometry": {
        "type": "LineString",
        "coordinates": [
          [
            113.48015416793979,
            22.8941539645677
          ],
          [
            113.48000165037415,
            22.894172511464316
          ]
        ]
      }
    },
    {
      "type": "Feature",
      "id": "local/global-nav/edge_444_campus_outdoor_2c2216c489_campus_outdoor_c9e3198ae4",
      "properties": {
        "featureClass": "road",
        "highway": "footway",
        "osmId": "local/global-nav/edge_444_campus_outdoor_2c2216c489_campus_outdoor_c9e3198ae4",
        "osmNodeIds": [
          "local-nav/campus_outdoor_2c2216c489",
          "local-nav/campus_outdoor_c9e3198ae4"
        ],
        "localEdgeId": "edge_444_campus_outdoor_2c2216c489_campus_outdoor_c9e3198ae4",
        "localEdgeType": "walk",
        "source": "global-nav-0408-gcj2wgs84",
        "verificationStatus": "from-navigation-graph-unverified"
      },
      "geometry": {
        "type": "LineString",
        "coordinates": [
          [
            113.48015416793979,
            22.8941539645677
          ],
          [
            113.48032073397464,
            22.89412746226041
          ]
        ]
      }
    },
    {
      "type": "Feature",
      "id": "local/global-nav/edge_445_campus_outdoor_f201a4cf87_campus_outdoor_6d4bdea8fc",
      "properties": {
        "featureClass": "road",
        "highway": "footway",
        "osmId": "local/global-nav/edge_445_campus_outdoor_f201a4cf87_campus_outdoor_6d4bdea8fc",
        "osmNodeIds": [
          "local-nav/campus_outdoor_f201a4cf87",
          "local-nav/campus_outdoor_6d4bdea8fc"
        ],
        "localEdgeId": "edge_445_campus_outdoor_f201a4cf87_campus_outdoor_6d4bdea8fc",
        "localEdgeType": "walk",
        "source": "global-nav-0408-gcj2wgs84",
        "verificationStatus": "from-navigation-graph-unverified"
      },
      "geometry": {
        "type": "LineString",
        "coordinates": [
          [
            113.4793538563233,
            22.88824902147715
          ],
          [
            113.47953246519641,
            22.88816057758587
          ]
        ]
      }
    },
    {
      "type": "Feature",
      "id": "local/global-nav/edge_446_campus_outdoor_f201a4cf87_campus_outdoor_b349ad6e70",
      "properties": {
        "featureClass": "road",
        "highway": "footway",
        "osmId": "local/global-nav/edge_446_campus_outdoor_f201a4cf87_campus_outdoor_b349ad6e70",
        "osmNodeIds": [
          "local-nav/campus_outdoor_f201a4cf87",
          "local-nav/campus_outdoor_b349ad6e70"
        ],
        "localEdgeId": "edge_446_campus_outdoor_f201a4cf87_campus_outdoor_b349ad6e70",
        "localEdgeType": "walk",
        "source": "global-nav-0408-gcj2wgs84",
        "verificationStatus": "from-navigation-graph-unverified"
      },
      "geometry": {
        "type": "LineString",
        "coordinates": [
          [
            113.4793538563233,
            22.88824902147715
          ],
          [
            113.4794842838982,
            22.888439324631314
          ]
        ]
      }
    },
    {
      "type": "Feature",
      "id": "local/global-nav/edge_447_campus_outdoor_f201a4cf87_campus_outdoor_e801879d62",
      "properties": {
        "featureClass": "road",
        "highway": "footway",
        "osmId": "local/global-nav/edge_447_campus_outdoor_f201a4cf87_campus_outdoor_e801879d62",
        "osmNodeIds": [
          "local-nav/campus_outdoor_f201a4cf87",
          "local-nav/campus_outdoor_e801879d62"
        ],
        "localEdgeId": "edge_447_campus_outdoor_f201a4cf87_campus_outdoor_e801879d62",
        "localEdgeType": "walk",
        "source": "global-nav-0408-gcj2wgs84",
        "verificationStatus": "from-navigation-graph-unverified"
      },
      "geometry": {
        "type": "LineString",
        "coordinates": [
          [
            113.4793538563233,
            22.88824902147715
          ],
          [
            113.47925351433547,
            22.888300708422623
          ]
        ]
      }
    },
    {
      "type": "Feature",
      "id": "local/global-nav/edge_448_campus_outdoor_6d62a5c422_campus_outdoor_775c0acdd7",
      "properties": {
        "featureClass": "road",
        "highway": "footway",
        "osmId": "local/global-nav/edge_448_campus_outdoor_6d62a5c422_campus_outdoor_775c0acdd7",
        "osmNodeIds": [
          "local-nav/campus_outdoor_6d62a5c422",
          "local-nav/campus_outdoor_775c0acdd7"
        ],
        "localEdgeId": "edge_448_campus_outdoor_6d62a5c422_campus_outdoor_775c0acdd7",
        "localEdgeType": "walk",
        "source": "global-nav-0408-gcj2wgs84",
        "verificationStatus": "from-navigation-graph-unverified"
      },
      "geometry": {
        "type": "LineString",
        "coordinates": [
          [
            113.47907296950729,
            22.88734256959524
          ],
          [
            113.4792294789497,
            22.887615914794896
          ]
        ]
      }
    },
    {
      "type": "Feature",
      "id": "local/global-nav/edge_449_campus_outdoor_6d62a5c422_campus_outdoor_b84860a87a",
      "properties": {
        "featureClass": "road",
        "highway": "footway",
        "osmId": "local/global-nav/edge_449_campus_outdoor_6d62a5c422_campus_outdoor_b84860a87a",
        "osmNodeIds": [
          "local-nav/campus_outdoor_6d62a5c422",
          "local-nav/campus_outdoor_b84860a87a"
        ],
        "localEdgeId": "edge_449_campus_outdoor_6d62a5c422_campus_outdoor_b84860a87a",
        "localEdgeType": "walk",
        "source": "global-nav-0408-gcj2wgs84",
        "verificationStatus": "from-navigation-graph-unverified"
      },
      "geometry": {
        "type": "LineString",
        "coordinates": [
          [
            113.47907296950729,
            22.88734256959524
          ],
          [
            113.4775046466135,
            22.888186682915308
          ]
        ]
      }
    },
    {
      "type": "Feature",
      "id": "local/global-nav/edge_450_campus_outdoor_6d62a5c422_campus_outdoor_fa14885661",
      "properties": {
        "featureClass": "road",
        "highway": "footway",
        "osmId": "local/global-nav/edge_450_campus_outdoor_6d62a5c422_campus_outdoor_fa14885661",
        "osmNodeIds": [
          "local-nav/campus_outdoor_6d62a5c422",
          "local-nav/campus_outdoor_fa14885661"
        ],
        "localEdgeId": "edge_450_campus_outdoor_6d62a5c422_campus_outdoor_fa14885661",
        "localEdgeType": "walk",
        "source": "global-nav-0408-gcj2wgs84",
        "verificationStatus": "from-navigation-graph-unverified"
      },
      "geometry": {
        "type": "LineString",
        "coordinates": [
          [
            113.47907296950729,
            22.88734256959524
          ],
          [
            113.48127951997523,
            22.886170490349826
          ]
        ]
      }
    },
    {
      "type": "Feature",
      "id": "local/global-nav/edge_451_campus_outdoor_775c0acdd7_campus_outdoor_3ffeb1a368",
      "properties": {
        "featureClass": "road",
        "highway": "footway",
        "osmId": "local/global-nav/edge_451_campus_outdoor_775c0acdd7_campus_outdoor_3ffeb1a368",
        "osmNodeIds": [
          "local-nav/campus_outdoor_775c0acdd7",
          "local-nav/campus_outdoor_3ffeb1a368"
        ],
        "localEdgeId": "edge_451_campus_outdoor_775c0acdd7_campus_outdoor_3ffeb1a368",
        "localEdgeType": "walk",
        "source": "global-nav-0408-gcj2wgs84",
        "verificationStatus": "from-navigation-graph-unverified"
      },
      "geometry": {
        "type": "LineString",
        "coordinates": [
          [
            113.4792294789497,
            22.887615914794896
          ],
          [
            113.4793147571391,
            22.887758105723552
          ]
        ]
      }
    },
    {
      "type": "Feature",
      "id": "local/global-nav/edge_452_campus_outdoor_775c0acdd7_campus_outdoor_6d62a5c422",
      "properties": {
        "featureClass": "road",
        "highway": "footway",
        "osmId": "local/global-nav/edge_452_campus_outdoor_775c0acdd7_campus_outdoor_6d62a5c422",
        "osmNodeIds": [
          "local-nav/campus_outdoor_775c0acdd7",
          "local-nav/campus_outdoor_6d62a5c422"
        ],
        "localEdgeId": "edge_452_campus_outdoor_775c0acdd7_campus_outdoor_6d62a5c422",
        "localEdgeType": "walk",
        "source": "global-nav-0408-gcj2wgs84",
        "verificationStatus": "from-navigation-graph-unverified"
      },
      "geometry": {
        "type": "LineString",
        "coordinates": [
          [
            113.4792294789497,
            22.887615914794896
          ],
          [
            113.47907296950729,
            22.88734256959524
          ]
        ]
      }
    },
    {
      "type": "Feature",
      "id": "local/global-nav/edge_453_campus_outdoor_fa14885661_campus_outdoor_04ed65c58e",
      "properties": {
        "featureClass": "road",
        "highway": "footway",
        "osmId": "local/global-nav/edge_453_campus_outdoor_fa14885661_campus_outdoor_04ed65c58e",
        "osmNodeIds": [
          "local-nav/campus_outdoor_fa14885661",
          10775863254
        ],
        "localEdgeId": "edge_453_campus_outdoor_fa14885661_campus_outdoor_04ed65c58e",
        "localEdgeType": "walk",
        "source": "global-nav-0408-gcj2wgs84",
        "verificationStatus": "from-navigation-graph-unverified"
      },
      "geometry": {
        "type": "LineString",
        "coordinates": [
          [
            113.48127951997523,
            22.886170490349826
          ],
          [
            113.48153237063434,
            22.886319172976144
          ]
        ]
      }
    },
    {
      "type": "Feature",
      "id": "local/global-nav/edge_454_campus_outdoor_fa14885661_campus_outdoor_6d62a5c422",
      "properties": {
        "featureClass": "road",
        "highway": "footway",
        "osmId": "local/global-nav/edge_454_campus_outdoor_fa14885661_campus_outdoor_6d62a5c422",
        "osmNodeIds": [
          "local-nav/campus_outdoor_fa14885661",
          "local-nav/campus_outdoor_6d62a5c422"
        ],
        "localEdgeId": "edge_454_campus_outdoor_fa14885661_campus_outdoor_6d62a5c422",
        "localEdgeType": "walk",
        "source": "global-nav-0408-gcj2wgs84",
        "verificationStatus": "from-navigation-graph-unverified"
      },
      "geometry": {
        "type": "LineString",
        "coordinates": [
          [
            113.48127951997523,
            22.886170490349826
          ],
          [
            113.47907296950729,
            22.88734256959524
          ]
        ]
      }
    },
    {
      "type": "Feature",
      "id": "local/global-nav/edge_455_campus_outdoor_b349ad6e70_campus_outdoor_b09a5c3e98",
      "properties": {
        "featureClass": "road",
        "highway": "footway",
        "osmId": "local/global-nav/edge_455_campus_outdoor_b349ad6e70_campus_outdoor_b09a5c3e98",
        "osmNodeIds": [
          "local-nav/campus_outdoor_b349ad6e70",
          "local-nav/campus_outdoor_b09a5c3e98"
        ],
        "localEdgeId": "edge_455_campus_outdoor_b349ad6e70_campus_outdoor_b09a5c3e98",
        "localEdgeType": "walk",
        "source": "global-nav-0408-gcj2wgs84",
        "verificationStatus": "from-navigation-graph-unverified"
      },
      "geometry": {
        "type": "LineString",
        "coordinates": [
          [
            113.4794842838982,
            22.888439324631314
          ],
          [
            113.47968694626171,
            22.88877278081475
          ]
        ]
      }
    },
    {
      "type": "Feature",
      "id": "local/global-nav/edge_456_campus_outdoor_b349ad6e70_campus_outdoor_f201a4cf87",
      "properties": {
        "featureClass": "road",
        "highway": "footway",
        "osmId": "local/global-nav/edge_456_campus_outdoor_b349ad6e70_campus_outdoor_f201a4cf87",
        "osmNodeIds": [
          "local-nav/campus_outdoor_b349ad6e70",
          "local-nav/campus_outdoor_f201a4cf87"
        ],
        "localEdgeId": "edge_456_campus_outdoor_b349ad6e70_campus_outdoor_f201a4cf87",
        "localEdgeType": "walk",
        "source": "global-nav-0408-gcj2wgs84",
        "verificationStatus": "from-navigation-graph-unverified"
      },
      "geometry": {
        "type": "LineString",
        "coordinates": [
          [
            113.4794842838982,
            22.888439324631314
          ],
          [
            113.4793538563233,
            22.88824902147715
          ]
        ]
      }
    },
    {
      "type": "Feature",
      "id": "local/global-nav/edge_457_campus_outdoor_b09a5c3e98_campus_outdoor_b349ad6e70",
      "properties": {
        "featureClass": "road",
        "highway": "footway",
        "osmId": "local/global-nav/edge_457_campus_outdoor_b09a5c3e98_campus_outdoor_b349ad6e70",
        "osmNodeIds": [
          "local-nav/campus_outdoor_b09a5c3e98",
          "local-nav/campus_outdoor_b349ad6e70"
        ],
        "localEdgeId": "edge_457_campus_outdoor_b09a5c3e98_campus_outdoor_b349ad6e70",
        "localEdgeType": "walk",
        "source": "global-nav-0408-gcj2wgs84",
        "verificationStatus": "from-navigation-graph-unverified"
      },
      "geometry": {
        "type": "LineString",
        "coordinates": [
          [
            113.47968694626171,
            22.88877278081475
          ],
          [
            113.4794842838982,
            22.888439324631314
          ]
        ]
      }
    },
    {
      "type": "Feature",
      "id": "local/global-nav/edge_458_campus_outdoor_b09a5c3e98_campus_outdoor_ee4ec23e08",
      "properties": {
        "featureClass": "road",
        "highway": "footway",
        "osmId": "local/global-nav/edge_458_campus_outdoor_b09a5c3e98_campus_outdoor_ee4ec23e08",
        "osmNodeIds": [
          "local-nav/campus_outdoor_b09a5c3e98",
          "local-nav/campus_outdoor_ee4ec23e08"
        ],
        "localEdgeId": "edge_458_campus_outdoor_b09a5c3e98_campus_outdoor_ee4ec23e08",
        "localEdgeType": "walk",
        "source": "global-nav-0408-gcj2wgs84",
        "verificationStatus": "from-navigation-graph-unverified"
      },
      "geometry": {
        "type": "LineString",
        "coordinates": [
          [
            113.47968694626171,
            22.88877278081475
          ],
          [
            113.48001805479886,
            22.888941678989347
          ]
        ]
      }
    },
    {
      "type": "Feature",
      "id": "local/global-nav/edge_459_campus_outdoor_7f582803ff_campus_outdoor_4903c6b5e0",
      "properties": {
        "featureClass": "road",
        "highway": "footway",
        "osmId": "local/global-nav/edge_459_campus_outdoor_7f582803ff_campus_outdoor_4903c6b5e0",
        "osmNodeIds": [
          10740248634,
          10057722423
        ],
        "localEdgeId": "edge_459_campus_outdoor_7f582803ff_campus_outdoor_4903c6b5e0",
        "localEdgeType": "walk",
        "source": "global-nav-0408-gcj2wgs84",
        "verificationStatus": "from-navigation-graph-unverified"
      },
      "geometry": {
        "type": "LineString",
        "coordinates": [
          [
            113.48205308757974,
            22.88718835398115
          ],
          [
            113.48191562324766,
            22.887119977033525
          ]
        ]
      }
    },
    {
      "type": "Feature",
      "id": "local/global-nav/edge_460_campus_outdoor_7f582803ff_campus_outdoor_945e12c128",
      "properties": {
        "featureClass": "road",
        "highway": "footway",
        "osmId": "local/global-nav/edge_460_campus_outdoor_7f582803ff_campus_outdoor_945e12c128",
        "osmNodeIds": [
          10740248634,
          "local-nav/campus_outdoor_945e12c128"
        ],
        "localEdgeId": "edge_460_campus_outdoor_7f582803ff_campus_outdoor_945e12c128",
        "localEdgeType": "walk",
        "source": "global-nav-0408-gcj2wgs84",
        "verificationStatus": "from-navigation-graph-unverified"
      },
      "geometry": {
        "type": "LineString",
        "coordinates": [
          [
            113.48205308757974,
            22.88718835398115
          ],
          [
            113.4821353627221,
            22.887272562232425
          ]
        ]
      }
    },
    {
      "type": "Feature",
      "id": "local/global-nav/edge_461_campus_outdoor_945e12c128_campus_outdoor_7f582803ff",
      "properties": {
        "featureClass": "road",
        "highway": "footway",
        "osmId": "local/global-nav/edge_461_campus_outdoor_945e12c128_campus_outdoor_7f582803ff",
        "osmNodeIds": [
          "local-nav/campus_outdoor_945e12c128",
          10740248634
        ],
        "localEdgeId": "edge_461_campus_outdoor_945e12c128_campus_outdoor_7f582803ff",
        "localEdgeType": "walk",
        "source": "global-nav-0408-gcj2wgs84",
        "verificationStatus": "from-navigation-graph-unverified"
      },
      "geometry": {
        "type": "LineString",
        "coordinates": [
          [
            113.4821353627221,
            22.887272562232425
          ],
          [
            113.48205308757974,
            22.88718835398115
          ]
        ]
      }
    },
    {
      "type": "Feature",
      "id": "local/global-nav/edge_462_campus_outdoor_945e12c128_campus_outdoor_974778ff7e",
      "properties": {
        "featureClass": "road",
        "highway": "footway",
        "osmId": "local/global-nav/edge_462_campus_outdoor_945e12c128_campus_outdoor_974778ff7e",
        "osmNodeIds": [
          "local-nav/campus_outdoor_945e12c128",
          "local-nav/campus_outdoor_974778ff7e"
        ],
        "localEdgeId": "edge_462_campus_outdoor_945e12c128_campus_outdoor_974778ff7e",
        "localEdgeType": "walk",
        "source": "global-nav-0408-gcj2wgs84",
        "verificationStatus": "from-navigation-graph-unverified"
      },
      "geometry": {
        "type": "LineString",
        "coordinates": [
          [
            113.4821353627221,
            22.887272562232425
          ],
          [
            113.48216345326284,
            22.88735261266301
          ]
        ]
      }
    },
    {
      "type": "Feature",
      "id": "local/global-nav/edge_463_campus_outdoor_974778ff7e_campus_outdoor_945e12c128",
      "properties": {
        "featureClass": "road",
        "highway": "footway",
        "osmId": "local/global-nav/edge_463_campus_outdoor_974778ff7e_campus_outdoor_945e12c128",
        "osmNodeIds": [
          "local-nav/campus_outdoor_974778ff7e",
          "local-nav/campus_outdoor_945e12c128"
        ],
        "localEdgeId": "edge_463_campus_outdoor_974778ff7e_campus_outdoor_945e12c128",
        "localEdgeType": "walk",
        "source": "global-nav-0408-gcj2wgs84",
        "verificationStatus": "from-navigation-graph-unverified"
      },
      "geometry": {
        "type": "LineString",
        "coordinates": [
          [
            113.48216345326284,
            22.88735261266301
          ],
          [
            113.4821353627221,
            22.887272562232425
          ]
        ]
      }
    },
    {
      "type": "Feature",
      "id": "local/global-nav/edge_464_campus_outdoor_974778ff7e_campus_outdoor_f5c70dd210",
      "properties": {
        "featureClass": "road",
        "highway": "footway",
        "osmId": "local/global-nav/edge_464_campus_outdoor_974778ff7e_campus_outdoor_f5c70dd210",
        "osmNodeIds": [
          "local-nav/campus_outdoor_974778ff7e",
          "local-nav/campus_outdoor_f5c70dd210"
        ],
        "localEdgeId": "edge_464_campus_outdoor_974778ff7e_campus_outdoor_f5c70dd210",
        "localEdgeType": "walk",
        "source": "global-nav-0408-gcj2wgs84",
        "verificationStatus": "from-navigation-graph-unverified"
      },
      "geometry": {
        "type": "LineString",
        "coordinates": [
          [
            113.48216345326284,
            22.88735261266301
          ],
          [
            113.48232999320528,
            22.887782929617384
          ]
        ]
      }
    },
    {
      "type": "Feature",
      "id": "local/global-nav/edge_465_campus_outdoor_04ed65c58e_campus_outdoor_03d5369015",
      "properties": {
        "featureClass": "road",
        "highway": "footway",
        "osmId": "local/global-nav/edge_465_campus_outdoor_04ed65c58e_campus_outdoor_03d5369015",
        "osmNodeIds": [
          10775863254,
          "local-nav/campus_outdoor_03d5369015"
        ],
        "localEdgeId": "edge_465_campus_outdoor_04ed65c58e_campus_outdoor_03d5369015",
        "localEdgeType": "walk",
        "source": "global-nav-0408-gcj2wgs84",
        "verificationStatus": "from-navigation-graph-unverified"
      },
      "geometry": {
        "type": "LineString",
        "coordinates": [
          [
            113.48153237063434,
            22.886319172976144
          ],
          [
            113.48182136377532,
            22.88619107404517
          ]
        ]
      }
    },
    {
      "type": "Feature",
      "id": "local/global-nav/edge_466_campus_outdoor_04ed65c58e_campus_outdoor_fa14885661",
      "properties": {
        "featureClass": "road",
        "highway": "footway",
        "osmId": "local/global-nav/edge_466_campus_outdoor_04ed65c58e_campus_outdoor_fa14885661",
        "osmNodeIds": [
          10775863254,
          "local-nav/campus_outdoor_fa14885661"
        ],
        "localEdgeId": "edge_466_campus_outdoor_04ed65c58e_campus_outdoor_fa14885661",
        "localEdgeType": "walk",
        "source": "global-nav-0408-gcj2wgs84",
        "verificationStatus": "from-navigation-graph-unverified"
      },
      "geometry": {
        "type": "LineString",
        "coordinates": [
          [
            113.48153237063434,
            22.886319172976144
          ],
          [
            113.48127951997523,
            22.886170490349826
          ]
        ]
      }
    },
    {
      "type": "Feature",
      "id": "local/global-nav/edge_467_campus_outdoor_03d5369015_campus_outdoor_04ed65c58e",
      "properties": {
        "featureClass": "road",
        "highway": "footway",
        "osmId": "local/global-nav/edge_467_campus_outdoor_03d5369015_campus_outdoor_04ed65c58e",
        "osmNodeIds": [
          "local-nav/campus_outdoor_03d5369015",
          10775863254
        ],
        "localEdgeId": "edge_467_campus_outdoor_03d5369015_campus_outdoor_04ed65c58e",
        "localEdgeType": "walk",
        "source": "global-nav-0408-gcj2wgs84",
        "verificationStatus": "from-navigation-graph-unverified"
      },
      "geometry": {
        "type": "LineString",
        "coordinates": [
          [
            113.48182136377532,
            22.88619107404517
          ],
          [
            113.48153237063434,
            22.886319172976144
          ]
        ]
      }
    },
    {
      "type": "Feature",
      "id": "local/global-nav/edge_468_campus_outdoor_03d5369015_campus_outdoor_1c8830c8b2",
      "properties": {
        "featureClass": "road",
        "highway": "footway",
        "osmId": "local/global-nav/edge_468_campus_outdoor_03d5369015_campus_outdoor_1c8830c8b2",
        "osmNodeIds": [
          "local-nav/campus_outdoor_03d5369015",
          10775863248
        ],
        "localEdgeId": "edge_468_campus_outdoor_03d5369015_campus_outdoor_1c8830c8b2",
        "localEdgeType": "walk",
        "source": "global-nav-0408-gcj2wgs84",
        "verificationStatus": "from-navigation-graph-unverified"
      },
      "geometry": {
        "type": "LineString",
        "coordinates": [
          [
            113.48182136377532,
            22.88619107404517
          ],
          [
            113.48201402185563,
            22.886174647458052
          ]
        ]
      }
    },
    {
      "type": "Feature",
      "id": "local/global-nav/edge_469_campus_outdoor_1c8830c8b2_campus_outdoor_03d5369015",
      "properties": {
        "featureClass": "road",
        "highway": "footway",
        "osmId": "local/global-nav/edge_469_campus_outdoor_1c8830c8b2_campus_outdoor_03d5369015",
        "osmNodeIds": [
          10775863248,
          "local-nav/campus_outdoor_03d5369015"
        ],
        "localEdgeId": "edge_469_campus_outdoor_1c8830c8b2_campus_outdoor_03d5369015",
        "localEdgeType": "walk",
        "source": "global-nav-0408-gcj2wgs84",
        "verificationStatus": "from-navigation-graph-unverified"
      },
      "geometry": {
        "type": "LineString",
        "coordinates": [
          [
            113.48201402185563,
            22.886174647458052
          ],
          [
            113.48182136377532,
            22.88619107404517
          ]
        ]
      }
    },
    {
      "type": "Feature",
      "id": "local/global-nav/edge_470_campus_outdoor_77a37c7fb1_campus_outdoor_57ba463c65",
      "properties": {
        "featureClass": "road",
        "highway": "footway",
        "osmId": "local/global-nav/edge_470_campus_outdoor_77a37c7fb1_campus_outdoor_57ba463c65",
        "osmNodeIds": [
          "local-nav/campus_outdoor_77a37c7fb1",
          "local-nav/campus_outdoor_57ba463c65"
        ],
        "localEdgeId": "edge_470_campus_outdoor_77a37c7fb1_campus_outdoor_57ba463c65",
        "localEdgeType": "walk",
        "source": "global-nav-0408-gcj2wgs84",
        "verificationStatus": "from-navigation-graph-unverified"
      },
      "geometry": {
        "type": "LineString",
        "coordinates": [
          [
            113.47638678306332,
            22.89019765064584
          ],
          [
            113.47631254103331,
            22.890124467072216
          ]
        ]
      }
    },
    {
      "type": "Feature",
      "id": "local/global-nav/edge_471_campus_outdoor_77a37c7fb1_campus_outdoor_e6eb250ac5",
      "properties": {
        "featureClass": "road",
        "highway": "footway",
        "osmId": "local/global-nav/edge_471_campus_outdoor_77a37c7fb1_campus_outdoor_e6eb250ac5",
        "osmNodeIds": [
          "local-nav/campus_outdoor_77a37c7fb1",
          "local-nav/campus_outdoor_e6eb250ac5"
        ],
        "localEdgeId": "edge_471_campus_outdoor_77a37c7fb1_campus_outdoor_e6eb250ac5",
        "localEdgeType": "walk",
        "source": "global-nav-0408-gcj2wgs84",
        "verificationStatus": "from-navigation-graph-unverified"
      },
      "geometry": {
        "type": "LineString",
        "coordinates": [
          [
            113.47638678306332,
            22.89019765064584
          ],
          [
            113.47643995729153,
            22.890237787143715
          ]
        ]
      }
    },
    {
      "type": "Feature",
      "id": "local/global-nav/edge_472_campus_outdoor_e6eb250ac5_campus_outdoor_77a37c7fb1",
      "properties": {
        "featureClass": "road",
        "highway": "footway",
        "osmId": "local/global-nav/edge_472_campus_outdoor_e6eb250ac5_campus_outdoor_77a37c7fb1",
        "osmNodeIds": [
          "local-nav/campus_outdoor_e6eb250ac5",
          "local-nav/campus_outdoor_77a37c7fb1"
        ],
        "localEdgeId": "edge_472_campus_outdoor_e6eb250ac5_campus_outdoor_77a37c7fb1",
        "localEdgeType": "walk",
        "source": "global-nav-0408-gcj2wgs84",
        "verificationStatus": "from-navigation-graph-unverified"
      },
      "geometry": {
        "type": "LineString",
        "coordinates": [
          [
            113.47643995729153,
            22.890237787143715
          ],
          [
            113.47638678306332,
            22.89019765064584
          ]
        ]
      }
    },
    {
      "type": "Feature",
      "id": "local/global-nav/edge_473_campus_outdoor_e6eb250ac5_campus_outdoor_ce680c95e4",
      "properties": {
        "featureClass": "road",
        "highway": "footway",
        "osmId": "local/global-nav/edge_473_campus_outdoor_e6eb250ac5_campus_outdoor_ce680c95e4",
        "osmNodeIds": [
          "local-nav/campus_outdoor_e6eb250ac5",
          "local-nav/campus_outdoor_ce680c95e4"
        ],
        "localEdgeId": "edge_473_campus_outdoor_e6eb250ac5_campus_outdoor_ce680c95e4",
        "localEdgeType": "walk",
        "source": "global-nav-0408-gcj2wgs84",
        "verificationStatus": "from-navigation-graph-unverified"
      },
      "geometry": {
        "type": "LineString",
        "coordinates": [
          [
            113.47643995729153,
            22.890237787143715
          ],
          [
            113.47653125934536,
            22.890265038470154
          ]
        ]
      }
    },
    {
      "type": "Feature",
      "id": "local/global-nav/edge_474_campus_outdoor_ce680c95e4_campus_outdoor_e6eb250ac5",
      "properties": {
        "featureClass": "road",
        "highway": "footway",
        "osmId": "local/global-nav/edge_474_campus_outdoor_ce680c95e4_campus_outdoor_e6eb250ac5",
        "osmNodeIds": [
          "local-nav/campus_outdoor_ce680c95e4",
          "local-nav/campus_outdoor_e6eb250ac5"
        ],
        "localEdgeId": "edge_474_campus_outdoor_ce680c95e4_campus_outdoor_e6eb250ac5",
        "localEdgeType": "walk",
        "source": "global-nav-0408-gcj2wgs84",
        "verificationStatus": "from-navigation-graph-unverified"
      },
      "geometry": {
        "type": "LineString",
        "coordinates": [
          [
            113.47653125934536,
            22.890265038470154
          ],
          [
            113.47643995729153,
            22.890237787143715
          ]
        ]
      }
    },
    {
      "type": "Feature",
      "id": "local/global-nav/edge_475_campus_outdoor_ce680c95e4_campus_outdoor_f5e5910192",
      "properties": {
        "featureClass": "road",
        "highway": "footway",
        "osmId": "local/global-nav/edge_475_campus_outdoor_ce680c95e4_campus_outdoor_f5e5910192",
        "osmNodeIds": [
          "local-nav/campus_outdoor_ce680c95e4",
          "local-nav/campus_outdoor_f5e5910192"
        ],
        "localEdgeId": "edge_475_campus_outdoor_ce680c95e4_campus_outdoor_f5e5910192",
        "localEdgeType": "walk",
        "source": "global-nav-0408-gcj2wgs84",
        "verificationStatus": "from-navigation-graph-unverified"
      },
      "geometry": {
        "type": "LineString",
        "coordinates": [
          [
            113.47653125934536,
            22.890265038470154
          ],
          [
            113.47663159362843,
            22.890262328014998
          ]
        ]
      }
    },
    {
      "type": "Feature",
      "id": "local/global-nav/edge_476_campus_outdoor_f5e5910192_campus_outdoor_06cedd28c9",
      "properties": {
        "featureClass": "road",
        "highway": "footway",
        "osmId": "local/global-nav/edge_476_campus_outdoor_f5e5910192_campus_outdoor_06cedd28c9",
        "osmNodeIds": [
          "local-nav/campus_outdoor_f5e5910192",
          "local-nav/campus_outdoor_06cedd28c9"
        ],
        "localEdgeId": "edge_476_campus_outdoor_f5e5910192_campus_outdoor_06cedd28c9",
        "localEdgeType": "walk",
        "source": "global-nav-0408-gcj2wgs84",
        "verificationStatus": "from-navigation-graph-unverified"
      },
      "geometry": {
        "type": "LineString",
        "coordinates": [
          [
            113.47663159362843,
            22.890262328014998
          ],
          [
            113.47674196339655,
            22.890231657893747
          ]
        ]
      }
    },
    {
      "type": "Feature",
      "id": "local/global-nav/edge_478_campus_outdoor_f5e5910192_campus_outdoor_ce680c95e4",
      "properties": {
        "featureClass": "road",
        "highway": "footway",
        "osmId": "local/global-nav/edge_478_campus_outdoor_f5e5910192_campus_outdoor_ce680c95e4",
        "osmNodeIds": [
          "local-nav/campus_outdoor_f5e5910192",
          "local-nav/campus_outdoor_ce680c95e4"
        ],
        "localEdgeId": "edge_478_campus_outdoor_f5e5910192_campus_outdoor_ce680c95e4",
        "localEdgeType": "walk",
        "source": "global-nav-0408-gcj2wgs84",
        "verificationStatus": "from-navigation-graph-unverified"
      },
      "geometry": {
        "type": "LineString",
        "coordinates": [
          [
            113.47663159362843,
            22.890262328014998
          ],
          [
            113.47653125934536,
            22.890265038470154
          ]
        ]
      }
    },
    {
      "type": "Feature",
      "id": "local/global-nav/edge_479_campus_outdoor_4602c1ce85_campus_outdoor_69e0c06b08",
      "properties": {
        "featureClass": "road",
        "highway": "footway",
        "osmId": "local/global-nav/edge_479_campus_outdoor_4602c1ce85_campus_outdoor_69e0c06b08",
        "osmNodeIds": [
          "local-nav/campus_outdoor_4602c1ce85",
          "local-nav/campus_outdoor_69e0c06b08"
        ],
        "localEdgeId": "edge_479_campus_outdoor_4602c1ce85_campus_outdoor_69e0c06b08",
        "localEdgeType": "walk",
        "source": "global-nav-0408-gcj2wgs84",
        "verificationStatus": "from-navigation-graph-unverified"
      },
      "geometry": {
        "type": "LineString",
        "coordinates": [
          [
            113.47700978074494,
            22.891366969325507
          ],
          [
            113.47693256082117,
            22.89119248620645
          ]
        ]
      }
    },
    {
      "type": "Feature",
      "id": "local/global-nav/edge_480_campus_outdoor_4602c1ce85_campus_outdoor_9e1971f046",
      "properties": {
        "featureClass": "road",
        "highway": "footway",
        "osmId": "local/global-nav/edge_480_campus_outdoor_4602c1ce85_campus_outdoor_9e1971f046",
        "osmNodeIds": [
          "local-nav/campus_outdoor_4602c1ce85",
          "local-nav/campus_outdoor_9e1971f046"
        ],
        "localEdgeId": "edge_480_campus_outdoor_4602c1ce85_campus_outdoor_9e1971f046",
        "localEdgeType": "walk",
        "source": "global-nav-0408-gcj2wgs84",
        "verificationStatus": "from-navigation-graph-unverified"
      },
      "geometry": {
        "type": "LineString",
        "coordinates": [
          [
            113.47700978074494,
            22.891366969325507
          ],
          [
            113.47706495695454,
            22.89148608005577
          ]
        ]
      }
    },
    {
      "type": "Feature",
      "id": "local/global-nav/edge_481_campus_outdoor_baf1533de5_campus_outdoor_674be0442f",
      "properties": {
        "featureClass": "road",
        "highway": "footway",
        "osmId": "local/global-nav/edge_481_campus_outdoor_baf1533de5_campus_outdoor_674be0442f",
        "osmNodeIds": [
          "local-nav/campus_outdoor_baf1533de5",
          "local-nav/campus_outdoor_674be0442f"
        ],
        "localEdgeId": "edge_481_campus_outdoor_baf1533de5_campus_outdoor_674be0442f",
        "localEdgeType": "walk",
        "source": "global-nav-0408-gcj2wgs84",
        "verificationStatus": "from-navigation-graph-unverified"
      },
      "geometry": {
        "type": "LineString",
        "coordinates": [
          [
            113.47821679719517,
            22.891723312674383
          ],
          [
            113.47824588832034,
            22.891821357241948
          ]
        ]
      }
    },
    {
      "type": "Feature",
      "id": "local/global-nav/edge_482_campus_outdoor_baf1533de5_campus_outdoor_84ab62ee0e",
      "properties": {
        "featureClass": "road",
        "highway": "footway",
        "osmId": "local/global-nav/edge_482_campus_outdoor_baf1533de5_campus_outdoor_84ab62ee0e",
        "osmNodeIds": [
          "local-nav/campus_outdoor_baf1533de5",
          "local-nav/campus_outdoor_84ab62ee0e"
        ],
        "localEdgeId": "edge_482_campus_outdoor_baf1533de5_campus_outdoor_84ab62ee0e",
        "localEdgeType": "walk",
        "source": "global-nav-0408-gcj2wgs84",
        "verificationStatus": "from-navigation-graph-unverified"
      },
      "geometry": {
        "type": "LineString",
        "coordinates": [
          [
            113.47821679719517,
            22.891723312674383
          ],
          [
            113.47819372461692,
            22.891650275417994
          ]
        ]
      }
    },
    {
      "type": "Feature",
      "id": "local/global-nav/edge_483_campus_outdoor_84ab62ee0e_campus_outdoor_10cd1d939c",
      "properties": {
        "featureClass": "road",
        "highway": "footway",
        "osmId": "local/global-nav/edge_483_campus_outdoor_84ab62ee0e_campus_outdoor_10cd1d939c",
        "osmNodeIds": [
          "local-nav/campus_outdoor_84ab62ee0e",
          "local-nav/campus_outdoor_10cd1d939c"
        ],
        "localEdgeId": "edge_483_campus_outdoor_84ab62ee0e_campus_outdoor_10cd1d939c",
        "localEdgeType": "walk",
        "source": "global-nav-0408-gcj2wgs84",
        "verificationStatus": "from-navigation-graph-unverified"
      },
      "geometry": {
        "type": "LineString",
        "coordinates": [
          [
            113.47819372461692,
            22.891650275417994
          ],
          [
            113.47815861277658,
            22.8915602101871
          ]
        ]
      }
    },
    {
      "type": "Feature",
      "id": "local/global-nav/edge_484_campus_outdoor_84ab62ee0e_campus_outdoor_baf1533de5",
      "properties": {
        "featureClass": "road",
        "highway": "footway",
        "osmId": "local/global-nav/edge_484_campus_outdoor_84ab62ee0e_campus_outdoor_baf1533de5",
        "osmNodeIds": [
          "local-nav/campus_outdoor_84ab62ee0e",
          "local-nav/campus_outdoor_baf1533de5"
        ],
        "localEdgeId": "edge_484_campus_outdoor_84ab62ee0e_campus_outdoor_baf1533de5",
        "localEdgeType": "walk",
        "source": "global-nav-0408-gcj2wgs84",
        "verificationStatus": "from-navigation-graph-unverified"
      },
      "geometry": {
        "type": "LineString",
        "coordinates": [
          [
            113.47819372461692,
            22.891650275417994
          ],
          [
            113.47821679719517,
            22.891723312674383
          ]
        ]
      }
    },
    {
      "type": "Feature",
      "id": "local/global-nav/edge_485_campus_outdoor_10cd1d939c_campus_outdoor_43d10738b4",
      "properties": {
        "featureClass": "road",
        "highway": "footway",
        "osmId": "local/global-nav/edge_485_campus_outdoor_10cd1d939c_campus_outdoor_43d10738b4",
        "osmNodeIds": [
          "local-nav/campus_outdoor_10cd1d939c",
          "local-nav/campus_outdoor_43d10738b4"
        ],
        "localEdgeId": "edge_485_campus_outdoor_10cd1d939c_campus_outdoor_43d10738b4",
        "localEdgeType": "walk",
        "source": "global-nav-0408-gcj2wgs84",
        "verificationStatus": "from-navigation-graph-unverified"
      },
      "geometry": {
        "type": "LineString",
        "coordinates": [
          [
            113.47815861277658,
            22.8915602101871
          ],
          [
            113.47811447125873,
            22.891461122470123
          ]
        ]
      }
    },
    {
      "type": "Feature",
      "id": "local/global-nav/edge_486_campus_outdoor_10cd1d939c_campus_outdoor_84ab62ee0e",
      "properties": {
        "featureClass": "road",
        "highway": "footway",
        "osmId": "local/global-nav/edge_486_campus_outdoor_10cd1d939c_campus_outdoor_84ab62ee0e",
        "osmNodeIds": [
          "local-nav/campus_outdoor_10cd1d939c",
          "local-nav/campus_outdoor_84ab62ee0e"
        ],
        "localEdgeId": "edge_486_campus_outdoor_10cd1d939c_campus_outdoor_84ab62ee0e",
        "localEdgeType": "walk",
        "source": "global-nav-0408-gcj2wgs84",
        "verificationStatus": "from-navigation-graph-unverified"
      },
      "geometry": {
        "type": "LineString",
        "coordinates": [
          [
            113.47815861277658,
            22.8915602101871
          ],
          [
            113.47819372461692,
            22.891650275417994
          ]
        ]
      }
    },
    {
      "type": "Feature",
      "id": "local/global-nav/edge_487_campus_outdoor_302ddb3844_campus_outdoor_216f1aaf36",
      "properties": {
        "featureClass": "road",
        "highway": "footway",
        "osmId": "local/global-nav/edge_487_campus_outdoor_302ddb3844_campus_outdoor_216f1aaf36",
        "osmNodeIds": [
          "local-nav/campus_outdoor_302ddb3844",
          "local-nav/campus_outdoor_216f1aaf36"
        ],
        "localEdgeId": "edge_487_campus_outdoor_302ddb3844_campus_outdoor_216f1aaf36",
        "localEdgeType": "walk",
        "source": "global-nav-0408-gcj2wgs84",
        "verificationStatus": "from-navigation-graph-unverified"
      },
      "geometry": {
        "type": "LineString",
        "coordinates": [
          [
            113.47685427352464,
            22.890957117274873
          ],
          [
            113.47689463003395,
            22.891096484334728
          ]
        ]
      }
    },
    {
      "type": "Feature",
      "id": "local/global-nav/edge_488_campus_outdoor_302ddb3844_campus_outdoor_4622395496",
      "properties": {
        "featureClass": "road",
        "highway": "footway",
        "osmId": "local/global-nav/edge_488_campus_outdoor_302ddb3844_campus_outdoor_4622395496",
        "osmNodeIds": [
          "local-nav/campus_outdoor_302ddb3844",
          "local-nav/campus_outdoor_4622395496"
        ],
        "localEdgeId": "edge_488_campus_outdoor_302ddb3844_campus_outdoor_4622395496",
        "localEdgeType": "walk",
        "source": "global-nav-0408-gcj2wgs84",
        "verificationStatus": "from-navigation-graph-unverified"
      },
      "geometry": {
        "type": "LineString",
        "coordinates": [
          [
            113.47685427352464,
            22.890957117274873
          ],
          [
            113.47683917127586,
            22.890904970451842
          ]
        ]
      }
    },
    {
      "type": "Feature",
      "id": "local/global-nav/edge_489_campus_outdoor_302ddb3844_campus_outdoor_fb2c77b1d8",
      "properties": {
        "featureClass": "road",
        "highway": "footway",
        "osmId": "local/global-nav/edge_489_campus_outdoor_302ddb3844_campus_outdoor_fb2c77b1d8",
        "osmNodeIds": [
          "local-nav/campus_outdoor_302ddb3844",
          "local-nav/campus_outdoor_fb2c77b1d8"
        ],
        "localEdgeId": "edge_489_campus_outdoor_302ddb3844_campus_outdoor_fb2c77b1d8",
        "localEdgeType": "walk",
        "source": "global-nav-0408-gcj2wgs84",
        "verificationStatus": "from-navigation-graph-unverified"
      },
      "geometry": {
        "type": "LineString",
        "coordinates": [
          [
            113.47685427352464,
            22.890957117274873
          ],
          [
            113.47698171151268,
            22.89100103668245
          ]
        ]
      }
    },
    {
      "type": "Feature",
      "id": "local/global-nav/edge_490_campus_outdoor_f7e75bd485_campus_outdoor_1c335c610b",
      "properties": {
        "featureClass": "road",
        "highway": "footway",
        "osmId": "local/global-nav/edge_490_campus_outdoor_f7e75bd485_campus_outdoor_1c335c610b",
        "osmNodeIds": [
          "local-nav/campus_outdoor_f7e75bd485",
          "local-nav/campus_outdoor_1c335c610b"
        ],
        "localEdgeId": "edge_490_campus_outdoor_f7e75bd485_campus_outdoor_1c335c610b",
        "localEdgeType": "walk",
        "source": "global-nav-0408-gcj2wgs84",
        "verificationStatus": "from-navigation-graph-unverified"
      },
      "geometry": {
        "type": "LineString",
        "coordinates": [
          [
            113.47678689283434,
            22.89061862459978
          ],
          [
            113.47683826216078,
            22.890564800215195
          ]
        ]
      }
    },
    {
      "type": "Feature",
      "id": "local/global-nav/edge_491_campus_outdoor_f7e75bd485_campus_outdoor_ac9fcb9c4c",
      "properties": {
        "featureClass": "road",
        "highway": "footway",
        "osmId": "local/global-nav/edge_491_campus_outdoor_f7e75bd485_campus_outdoor_ac9fcb9c4c",
        "osmNodeIds": [
          "local-nav/campus_outdoor_f7e75bd485",
          "local-nav/campus_outdoor_ac9fcb9c4c"
        ],
        "localEdgeId": "edge_491_campus_outdoor_f7e75bd485_campus_outdoor_ac9fcb9c4c",
        "localEdgeType": "walk",
        "source": "global-nav-0408-gcj2wgs84",
        "verificationStatus": "from-navigation-graph-unverified"
      },
      "geometry": {
        "type": "LineString",
        "coordinates": [
          [
            113.47678689283434,
            22.89061862459978
          ],
          [
            113.47679691011956,
            22.89073195378331
          ]
        ]
      }
    },
    {
      "type": "Feature",
      "id": "local/global-nav/edge_492_campus_outdoor_79239da13a_campus_outdoor_9a14372b08",
      "properties": {
        "featureClass": "road",
        "highway": "footway",
        "osmId": "local/global-nav/edge_492_campus_outdoor_79239da13a_campus_outdoor_9a14372b08",
        "osmNodeIds": [
          "local-nav/campus_outdoor_79239da13a",
          "local-nav/campus_outdoor_9a14372b08"
        ],
        "localEdgeId": "edge_492_campus_outdoor_79239da13a_campus_outdoor_9a14372b08",
        "localEdgeType": "walk",
        "source": "global-nav-0408-gcj2wgs84",
        "verificationStatus": "from-navigation-graph-unverified"
      },
      "geometry": {
        "type": "LineString",
        "coordinates": [
          [
            113.4776018028823,
            22.890715941138097
          ],
          [
            113.47753458267535,
            22.89064477574932
          ]
        ]
      }
    },
    {
      "type": "Feature",
      "id": "local/global-nav/edge_493_campus_outdoor_79239da13a_campus_outdoor_d27d58b4fa",
      "properties": {
        "featureClass": "road",
        "highway": "footway",
        "osmId": "local/global-nav/edge_493_campus_outdoor_79239da13a_campus_outdoor_d27d58b4fa",
        "osmNodeIds": [
          "local-nav/campus_outdoor_79239da13a",
          "local-nav/campus_outdoor_d27d58b4fa"
        ],
        "localEdgeId": "edge_493_campus_outdoor_79239da13a_campus_outdoor_d27d58b4fa",
        "localEdgeType": "walk",
        "source": "global-nav-0408-gcj2wgs84",
        "verificationStatus": "from-navigation-graph-unverified"
      },
      "geometry": {
        "type": "LineString",
        "coordinates": [
          [
            113.4776018028823,
            22.890715941138097
          ],
          [
            113.47767604721523,
            22.890779130119356
          ]
        ]
      }
    },
    {
      "type": "Feature",
      "id": "local/global-nav/edge_494_campus_outdoor_96539d7ac0_campus_outdoor_5d38073214",
      "properties": {
        "featureClass": "road",
        "highway": "footway",
        "osmId": "local/global-nav/edge_494_campus_outdoor_96539d7ac0_campus_outdoor_5d38073214",
        "osmNodeIds": [
          "local-nav/campus_outdoor_96539d7ac0",
          "local-nav/campus_outdoor_5d38073214"
        ],
        "localEdgeId": "edge_494_campus_outdoor_96539d7ac0_campus_outdoor_5d38073214",
        "localEdgeType": "walk",
        "source": "global-nav-0408-gcj2wgs84",
        "verificationStatus": "from-navigation-graph-unverified"
      },
      "geometry": {
        "type": "LineString",
        "coordinates": [
          [
            113.47740888650762,
            22.890448173454732
          ],
          [
            113.47748073192744,
            22.89039397329685
          ]
        ]
      }
    },
    {
      "type": "Feature",
      "id": "local/global-nav/edge_495_campus_outdoor_96539d7ac0_campus_outdoor_ce3d3caf3e",
      "properties": {
        "featureClass": "road",
        "highway": "footway",
        "osmId": "local/global-nav/edge_495_campus_outdoor_96539d7ac0_campus_outdoor_ce3d3caf3e",
        "osmNodeIds": [
          "local-nav/campus_outdoor_96539d7ac0",
          "local-nav/campus_outdoor_ce3d3caf3e"
        ],
        "localEdgeId": "edge_495_campus_outdoor_96539d7ac0_campus_outdoor_ce3d3caf3e",
        "localEdgeType": "walk",
        "source": "global-nav-0408-gcj2wgs84",
        "verificationStatus": "from-navigation-graph-unverified"
      },
      "geometry": {
        "type": "LineString",
        "coordinates": [
          [
            113.47740888650762,
            22.890448173454732
          ],
          [
            113.47736915005882,
            22.890478144880614
          ]
        ]
      }
    },
    {
      "type": "Feature",
      "id": "local/global-nav/edge_496_campus_outdoor_5d38073214_campus_outdoor_96539d7ac0",
      "properties": {
        "featureClass": "road",
        "highway": "footway",
        "osmId": "local/global-nav/edge_496_campus_outdoor_5d38073214_campus_outdoor_96539d7ac0",
        "osmNodeIds": [
          "local-nav/campus_outdoor_5d38073214",
          "local-nav/campus_outdoor_96539d7ac0"
        ],
        "localEdgeId": "edge_496_campus_outdoor_5d38073214_campus_outdoor_96539d7ac0",
        "localEdgeType": "walk",
        "source": "global-nav-0408-gcj2wgs84",
        "verificationStatus": "from-navigation-graph-unverified"
      },
      "geometry": {
        "type": "LineString",
        "coordinates": [
          [
            113.47748073192744,
            22.89039397329685
          ],
          [
            113.47740888650762,
            22.890448173454732
          ]
        ]
      }
    },
    {
      "type": "Feature",
      "id": "local/global-nav/edge_497_campus_outdoor_5d38073214_campus_outdoor_adaf84947c",
      "properties": {
        "featureClass": "road",
        "highway": "footway",
        "osmId": "local/global-nav/edge_497_campus_outdoor_5d38073214_campus_outdoor_adaf84947c",
        "osmNodeIds": [
          "local-nav/campus_outdoor_5d38073214",
          "local-nav/campus_outdoor_adaf84947c"
        ],
        "localEdgeId": "edge_497_campus_outdoor_5d38073214_campus_outdoor_adaf84947c",
        "localEdgeType": "walk",
        "source": "global-nav-0408-gcj2wgs84",
        "verificationStatus": "from-navigation-graph-unverified"
      },
      "geometry": {
        "type": "LineString",
        "coordinates": [
          [
            113.47748073192744,
            22.89039397329685
          ],
          [
            113.47755741073341,
            22.890329263262466
          ]
        ]
      }
    },
    {
      "type": "Feature",
      "id": "local/global-nav/edge_498_campus_outdoor_adaf84947c_campus_outdoor_5d38073214",
      "properties": {
        "featureClass": "road",
        "highway": "footway",
        "osmId": "local/global-nav/edge_498_campus_outdoor_adaf84947c_campus_outdoor_5d38073214",
        "osmNodeIds": [
          "local-nav/campus_outdoor_adaf84947c",
          "local-nav/campus_outdoor_5d38073214"
        ],
        "localEdgeId": "edge_498_campus_outdoor_adaf84947c_campus_outdoor_5d38073214",
        "localEdgeType": "walk",
        "source": "global-nav-0408-gcj2wgs84",
        "verificationStatus": "from-navigation-graph-unverified"
      },
      "geometry": {
        "type": "LineString",
        "coordinates": [
          [
            113.47755741073341,
            22.890329263262466
          ],
          [
            113.47748073192744,
            22.89039397329685
          ]
        ]
      }
    },
    {
      "type": "Feature",
      "id": "local/global-nav/edge_499_campus_outdoor_adaf84947c_campus_outdoor_d90ed7047b",
      "properties": {
        "featureClass": "road",
        "highway": "footway",
        "osmId": "local/global-nav/edge_499_campus_outdoor_adaf84947c_campus_outdoor_d90ed7047b",
        "osmNodeIds": [
          "local-nav/campus_outdoor_adaf84947c",
          "local-nav/campus_outdoor_d90ed7047b"
        ],
        "localEdgeId": "edge_499_campus_outdoor_adaf84947c_campus_outdoor_d90ed7047b",
        "localEdgeType": "walk",
        "source": "global-nav-0408-gcj2wgs84",
        "verificationStatus": "from-navigation-graph-unverified"
      },
      "geometry": {
        "type": "LineString",
        "coordinates": [
          [
            113.47755741073341,
            22.890329263262466
          ],
          [
            113.4776546180349,
            22.89024721714305
          ]
        ]
      }
    },
    {
      "type": "Feature",
      "id": "local/global-nav/edge_500_campus_outdoor_cafc429709_campus_outdoor_1c335c610b",
      "properties": {
        "featureClass": "road",
        "highway": "footway",
        "osmId": "local/global-nav/edge_500_campus_outdoor_cafc429709_campus_outdoor_1c335c610b",
        "osmNodeIds": [
          "local-nav/campus_outdoor_cafc429709",
          "local-nav/campus_outdoor_1c335c610b"
        ],
        "localEdgeId": "edge_500_campus_outdoor_cafc429709_campus_outdoor_1c335c610b",
        "localEdgeType": "walk",
        "source": "global-nav-0408-gcj2wgs84",
        "verificationStatus": "from-navigation-graph-unverified"
      },
      "geometry": {
        "type": "LineString",
        "coordinates": [
          [
            113.47661050269328,
            22.890572141988393
          ],
          [
            113.47683826216078,
            22.890564800215195
          ]
        ]
      }
    },
    {
      "type": "Feature",
      "id": "local/global-nav/edge_501_campus_outdoor_cafc429709_campus_outdoor_3a078f47f9",
      "properties": {
        "featureClass": "road",
        "highway": "footway",
        "osmId": "local/global-nav/edge_501_campus_outdoor_cafc429709_campus_outdoor_3a078f47f9",
        "osmNodeIds": [
          "local-nav/campus_outdoor_cafc429709",
          "local-nav/campus_outdoor_3a078f47f9"
        ],
        "localEdgeId": "edge_501_campus_outdoor_cafc429709_campus_outdoor_3a078f47f9",
        "localEdgeType": "walk",
        "source": "global-nav-0408-gcj2wgs84",
        "verificationStatus": "from-navigation-graph-unverified"
      },
      "geometry": {
        "type": "LineString",
        "coordinates": [
          [
            113.47661050269328,
            22.890572141988393
          ],
          [
            113.47631452345684,
            22.890486326339083
          ]
        ]
      }
    },
    {
      "type": "Feature",
      "id": "local/global-nav/edge_502_campus_outdoor_06cedd28c9_campus_outdoor_ab6523b18e",
      "properties": {
        "featureClass": "road",
        "highway": "footway",
        "osmId": "local/global-nav/edge_502_campus_outdoor_06cedd28c9_campus_outdoor_ab6523b18e",
        "osmNodeIds": [
          "local-nav/campus_outdoor_06cedd28c9",
          "local-nav/campus_outdoor_ab6523b18e"
        ],
        "localEdgeId": "edge_502_campus_outdoor_06cedd28c9_campus_outdoor_ab6523b18e",
        "localEdgeType": "walk",
        "source": "global-nav-0408-gcj2wgs84",
        "verificationStatus": "from-navigation-graph-unverified"
      },
      "geometry": {
        "type": "LineString",
        "coordinates": [
          [
            113.47674196339655,
            22.890231657893747
          ],
          [
            113.47681019401679,
            22.890183873575474
          ]
        ]
      }
    },
    {
      "type": "Feature",
      "id": "local/global-nav/edge_503_campus_outdoor_06cedd28c9_campus_outdoor_f5e5910192",
      "properties": {
        "featureClass": "road",
        "highway": "footway",
        "osmId": "local/global-nav/edge_503_campus_outdoor_06cedd28c9_campus_outdoor_f5e5910192",
        "osmNodeIds": [
          "local-nav/campus_outdoor_06cedd28c9",
          "local-nav/campus_outdoor_f5e5910192"
        ],
        "localEdgeId": "edge_503_campus_outdoor_06cedd28c9_campus_outdoor_f5e5910192",
        "localEdgeType": "walk",
        "source": "global-nav-0408-gcj2wgs84",
        "verificationStatus": "from-navigation-graph-unverified"
      },
      "geometry": {
        "type": "LineString",
        "coordinates": [
          [
            113.47674196339655,
            22.890231657893747
          ],
          [
            113.47663159362843,
            22.890262328014998
          ]
        ]
      }
    },
    {
      "type": "Feature",
      "id": "local/global-nav/edge_504_campus_outdoor_1c375add9e_campus_outdoor_80616340bc",
      "properties": {
        "featureClass": "road",
        "highway": "footway",
        "osmId": "local/global-nav/edge_504_campus_outdoor_1c375add9e_campus_outdoor_80616340bc",
        "osmNodeIds": [
          "local-nav/campus_outdoor_1c375add9e",
          "local-nav/campus_outdoor_80616340bc"
        ],
        "localEdgeId": "edge_504_campus_outdoor_1c375add9e_campus_outdoor_80616340bc",
        "localEdgeType": "walk",
        "source": "global-nav-0408-gcj2wgs84",
        "verificationStatus": "from-navigation-graph-unverified"
      },
      "geometry": {
        "type": "LineString",
        "coordinates": [
          [
            113.47691254699477,
            22.890009238892624
          ],
          [
            113.47692960763881,
            22.889953310646703
          ]
        ]
      }
    },
    {
      "type": "Feature",
      "id": "local/global-nav/edge_505_campus_outdoor_1c375add9e_campus_outdoor_c1f6971220",
      "properties": {
        "featureClass": "road",
        "highway": "footway",
        "osmId": "local/global-nav/edge_505_campus_outdoor_1c375add9e_campus_outdoor_c1f6971220",
        "osmNodeIds": [
          "local-nav/campus_outdoor_1c375add9e",
          "local-nav/campus_outdoor_c1f6971220"
        ],
        "localEdgeId": "edge_505_campus_outdoor_1c375add9e_campus_outdoor_c1f6971220",
        "localEdgeType": "walk",
        "source": "global-nav-0408-gcj2wgs84",
        "verificationStatus": "from-navigation-graph-unverified"
      },
      "geometry": {
        "type": "LineString",
        "coordinates": [
          [
            113.47691254699477,
            22.890009238892624
          ],
          [
            113.47687641869473,
            22.890126087594485
          ]
        ]
      }
    },
    {
      "type": "Feature",
      "id": "local/global-nav/edge_506_campus_outdoor_80616340bc_campus_outdoor_0aa9b43601",
      "properties": {
        "featureClass": "road",
        "highway": "footway",
        "osmId": "local/global-nav/edge_506_campus_outdoor_80616340bc_campus_outdoor_0aa9b43601",
        "osmNodeIds": [
          "local-nav/campus_outdoor_80616340bc",
          "local-nav/campus_outdoor_0aa9b43601"
        ],
        "localEdgeId": "edge_506_campus_outdoor_80616340bc_campus_outdoor_0aa9b43601",
        "localEdgeType": "walk",
        "source": "global-nav-0408-gcj2wgs84",
        "verificationStatus": "from-navigation-graph-unverified"
      },
      "geometry": {
        "type": "LineString",
        "coordinates": [
          [
            113.47692960763881,
            22.889953310646703
          ],
          [
            113.4769276060349,
            22.889877335611324
          ]
        ]
      }
    },
    {
      "type": "Feature",
      "id": "local/global-nav/edge_507_campus_outdoor_80616340bc_campus_outdoor_1c375add9e",
      "properties": {
        "featureClass": "road",
        "highway": "footway",
        "osmId": "local/global-nav/edge_507_campus_outdoor_80616340bc_campus_outdoor_1c375add9e",
        "osmNodeIds": [
          "local-nav/campus_outdoor_80616340bc",
          "local-nav/campus_outdoor_1c375add9e"
        ],
        "localEdgeId": "edge_507_campus_outdoor_80616340bc_campus_outdoor_1c375add9e",
        "localEdgeType": "walk",
        "source": "global-nav-0408-gcj2wgs84",
        "verificationStatus": "from-navigation-graph-unverified"
      },
      "geometry": {
        "type": "LineString",
        "coordinates": [
          [
            113.47692960763881,
            22.889953310646703
          ],
          [
            113.47691254699477,
            22.890009238892624
          ]
        ]
      }
    },
    {
      "type": "Feature",
      "id": "local/global-nav/edge_508_campus_outdoor_c1f6971220_campus_outdoor_1c375add9e",
      "properties": {
        "featureClass": "road",
        "highway": "footway",
        "osmId": "local/global-nav/edge_508_campus_outdoor_c1f6971220_campus_outdoor_1c375add9e",
        "osmNodeIds": [
          "local-nav/campus_outdoor_c1f6971220",
          "local-nav/campus_outdoor_1c375add9e"
        ],
        "localEdgeId": "edge_508_campus_outdoor_c1f6971220_campus_outdoor_1c375add9e",
        "localEdgeType": "walk",
        "source": "global-nav-0408-gcj2wgs84",
        "verificationStatus": "from-navigation-graph-unverified"
      },
      "geometry": {
        "type": "LineString",
        "coordinates": [
          [
            113.47687641869473,
            22.890126087594485
          ],
          [
            113.47691254699477,
            22.890009238892624
          ]
        ]
      }
    },
    {
      "type": "Feature",
      "id": "local/global-nav/edge_509_campus_outdoor_c1f6971220_campus_outdoor_ab6523b18e",
      "properties": {
        "featureClass": "road",
        "highway": "footway",
        "osmId": "local/global-nav/edge_509_campus_outdoor_c1f6971220_campus_outdoor_ab6523b18e",
        "osmNodeIds": [
          "local-nav/campus_outdoor_c1f6971220",
          "local-nav/campus_outdoor_ab6523b18e"
        ],
        "localEdgeId": "edge_509_campus_outdoor_c1f6971220_campus_outdoor_ab6523b18e",
        "localEdgeType": "walk",
        "source": "global-nav-0408-gcj2wgs84",
        "verificationStatus": "from-navigation-graph-unverified"
      },
      "geometry": {
        "type": "LineString",
        "coordinates": [
          [
            113.47687641869473,
            22.890126087594485
          ],
          [
            113.47681019401679,
            22.890183873575474
          ]
        ]
      }
    },
    {
      "type": "Feature",
      "id": "local/global-nav/edge_510_campus_outdoor_0aa9b43601_campus_outdoor_0efdd2effd",
      "properties": {
        "featureClass": "road",
        "highway": "footway",
        "osmId": "local/global-nav/edge_510_campus_outdoor_0aa9b43601_campus_outdoor_0efdd2effd",
        "osmNodeIds": [
          "local-nav/campus_outdoor_0aa9b43601",
          10057722431
        ],
        "localEdgeId": "edge_510_campus_outdoor_0aa9b43601_campus_outdoor_0efdd2effd",
        "localEdgeType": "walk",
        "source": "global-nav-0408-gcj2wgs84",
        "verificationStatus": "from-navigation-graph-unverified"
      },
      "geometry": {
        "type": "LineString",
        "coordinates": [
          [
            113.4769276060349,
            22.889877335611324
          ],
          [
            113.47688446930438,
            22.88977025470066
          ]
        ]
      }
    },
    {
      "type": "Feature",
      "id": "local/global-nav/edge_511_campus_outdoor_0aa9b43601_campus_outdoor_80616340bc",
      "properties": {
        "featureClass": "road",
        "highway": "footway",
        "osmId": "local/global-nav/edge_511_campus_outdoor_0aa9b43601_campus_outdoor_80616340bc",
        "osmNodeIds": [
          "local-nav/campus_outdoor_0aa9b43601",
          "local-nav/campus_outdoor_80616340bc"
        ],
        "localEdgeId": "edge_511_campus_outdoor_0aa9b43601_campus_outdoor_80616340bc",
        "localEdgeType": "walk",
        "source": "global-nav-0408-gcj2wgs84",
        "verificationStatus": "from-navigation-graph-unverified"
      },
      "geometry": {
        "type": "LineString",
        "coordinates": [
          [
            113.4769276060349,
            22.889877335611324
          ],
          [
            113.47692960763881,
            22.889953310646703
          ]
        ]
      }
    },
    {
      "type": "Feature",
      "id": "local/global-nav/edge_512_campus_outdoor_ed339837b6_campus_outdoor_a168947e16",
      "properties": {
        "featureClass": "road",
        "highway": "footway",
        "osmId": "local/global-nav/edge_512_campus_outdoor_ed339837b6_campus_outdoor_a168947e16",
        "osmNodeIds": [
          "local-nav/campus_outdoor_ed339837b6",
          "local-nav/campus_outdoor_a168947e16"
        ],
        "localEdgeId": "edge_512_campus_outdoor_ed339837b6_campus_outdoor_a168947e16",
        "localEdgeType": "walk",
        "source": "global-nav-0408-gcj2wgs84",
        "verificationStatus": "from-navigation-graph-unverified"
      },
      "geometry": {
        "type": "LineString",
        "coordinates": [
          [
            113.47827656437215,
            22.890941481955288
          ],
          [
            113.47844263372343,
            22.890861982160974
          ]
        ]
      }
    },
    {
      "type": "Feature",
      "id": "local/global-nav/edge_514_campus_outdoor_b65669e2a8_campus_outdoor_2f771d4e67",
      "properties": {
        "featureClass": "road",
        "highway": "footway",
        "osmId": "local/global-nav/edge_514_campus_outdoor_b65669e2a8_campus_outdoor_2f771d4e67",
        "osmNodeIds": [
          "local-nav/campus_outdoor_b65669e2a8",
          "local-nav/campus_outdoor_2f771d4e67"
        ],
        "localEdgeId": "edge_514_campus_outdoor_b65669e2a8_campus_outdoor_2f771d4e67",
        "localEdgeType": "walk",
        "source": "global-nav-0408-gcj2wgs84",
        "verificationStatus": "from-navigation-graph-unverified"
      },
      "geometry": {
        "type": "LineString",
        "coordinates": [
          [
            113.47654088208482,
            22.891870463571905
          ],
          [
            113.47642059410232,
            22.89195153785738
          ]
        ]
      }
    },
    {
      "type": "Feature",
      "id": "local/global-nav/edge_515_campus_outdoor_b65669e2a8_campus_outdoor_f3647f027a",
      "properties": {
        "featureClass": "road",
        "highway": "footway",
        "osmId": "local/global-nav/edge_515_campus_outdoor_b65669e2a8_campus_outdoor_f3647f027a",
        "osmNodeIds": [
          "local-nav/campus_outdoor_b65669e2a8",
          "local-nav/campus_outdoor_f3647f027a"
        ],
        "localEdgeId": "edge_515_campus_outdoor_b65669e2a8_campus_outdoor_f3647f027a",
        "localEdgeType": "walk",
        "source": "global-nav-0408-gcj2wgs84",
        "verificationStatus": "from-navigation-graph-unverified"
      },
      "geometry": {
        "type": "LineString",
        "coordinates": [
          [
            113.47654088208482,
            22.891870463571905
          ],
          [
            113.47671305306736,
            22.89177048385834
          ]
        ]
      }
    },
    {
      "type": "Feature",
      "id": "local/global-nav/edge_516_campus_outdoor_f3647f027a_campus_outdoor_b65669e2a8",
      "properties": {
        "featureClass": "road",
        "highway": "footway",
        "osmId": "local/global-nav/edge_516_campus_outdoor_f3647f027a_campus_outdoor_b65669e2a8",
        "osmNodeIds": [
          "local-nav/campus_outdoor_f3647f027a",
          "local-nav/campus_outdoor_b65669e2a8"
        ],
        "localEdgeId": "edge_516_campus_outdoor_f3647f027a_campus_outdoor_b65669e2a8",
        "localEdgeType": "walk",
        "source": "global-nav-0408-gcj2wgs84",
        "verificationStatus": "from-navigation-graph-unverified"
      },
      "geometry": {
        "type": "LineString",
        "coordinates": [
          [
            113.47671305306736,
            22.89177048385834
          ],
          [
            113.47654088208482,
            22.891870463571905
          ]
        ]
      }
    },
    {
      "type": "Feature",
      "id": "local/global-nav/edge_517_campus_outdoor_9a14372b08_campus_outdoor_79239da13a",
      "properties": {
        "featureClass": "road",
        "highway": "footway",
        "osmId": "local/global-nav/edge_517_campus_outdoor_9a14372b08_campus_outdoor_79239da13a",
        "osmNodeIds": [
          "local-nav/campus_outdoor_9a14372b08",
          "local-nav/campus_outdoor_79239da13a"
        ],
        "localEdgeId": "edge_517_campus_outdoor_9a14372b08_campus_outdoor_79239da13a",
        "localEdgeType": "walk",
        "source": "global-nav-0408-gcj2wgs84",
        "verificationStatus": "from-navigation-graph-unverified"
      },
      "geometry": {
        "type": "LineString",
        "coordinates": [
          [
            113.47753458267535,
            22.89064477574932
          ],
          [
            113.4776018028823,
            22.890715941138097
          ]
        ]
      }
    },
    {
      "type": "Feature",
      "id": "local/global-nav/edge_518_campus_outdoor_9a14372b08_campus_outdoor_ce3d3caf3e",
      "properties": {
        "featureClass": "road",
        "highway": "footway",
        "osmId": "local/global-nav/edge_518_campus_outdoor_9a14372b08_campus_outdoor_ce3d3caf3e",
        "osmNodeIds": [
          "local-nav/campus_outdoor_9a14372b08",
          "local-nav/campus_outdoor_ce3d3caf3e"
        ],
        "localEdgeId": "edge_518_campus_outdoor_9a14372b08_campus_outdoor_ce3d3caf3e",
        "localEdgeType": "walk",
        "source": "global-nav-0408-gcj2wgs84",
        "verificationStatus": "from-navigation-graph-unverified"
      },
      "geometry": {
        "type": "LineString",
        "coordinates": [
          [
            113.47753458267535,
            22.89064477574932
          ],
          [
            113.47736915005882,
            22.890478144880614
          ]
        ]
      }
    },
    {
      "type": "Feature",
      "id": "local/global-nav/edge_519_campus_outdoor_96cc42ed0f_campus_outdoor_7d7a00c507",
      "properties": {
        "featureClass": "road",
        "highway": "footway",
        "osmId": "local/global-nav/edge_519_campus_outdoor_96cc42ed0f_campus_outdoor_7d7a00c507",
        "osmNodeIds": [
          "local-nav/campus_outdoor_96cc42ed0f",
          10740248797
        ],
        "localEdgeId": "edge_519_campus_outdoor_96cc42ed0f_campus_outdoor_7d7a00c507",
        "localEdgeType": "walk",
        "source": "global-nav-0408-gcj2wgs84",
        "verificationStatus": "from-navigation-graph-unverified"
      },
      "geometry": {
        "type": "LineString",
        "coordinates": [
          [
            113.48323671286592,
            22.893518283449904
          ],
          [
            113.48360994407763,
            22.894245091742928
          ]
        ]
      }
    },
    {
      "type": "Feature",
      "id": "local/global-nav/edge_520_campus_outdoor_96cc42ed0f_campus_outdoor_bef55f0889",
      "properties": {
        "featureClass": "road",
        "highway": "footway",
        "osmId": "local/global-nav/edge_520_campus_outdoor_96cc42ed0f_campus_outdoor_bef55f0889",
        "osmNodeIds": [
          "local-nav/campus_outdoor_96cc42ed0f",
          "local-nav/campus_outdoor_bef55f0889"
        ],
        "localEdgeId": "edge_520_campus_outdoor_96cc42ed0f_campus_outdoor_bef55f0889",
        "localEdgeType": "walk",
        "source": "global-nav-0408-gcj2wgs84",
        "verificationStatus": "from-navigation-graph-unverified"
      },
      "geometry": {
        "type": "LineString",
        "coordinates": [
          [
            113.48323671286592,
            22.893518283449904
          ],
          [
            113.48296581238421,
            22.893108649582263
          ]
        ]
      }
    },
    {
      "type": "Feature",
      "id": "local/global-nav/edge_521_campus_outdoor_7d7a00c507_campus_outdoor_96cc42ed0f",
      "properties": {
        "featureClass": "road",
        "highway": "footway",
        "osmId": "local/global-nav/edge_521_campus_outdoor_7d7a00c507_campus_outdoor_96cc42ed0f",
        "osmNodeIds": [
          10740248797,
          "local-nav/campus_outdoor_96cc42ed0f"
        ],
        "localEdgeId": "edge_521_campus_outdoor_7d7a00c507_campus_outdoor_96cc42ed0f",
        "localEdgeType": "walk",
        "source": "global-nav-0408-gcj2wgs84",
        "verificationStatus": "from-navigation-graph-unverified"
      },
      "geometry": {
        "type": "LineString",
        "coordinates": [
          [
            113.48360994407763,
            22.894245091742928
          ],
          [
            113.48323671286592,
            22.893518283449904
          ]
        ]
      }
    },
    {
      "type": "Feature",
      "id": "local/global-nav/edge_522_campus_outdoor_4a9572238d_campus_outdoor_1f07a48e26",
      "properties": {
        "featureClass": "road",
        "highway": "footway",
        "osmId": "local/global-nav/edge_522_campus_outdoor_4a9572238d_campus_outdoor_1f07a48e26",
        "osmNodeIds": [
          "local-nav/campus_outdoor_4a9572238d",
          "local-nav/campus_outdoor_1f07a48e26"
        ],
        "localEdgeId": "edge_522_campus_outdoor_4a9572238d_campus_outdoor_1f07a48e26",
        "localEdgeType": "walk",
        "source": "global-nav-0408-gcj2wgs84",
        "verificationStatus": "from-navigation-graph-unverified"
      },
      "geometry": {
        "type": "LineString",
        "coordinates": [
          [
            113.48113160392798,
            22.892365552574013
          ],
          [
            113.48126604612655,
            22.89259085567188
          ]
        ]
      }
    },
    {
      "type": "Feature",
      "id": "local/global-nav/edge_523_campus_outdoor_4a9572238d_campus_outdoor_a5d34c178d",
      "properties": {
        "featureClass": "road",
        "highway": "footway",
        "osmId": "local/global-nav/edge_523_campus_outdoor_4a9572238d_campus_outdoor_a5d34c178d",
        "osmNodeIds": [
          "local-nav/campus_outdoor_4a9572238d",
          "local-nav/campus_outdoor_a5d34c178d"
        ],
        "localEdgeId": "edge_523_campus_outdoor_4a9572238d_campus_outdoor_a5d34c178d",
        "localEdgeType": "walk",
        "source": "global-nav-0408-gcj2wgs84",
        "verificationStatus": "from-navigation-graph-unverified"
      },
      "geometry": {
        "type": "LineString",
        "coordinates": [
          [
            113.48113160392798,
            22.892365552574013
          ],
          [
            113.48097207794423,
            22.892122183435895
          ]
        ]
      }
    },
    {
      "type": "Feature",
      "id": "local/global-nav/edge_524_campus_outdoor_8ea6703b4c_campus_outdoor_0b74eb32f2",
      "properties": {
        "featureClass": "road",
        "highway": "footway",
        "osmId": "local/global-nav/edge_524_campus_outdoor_8ea6703b4c_campus_outdoor_0b74eb32f2",
        "osmNodeIds": [
          "local-nav/campus_outdoor_8ea6703b4c",
          "local-nav/campus_outdoor_0b74eb32f2"
        ],
        "localEdgeId": "edge_524_campus_outdoor_8ea6703b4c_campus_outdoor_0b74eb32f2",
        "localEdgeType": "walk",
        "source": "global-nav-0408-gcj2wgs84",
        "verificationStatus": "from-navigation-graph-unverified"
      },
      "geometry": {
        "type": "LineString",
        "coordinates": [
          [
            113.48296298419457,
            22.890384745240173
          ],
          [
            113.48293688754681,
            22.890494623725548
          ]
        ]
      }
    },
    {
      "type": "Feature",
      "id": "local/global-nav/edge_525_campus_outdoor_8ea6703b4c_campus_outdoor_f455a2eb5a",
      "properties": {
        "featureClass": "road",
        "highway": "footway",
        "osmId": "local/global-nav/edge_525_campus_outdoor_8ea6703b4c_campus_outdoor_f455a2eb5a",
        "osmNodeIds": [
          "local-nav/campus_outdoor_8ea6703b4c",
          "local-nav/campus_outdoor_f455a2eb5a"
        ],
        "localEdgeId": "edge_525_campus_outdoor_8ea6703b4c_campus_outdoor_f455a2eb5a",
        "localEdgeType": "walk",
        "source": "global-nav-0408-gcj2wgs84",
        "verificationStatus": "from-navigation-graph-unverified"
      },
      "geometry": {
        "type": "LineString",
        "coordinates": [
          [
            113.48296298419457,
            22.890384745240173
          ],
          [
            113.48291683236192,
            22.890292646256242
          ]
        ]
      }
    },
    {
      "type": "Feature",
      "id": "local/global-nav/edge_526_campus_outdoor_0b74eb32f2_campus_outdoor_6ccc716113",
      "properties": {
        "featureClass": "road",
        "highway": "footway",
        "osmId": "local/global-nav/edge_526_campus_outdoor_0b74eb32f2_campus_outdoor_6ccc716113",
        "osmNodeIds": [
          "local-nav/campus_outdoor_0b74eb32f2",
          "local-nav/campus_outdoor_6ccc716113"
        ],
        "localEdgeId": "edge_526_campus_outdoor_0b74eb32f2_campus_outdoor_6ccc716113",
        "localEdgeType": "walk",
        "source": "global-nav-0408-gcj2wgs84",
        "verificationStatus": "from-navigation-graph-unverified"
      },
      "geometry": {
        "type": "LineString",
        "coordinates": [
          [
            113.48293688754681,
            22.890494623725548
          ],
          [
            113.4828826993703,
            22.890535447240904
          ]
        ]
      }
    },
    {
      "type": "Feature",
      "id": "local/global-nav/edge_527_campus_outdoor_0b74eb32f2_campus_outdoor_8ea6703b4c",
      "properties": {
        "featureClass": "road",
        "highway": "footway",
        "osmId": "local/global-nav/edge_527_campus_outdoor_0b74eb32f2_campus_outdoor_8ea6703b4c",
        "osmNodeIds": [
          "local-nav/campus_outdoor_0b74eb32f2",
          "local-nav/campus_outdoor_8ea6703b4c"
        ],
        "localEdgeId": "edge_527_campus_outdoor_0b74eb32f2_campus_outdoor_8ea6703b4c",
        "localEdgeType": "walk",
        "source": "global-nav-0408-gcj2wgs84",
        "verificationStatus": "from-navigation-graph-unverified"
      },
      "geometry": {
        "type": "LineString",
        "coordinates": [
          [
            113.48293688754681,
            22.890494623725548
          ],
          [
            113.48296298419457,
            22.890384745240173
          ]
        ]
      }
    },
    {
      "type": "Feature",
      "id": "local/global-nav/edge_528_campus_outdoor_6ccc716113_campus_outdoor_0b74eb32f2",
      "properties": {
        "featureClass": "road",
        "highway": "footway",
        "osmId": "local/global-nav/edge_528_campus_outdoor_6ccc716113_campus_outdoor_0b74eb32f2",
        "osmNodeIds": [
          "local-nav/campus_outdoor_6ccc716113",
          "local-nav/campus_outdoor_0b74eb32f2"
        ],
        "localEdgeId": "edge_528_campus_outdoor_6ccc716113_campus_outdoor_0b74eb32f2",
        "localEdgeType": "walk",
        "source": "global-nav-0408-gcj2wgs84",
        "verificationStatus": "from-navigation-graph-unverified"
      },
      "geometry": {
        "type": "LineString",
        "coordinates": [
          [
            113.4828826993703,
            22.890535447240904
          ],
          [
            113.48293688754681,
            22.890494623725548
          ]
        ]
      }
    },
    {
      "type": "Feature",
      "id": "local/global-nav/edge_529_campus_outdoor_6ccc716113_campus_outdoor_c1c94e99dd",
      "properties": {
        "featureClass": "road",
        "highway": "footway",
        "osmId": "local/global-nav/edge_529_campus_outdoor_6ccc716113_campus_outdoor_c1c94e99dd",
        "osmNodeIds": [
          "local-nav/campus_outdoor_6ccc716113",
          "local-nav/campus_outdoor_c1c94e99dd"
        ],
        "localEdgeId": "edge_529_campus_outdoor_6ccc716113_campus_outdoor_c1c94e99dd",
        "localEdgeType": "walk",
        "source": "global-nav-0408-gcj2wgs84",
        "verificationStatus": "from-navigation-graph-unverified"
      },
      "geometry": {
        "type": "LineString",
        "coordinates": [
          [
            113.4828826993703,
            22.890535447240904
          ],
          [
            113.48280242270913,
            22.890565198277063
          ]
        ]
      }
    },
    {
      "type": "Feature",
      "id": "local/global-nav/edge_530_campus_outdoor_c1c94e99dd_campus_outdoor_5bcf7e681f",
      "properties": {
        "featureClass": "road",
        "highway": "footway",
        "osmId": "local/global-nav/edge_530_campus_outdoor_c1c94e99dd_campus_outdoor_5bcf7e681f",
        "osmNodeIds": [
          "local-nav/campus_outdoor_c1c94e99dd",
          "local-nav/campus_outdoor_5bcf7e681f"
        ],
        "localEdgeId": "edge_530_campus_outdoor_c1c94e99dd_campus_outdoor_5bcf7e681f",
        "localEdgeType": "walk",
        "source": "global-nav-0408-gcj2wgs84",
        "verificationStatus": "from-navigation-graph-unverified"
      },
      "geometry": {
        "type": "LineString",
        "coordinates": [
          [
            113.48280242270913,
            22.890565198277063
          ],
          [
            113.48273719967483,
            22.890564006311763
          ]
        ]
      }
    },
    {
      "type": "Feature",
      "id": "local/global-nav/edge_531_campus_outdoor_c1c94e99dd_campus_outdoor_6ccc716113",
      "properties": {
        "featureClass": "road",
        "highway": "footway",
        "osmId": "local/global-nav/edge_531_campus_outdoor_c1c94e99dd_campus_outdoor_6ccc716113",
        "osmNodeIds": [
          "local-nav/campus_outdoor_c1c94e99dd",
          "local-nav/campus_outdoor_6ccc716113"
        ],
        "localEdgeId": "edge_531_campus_outdoor_c1c94e99dd_campus_outdoor_6ccc716113",
        "localEdgeType": "walk",
        "source": "global-nav-0408-gcj2wgs84",
        "verificationStatus": "from-navigation-graph-unverified"
      },
      "geometry": {
        "type": "LineString",
        "coordinates": [
          [
            113.48280242270913,
            22.890565198277063
          ],
          [
            113.4828826993703,
            22.890535447240904
          ]
        ]
      }
    },
    {
      "type": "Feature",
      "id": "local/global-nav/edge_532_campus_outdoor_c1c94e99dd_campus_outdoor_782b5eeb54",
      "properties": {
        "featureClass": "road",
        "highway": "footway",
        "osmId": "local/global-nav/edge_532_campus_outdoor_c1c94e99dd_campus_outdoor_782b5eeb54",
        "osmNodeIds": [
          "local-nav/campus_outdoor_c1c94e99dd",
          "local-nav/campus_outdoor_782b5eeb54"
        ],
        "localEdgeId": "edge_532_campus_outdoor_c1c94e99dd_campus_outdoor_782b5eeb54",
        "localEdgeType": "walk",
        "source": "global-nav-0408-gcj2wgs84",
        "verificationStatus": "from-navigation-graph-unverified"
      },
      "geometry": {
        "type": "LineString",
        "coordinates": [
          [
            113.48280242270913,
            22.890565198277063
          ],
          [
            113.48278934921308,
            22.890996984885867
          ]
        ]
      }
    },
    {
      "type": "Feature",
      "id": "local/global-nav/edge_533_campus_outdoor_5bcf7e681f_campus_outdoor_a37f6abff1",
      "properties": {
        "featureClass": "road",
        "highway": "footway",
        "osmId": "local/global-nav/edge_533_campus_outdoor_5bcf7e681f_campus_outdoor_a37f6abff1",
        "osmNodeIds": [
          "local-nav/campus_outdoor_5bcf7e681f",
          "local-nav/campus_outdoor_a37f6abff1"
        ],
        "localEdgeId": "edge_533_campus_outdoor_5bcf7e681f_campus_outdoor_a37f6abff1",
        "localEdgeType": "walk",
        "source": "global-nav-0408-gcj2wgs84",
        "verificationStatus": "from-navigation-graph-unverified"
      },
      "geometry": {
        "type": "LineString",
        "coordinates": [
          [
            113.48273719967483,
            22.890564006311763
          ],
          [
            113.48269004012528,
            22.89053787776387
          ]
        ]
      }
    },
    {
      "type": "Feature",
      "id": "local/global-nav/edge_534_campus_outdoor_5bcf7e681f_campus_outdoor_c1c94e99dd",
      "properties": {
        "featureClass": "road",
        "highway": "footway",
        "osmId": "local/global-nav/edge_534_campus_outdoor_5bcf7e681f_campus_outdoor_c1c94e99dd",
        "osmNodeIds": [
          "local-nav/campus_outdoor_5bcf7e681f",
          "local-nav/campus_outdoor_c1c94e99dd"
        ],
        "localEdgeId": "edge_534_campus_outdoor_5bcf7e681f_campus_outdoor_c1c94e99dd",
        "localEdgeType": "walk",
        "source": "global-nav-0408-gcj2wgs84",
        "verificationStatus": "from-navigation-graph-unverified"
      },
      "geometry": {
        "type": "LineString",
        "coordinates": [
          [
            113.48273719967483,
            22.890564006311763
          ],
          [
            113.48280242270913,
            22.890565198277063
          ]
        ]
      }
    },
    {
      "type": "Feature",
      "id": "local/global-nav/edge_535_campus_outdoor_a37f6abff1_campus_outdoor_5bcf7e681f",
      "properties": {
        "featureClass": "road",
        "highway": "footway",
        "osmId": "local/global-nav/edge_535_campus_outdoor_a37f6abff1_campus_outdoor_5bcf7e681f",
        "osmNodeIds": [
          "local-nav/campus_outdoor_a37f6abff1",
          "local-nav/campus_outdoor_5bcf7e681f"
        ],
        "localEdgeId": "edge_535_campus_outdoor_a37f6abff1_campus_outdoor_5bcf7e681f",
        "localEdgeType": "walk",
        "source": "global-nav-0408-gcj2wgs84",
        "verificationStatus": "from-navigation-graph-unverified"
      },
      "geometry": {
        "type": "LineString",
        "coordinates": [
          [
            113.48269004012528,
            22.89053787776387
          ],
          [
            113.48273719967483,
            22.890564006311763
          ]
        ]
      }
    },
    {
      "type": "Feature",
      "id": "local/global-nav/edge_536_campus_outdoor_a37f6abff1_campus_outdoor_83c87c9a42",
      "properties": {
        "featureClass": "road",
        "highway": "footway",
        "osmId": "local/global-nav/edge_536_campus_outdoor_a37f6abff1_campus_outdoor_83c87c9a42",
        "osmNodeIds": [
          "local-nav/campus_outdoor_a37f6abff1",
          "local-nav/campus_outdoor_83c87c9a42"
        ],
        "localEdgeId": "edge_536_campus_outdoor_a37f6abff1_campus_outdoor_83c87c9a42",
        "localEdgeType": "walk",
        "source": "global-nav-0408-gcj2wgs84",
        "verificationStatus": "from-navigation-graph-unverified"
      },
      "geometry": {
        "type": "LineString",
        "coordinates": [
          [
            113.48269004012528,
            22.89053787776387
          ],
          [
            113.48264489060561,
            22.890464774177808
          ]
        ]
      }
    },
    {
      "type": "Feature",
      "id": "local/global-nav/edge_537_campus_outdoor_83c87c9a42_campus_outdoor_599eeb6126",
      "properties": {
        "featureClass": "road",
        "highway": "footway",
        "osmId": "local/global-nav/edge_537_campus_outdoor_83c87c9a42_campus_outdoor_599eeb6126",
        "osmNodeIds": [
          "local-nav/campus_outdoor_83c87c9a42",
          "local-nav/campus_outdoor_599eeb6126"
        ],
        "localEdgeId": "edge_537_campus_outdoor_83c87c9a42_campus_outdoor_599eeb6126",
        "localEdgeType": "walk",
        "source": "global-nav-0408-gcj2wgs84",
        "verificationStatus": "from-navigation-graph-unverified"
      },
      "geometry": {
        "type": "LineString",
        "coordinates": [
          [
            113.48264489060561,
            22.890464774177808
          ],
          [
            113.48243114501777,
            22.890690052801723
          ]
        ]
      }
    },
    {
      "type": "Feature",
      "id": "local/global-nav/edge_538_campus_outdoor_83c87c9a42_campus_outdoor_a37f6abff1",
      "properties": {
        "featureClass": "road",
        "highway": "footway",
        "osmId": "local/global-nav/edge_538_campus_outdoor_83c87c9a42_campus_outdoor_a37f6abff1",
        "osmNodeIds": [
          "local-nav/campus_outdoor_83c87c9a42",
          "local-nav/campus_outdoor_a37f6abff1"
        ],
        "localEdgeId": "edge_538_campus_outdoor_83c87c9a42_campus_outdoor_a37f6abff1",
        "localEdgeType": "walk",
        "source": "global-nav-0408-gcj2wgs84",
        "verificationStatus": "from-navigation-graph-unverified"
      },
      "geometry": {
        "type": "LineString",
        "coordinates": [
          [
            113.48264489060561,
            22.890464774177808
          ],
          [
            113.48269004012528,
            22.89053787776387
          ]
        ]
      }
    },
    {
      "type": "Feature",
      "id": "local/global-nav/edge_539_campus_outdoor_83c87c9a42_campus_outdoor_b067e1b456",
      "properties": {
        "featureClass": "road",
        "highway": "footway",
        "osmId": "local/global-nav/edge_539_campus_outdoor_83c87c9a42_campus_outdoor_b067e1b456",
        "osmNodeIds": [
          "local-nav/campus_outdoor_83c87c9a42",
          10740248573
        ],
        "localEdgeId": "edge_539_campus_outdoor_83c87c9a42_campus_outdoor_b067e1b456",
        "localEdgeType": "walk",
        "source": "global-nav-0408-gcj2wgs84",
        "verificationStatus": "from-navigation-graph-unverified"
      },
      "geometry": {
        "type": "LineString",
        "coordinates": [
          [
            113.48264489060561,
            22.890464774177808
          ],
          [
            113.48264489715547,
            22.89036681384077
          ]
        ]
      }
    },
    {
      "type": "Feature",
      "id": "local/global-nav/edge_540_campus_outdoor_b067e1b456_campus_outdoor_83c87c9a42",
      "properties": {
        "featureClass": "road",
        "highway": "footway",
        "osmId": "local/global-nav/edge_540_campus_outdoor_b067e1b456_campus_outdoor_83c87c9a42",
        "osmNodeIds": [
          10740248573,
          "local-nav/campus_outdoor_83c87c9a42"
        ],
        "localEdgeId": "edge_540_campus_outdoor_b067e1b456_campus_outdoor_83c87c9a42",
        "localEdgeType": "walk",
        "source": "global-nav-0408-gcj2wgs84",
        "verificationStatus": "from-navigation-graph-unverified"
      },
      "geometry": {
        "type": "LineString",
        "coordinates": [
          [
            113.48264489715547,
            22.89036681384077
          ],
          [
            113.48264489060561,
            22.890464774177808
          ]
        ]
      }
    },
    {
      "type": "Feature",
      "id": "local/global-nav/edge_541_campus_outdoor_b067e1b456_campus_outdoor_f14113fbc0",
      "properties": {
        "featureClass": "road",
        "highway": "footway",
        "osmId": "local/global-nav/edge_541_campus_outdoor_b067e1b456_campus_outdoor_f14113fbc0",
        "osmNodeIds": [
          10740248573,
          "local-nav/campus_outdoor_f14113fbc0"
        ],
        "localEdgeId": "edge_541_campus_outdoor_b067e1b456_campus_outdoor_f14113fbc0",
        "localEdgeType": "walk",
        "source": "global-nav-0408-gcj2wgs84",
        "verificationStatus": "from-navigation-graph-unverified"
      },
      "geometry": {
        "type": "LineString",
        "coordinates": [
          [
            113.48264489715547,
            22.89036681384077
          ],
          [
            113.48266797980986,
            22.890310904546983
          ]
        ]
      }
    },
    {
      "type": "Feature",
      "id": "local/global-nav/edge_542_campus_outdoor_f14113fbc0_campus_outdoor_b067e1b456",
      "properties": {
        "featureClass": "road",
        "highway": "footway",
        "osmId": "local/global-nav/edge_542_campus_outdoor_f14113fbc0_campus_outdoor_b067e1b456",
        "osmNodeIds": [
          "local-nav/campus_outdoor_f14113fbc0",
          10740248573
        ],
        "localEdgeId": "edge_542_campus_outdoor_f14113fbc0_campus_outdoor_b067e1b456",
        "localEdgeType": "walk",
        "source": "global-nav-0408-gcj2wgs84",
        "verificationStatus": "from-navigation-graph-unverified"
      },
      "geometry": {
        "type": "LineString",
        "coordinates": [
          [
            113.48266797980986,
            22.890310904546983
          ],
          [
            113.48264489715547,
            22.89036681384077
          ]
        ]
      }
    },
    {
      "type": "Feature",
      "id": "local/global-nav/edge_543_campus_outdoor_f14113fbc0_campus_outdoor_b8d136cffc",
      "properties": {
        "featureClass": "road",
        "highway": "footway",
        "osmId": "local/global-nav/edge_543_campus_outdoor_f14113fbc0_campus_outdoor_b8d136cffc",
        "osmNodeIds": [
          "local-nav/campus_outdoor_f14113fbc0",
          "local-nav/campus_outdoor_b8d136cffc"
        ],
        "localEdgeId": "edge_543_campus_outdoor_f14113fbc0_campus_outdoor_b8d136cffc",
        "localEdgeType": "walk",
        "source": "global-nav-0408-gcj2wgs84",
        "verificationStatus": "from-navigation-graph-unverified"
      },
      "geometry": {
        "type": "LineString",
        "coordinates": [
          [
            113.48266797980986,
            22.890310904546983
          ],
          [
            113.48276130196072,
            22.890266197943546
          ]
        ]
      }
    },
    {
      "type": "Feature",
      "id": "local/global-nav/edge_544_campus_outdoor_b8d136cffc_campus_outdoor_042bb604d4",
      "properties": {
        "featureClass": "road",
        "highway": "footway",
        "osmId": "local/global-nav/edge_544_campus_outdoor_b8d136cffc_campus_outdoor_042bb604d4",
        "osmNodeIds": [
          "local-nav/campus_outdoor_b8d136cffc",
          11073090147
        ],
        "localEdgeId": "edge_544_campus_outdoor_b8d136cffc_campus_outdoor_042bb604d4",
        "localEdgeType": "walk",
        "source": "global-nav-0408-gcj2wgs84",
        "verificationStatus": "from-navigation-graph-unverified"
      },
      "geometry": {
        "type": "LineString",
        "coordinates": [
          [
            113.48276130196072,
            22.890266197943546
          ],
          [
            113.48275830409486,
            22.890080264322965
          ]
        ]
      }
    },
    {
      "type": "Feature",
      "id": "local/global-nav/edge_545_campus_outdoor_b8d136cffc_campus_outdoor_890fdc4489",
      "properties": {
        "featureClass": "road",
        "highway": "footway",
        "osmId": "local/global-nav/edge_545_campus_outdoor_b8d136cffc_campus_outdoor_890fdc4489",
        "osmNodeIds": [
          "local-nav/campus_outdoor_b8d136cffc",
          "local-nav/campus_outdoor_890fdc4489"
        ],
        "localEdgeId": "edge_545_campus_outdoor_b8d136cffc_campus_outdoor_890fdc4489",
        "localEdgeType": "walk",
        "source": "global-nav-0408-gcj2wgs84",
        "verificationStatus": "from-navigation-graph-unverified"
      },
      "geometry": {
        "type": "LineString",
        "coordinates": [
          [
            113.48276130196072,
            22.890266197943546
          ],
          [
            113.48285863373967,
            22.890284477773303
          ]
        ]
      }
    },
    {
      "type": "Feature",
      "id": "local/global-nav/edge_546_campus_outdoor_b8d136cffc_campus_outdoor_f14113fbc0",
      "properties": {
        "featureClass": "road",
        "highway": "footway",
        "osmId": "local/global-nav/edge_546_campus_outdoor_b8d136cffc_campus_outdoor_f14113fbc0",
        "osmNodeIds": [
          "local-nav/campus_outdoor_b8d136cffc",
          "local-nav/campus_outdoor_f14113fbc0"
        ],
        "localEdgeId": "edge_546_campus_outdoor_b8d136cffc_campus_outdoor_f14113fbc0",
        "localEdgeType": "walk",
        "source": "global-nav-0408-gcj2wgs84",
        "verificationStatus": "from-navigation-graph-unverified"
      },
      "geometry": {
        "type": "LineString",
        "coordinates": [
          [
            113.48276130196072,
            22.890266197943546
          ],
          [
            113.48266797980986,
            22.890310904546983
          ]
        ]
      }
    },
    {
      "type": "Feature",
      "id": "local/global-nav/edge_547_campus_outdoor_890fdc4489_campus_outdoor_b8d136cffc",
      "properties": {
        "featureClass": "road",
        "highway": "footway",
        "osmId": "local/global-nav/edge_547_campus_outdoor_890fdc4489_campus_outdoor_b8d136cffc",
        "osmNodeIds": [
          "local-nav/campus_outdoor_890fdc4489",
          "local-nav/campus_outdoor_b8d136cffc"
        ],
        "localEdgeId": "edge_547_campus_outdoor_890fdc4489_campus_outdoor_b8d136cffc",
        "localEdgeType": "walk",
        "source": "global-nav-0408-gcj2wgs84",
        "verificationStatus": "from-navigation-graph-unverified"
      },
      "geometry": {
        "type": "LineString",
        "coordinates": [
          [
            113.48285863373967,
            22.890284477773303
          ],
          [
            113.48276130196072,
            22.890266197943546
          ]
        ]
      }
    },
    {
      "type": "Feature",
      "id": "local/global-nav/edge_548_campus_outdoor_890fdc4489_campus_outdoor_f455a2eb5a",
      "properties": {
        "featureClass": "road",
        "highway": "footway",
        "osmId": "local/global-nav/edge_548_campus_outdoor_890fdc4489_campus_outdoor_f455a2eb5a",
        "osmNodeIds": [
          "local-nav/campus_outdoor_890fdc4489",
          "local-nav/campus_outdoor_f455a2eb5a"
        ],
        "localEdgeId": "edge_548_campus_outdoor_890fdc4489_campus_outdoor_f455a2eb5a",
        "localEdgeType": "walk",
        "source": "global-nav-0408-gcj2wgs84",
        "verificationStatus": "from-navigation-graph-unverified"
      },
      "geometry": {
        "type": "LineString",
        "coordinates": [
          [
            113.48285863373967,
            22.890284477773303
          ],
          [
            113.48291683236192,
            22.890292646256242
          ]
        ]
      }
    },
    {
      "type": "Feature",
      "id": "local/global-nav/edge_549_campus_outdoor_e7d2f8da18_campus_outdoor_429e700b66",
      "properties": {
        "featureClass": "road",
        "highway": "footway",
        "osmId": "local/global-nav/edge_549_campus_outdoor_e7d2f8da18_campus_outdoor_429e700b66",
        "osmNodeIds": [
          "local-nav/campus_outdoor_e7d2f8da18",
          "local-nav/campus_outdoor_429e700b66"
        ],
        "localEdgeId": "edge_549_campus_outdoor_e7d2f8da18_campus_outdoor_429e700b66",
        "localEdgeType": "walk",
        "source": "global-nav-0408-gcj2wgs84",
        "verificationStatus": "from-navigation-graph-unverified"
      },
      "geometry": {
        "type": "LineString",
        "coordinates": [
          [
            113.47985418597611,
            22.893655291068782
          ],
          [
            113.47978294160171,
            22.893707062128453
          ]
        ]
      }
    },
    {
      "type": "Feature",
      "id": "local/global-nav/edge_550_campus_outdoor_e7d2f8da18_campus_outdoor_56e8539fd3",
      "properties": {
        "featureClass": "road",
        "highway": "footway",
        "osmId": "local/global-nav/edge_550_campus_outdoor_e7d2f8da18_campus_outdoor_56e8539fd3",
        "osmNodeIds": [
          "local-nav/campus_outdoor_e7d2f8da18",
          "local-nav/campus_outdoor_56e8539fd3"
        ],
        "localEdgeId": "edge_550_campus_outdoor_e7d2f8da18_campus_outdoor_56e8539fd3",
        "localEdgeType": "walk",
        "source": "global-nav-0408-gcj2wgs84",
        "verificationStatus": "from-navigation-graph-unverified"
      },
      "geometry": {
        "type": "LineString",
        "coordinates": [
          [
            113.47985418597611,
            22.893655291068782
          ],
          [
            113.48023950169363,
            22.893483486364286
          ]
        ]
      }
    },
    {
      "type": "Feature",
      "id": "local/global-nav/edge_551_campus_outdoor_56e8539fd3_campus_outdoor_3c280cd93b",
      "properties": {
        "featureClass": "road",
        "highway": "footway",
        "osmId": "local/global-nav/edge_551_campus_outdoor_56e8539fd3_campus_outdoor_3c280cd93b",
        "osmNodeIds": [
          "local-nav/campus_outdoor_56e8539fd3",
          "local-nav/campus_outdoor_3c280cd93b"
        ],
        "localEdgeId": "edge_551_campus_outdoor_56e8539fd3_campus_outdoor_3c280cd93b",
        "localEdgeType": "walk",
        "source": "global-nav-0408-gcj2wgs84",
        "verificationStatus": "from-navigation-graph-unverified"
      },
      "geometry": {
        "type": "LineString",
        "coordinates": [
          [
            113.48023950169363,
            22.893483486364286
          ],
          [
            113.48025957462676,
            22.89340957506034
          ]
        ]
      }
    },
    {
      "type": "Feature",
      "id": "local/global-nav/edge_552_campus_outdoor_56e8539fd3_campus_outdoor_ceefe5f816",
      "properties": {
        "featureClass": "road",
        "highway": "footway",
        "osmId": "local/global-nav/edge_552_campus_outdoor_56e8539fd3_campus_outdoor_ceefe5f816",
        "osmNodeIds": [
          "local-nav/campus_outdoor_56e8539fd3",
          "local-nav/campus_outdoor_ceefe5f816"
        ],
        "localEdgeId": "edge_552_campus_outdoor_56e8539fd3_campus_outdoor_ceefe5f816",
        "localEdgeType": "walk",
        "source": "global-nav-0408-gcj2wgs84",
        "verificationStatus": "from-navigation-graph-unverified"
      },
      "geometry": {
        "type": "LineString",
        "coordinates": [
          [
            113.48023950169363,
            22.893483486364286
          ],
          [
            113.48037394116317,
            22.89372478147802
          ]
        ]
      }
    },
    {
      "type": "Feature",
      "id": "local/global-nav/edge_553_campus_outdoor_56e8539fd3_campus_outdoor_e7d2f8da18",
      "properties": {
        "featureClass": "road",
        "highway": "footway",
        "osmId": "local/global-nav/edge_553_campus_outdoor_56e8539fd3_campus_outdoor_e7d2f8da18",
        "osmNodeIds": [
          "local-nav/campus_outdoor_56e8539fd3",
          "local-nav/campus_outdoor_e7d2f8da18"
        ],
        "localEdgeId": "edge_553_campus_outdoor_56e8539fd3_campus_outdoor_e7d2f8da18",
        "localEdgeType": "walk",
        "source": "global-nav-0408-gcj2wgs84",
        "verificationStatus": "from-navigation-graph-unverified"
      },
      "geometry": {
        "type": "LineString",
        "coordinates": [
          [
            113.48023950169363,
            22.893483486364286
          ],
          [
            113.47985418597611,
            22.893655291068782
          ]
        ]
      }
    },
    {
      "type": "Feature",
      "id": "local/global-nav/edge_554_campus_outdoor_3c280cd93b_campus_outdoor_56e8539fd3",
      "properties": {
        "featureClass": "road",
        "highway": "footway",
        "osmId": "local/global-nav/edge_554_campus_outdoor_3c280cd93b_campus_outdoor_56e8539fd3",
        "osmNodeIds": [
          "local-nav/campus_outdoor_3c280cd93b",
          "local-nav/campus_outdoor_56e8539fd3"
        ],
        "localEdgeId": "edge_554_campus_outdoor_3c280cd93b_campus_outdoor_56e8539fd3",
        "localEdgeType": "walk",
        "source": "global-nav-0408-gcj2wgs84",
        "verificationStatus": "from-navigation-graph-unverified"
      },
      "geometry": {
        "type": "LineString",
        "coordinates": [
          [
            113.48025957462676,
            22.89340957506034
          ],
          [
            113.48023950169363,
            22.893483486364286
          ]
        ]
      }
    },
    {
      "type": "Feature",
      "id": "local/global-nav/edge_555_campus_outdoor_3c280cd93b_campus_outdoor_9c8448e438",
      "properties": {
        "featureClass": "road",
        "highway": "footway",
        "osmId": "local/global-nav/edge_555_campus_outdoor_3c280cd93b_campus_outdoor_9c8448e438",
        "osmNodeIds": [
          "local-nav/campus_outdoor_3c280cd93b",
          "local-nav/campus_outdoor_9c8448e438"
        ],
        "localEdgeId": "edge_555_campus_outdoor_3c280cd93b_campus_outdoor_9c8448e438",
        "localEdgeType": "walk",
        "source": "global-nav-0408-gcj2wgs84",
        "verificationStatus": "from-navigation-graph-unverified"
      },
      "geometry": {
        "type": "LineString",
        "coordinates": [
          [
            113.48025957462676,
            22.89340957506034
          ],
          [
            113.48025757190915,
            22.89334859396672
          ]
        ]
      }
    },
    {
      "type": "Feature",
      "id": "local/global-nav/edge_556_campus_outdoor_494a19ba05_campus_outdoor_0785828d29",
      "properties": {
        "featureClass": "road",
        "highway": "footway",
        "osmId": "local/global-nav/edge_556_campus_outdoor_494a19ba05_campus_outdoor_0785828d29",
        "osmNodeIds": [
          10740248788,
          11073090140
        ],
        "localEdgeId": "edge_556_campus_outdoor_494a19ba05_campus_outdoor_0785828d29",
        "localEdgeType": "walk",
        "source": "global-nav-0408-gcj2wgs84",
        "verificationStatus": "from-navigation-graph-unverified"
      },
      "geometry": {
        "type": "LineString",
        "coordinates": [
          [
            113.47740389534411,
            22.89439187832748
          ],
          [
            113.4774891754213,
            22.89446909316539
          ]
        ]
      }
    },
    {
      "type": "Feature",
      "id": "local/global-nav/edge_557_campus_outdoor_494a19ba05_campus_outdoor_a5110d99e0",
      "properties": {
        "featureClass": "road",
        "highway": "footway",
        "osmId": "local/global-nav/edge_557_campus_outdoor_494a19ba05_campus_outdoor_a5110d99e0",
        "osmNodeIds": [
          10740248788,
          "local-nav/campus_outdoor_a5110d99e0"
        ],
        "localEdgeId": "edge_557_campus_outdoor_494a19ba05_campus_outdoor_a5110d99e0",
        "localEdgeType": "walk",
        "source": "global-nav-0408-gcj2wgs84",
        "verificationStatus": "from-navigation-graph-unverified"
      },
      "geometry": {
        "type": "LineString",
        "coordinates": [
          [
            113.47740389534411,
            22.89439187832748
          ],
          [
            113.47722531784734,
            22.894101481085222
          ]
        ]
      }
    },
    {
      "type": "Feature",
      "id": "local/global-nav/edge_558_campus_outdoor_1186ccac04_campus_outdoor_38a35f5641",
      "properties": {
        "featureClass": "road",
        "highway": "footway",
        "osmId": "local/global-nav/edge_558_campus_outdoor_1186ccac04_campus_outdoor_38a35f5641",
        "osmNodeIds": [
          "local-nav/campus_outdoor_1186ccac04",
          "local-nav/campus_outdoor_38a35f5641"
        ],
        "localEdgeId": "edge_558_campus_outdoor_1186ccac04_campus_outdoor_38a35f5641",
        "localEdgeType": "walk",
        "source": "global-nav-0408-gcj2wgs84",
        "verificationStatus": "from-navigation-graph-unverified"
      },
      "geometry": {
        "type": "LineString",
        "coordinates": [
          [
            113.48125928456196,
            22.888669423178477
          ],
          [
            113.48111757490463,
            22.88831933577911
          ]
        ]
      }
    },
    {
      "type": "Feature",
      "id": "local/global-nav/edge_559_campus_outdoor_1186ccac04_campus_outdoor_867d20a397",
      "properties": {
        "featureClass": "road",
        "highway": "footway",
        "osmId": "local/global-nav/edge_559_campus_outdoor_1186ccac04_campus_outdoor_867d20a397",
        "osmNodeIds": [
          "local-nav/campus_outdoor_1186ccac04",
          "local-nav/campus_outdoor_867d20a397"
        ],
        "localEdgeId": "edge_559_campus_outdoor_1186ccac04_campus_outdoor_867d20a397",
        "localEdgeType": "walk",
        "source": "global-nav-0408-gcj2wgs84",
        "verificationStatus": "from-navigation-graph-unverified"
      },
      "geometry": {
        "type": "LineString",
        "coordinates": [
          [
            113.48125928456196,
            22.888669423178477
          ],
          [
            113.48076749973255,
            22.88850913567224
          ]
        ]
      }
    },
    {
      "type": "Feature",
      "id": "local/global-nav/edge_560_campus_outdoor_0f779e123e_campus_outdoor_1bb711113d",
      "properties": {
        "featureClass": "road",
        "highway": "footway",
        "osmId": "local/global-nav/edge_560_campus_outdoor_0f779e123e_campus_outdoor_1bb711113d",
        "osmNodeIds": [
          "local-nav/campus_outdoor_0f779e123e",
          "local-nav/campus_outdoor_1bb711113d"
        ],
        "localEdgeId": "edge_560_campus_outdoor_0f779e123e_campus_outdoor_1bb711113d",
        "localEdgeType": "walk",
        "source": "global-nav-0408-gcj2wgs84",
        "verificationStatus": "from-navigation-graph-unverified"
      },
      "geometry": {
        "type": "LineString",
        "coordinates": [
          [
            113.4765363174385,
            22.88964730287104
          ],
          [
            113.47668380867727,
            22.889646727183923
          ]
        ]
      }
    },
    {
      "type": "Feature",
      "id": "local/global-nav/edge_561_campus_outdoor_0f779e123e_campus_outdoor_b8059a16bd",
      "properties": {
        "featureClass": "road",
        "highway": "footway",
        "osmId": "local/global-nav/edge_561_campus_outdoor_0f779e123e_campus_outdoor_b8059a16bd",
        "osmNodeIds": [
          "local-nav/campus_outdoor_0f779e123e",
          "local-nav/campus_outdoor_b8059a16bd"
        ],
        "localEdgeId": "edge_561_campus_outdoor_0f779e123e_campus_outdoor_b8059a16bd",
        "localEdgeType": "walk",
        "source": "global-nav-0408-gcj2wgs84",
        "verificationStatus": "from-navigation-graph-unverified"
      },
      "geometry": {
        "type": "LineString",
        "coordinates": [
          [
            113.4765363174385,
            22.88964730287104
          ],
          [
            113.47640487730052,
            22.889687908793302
          ]
        ]
      }
    },
    {
      "type": "Feature",
      "id": "local/global-nav/edge_562_campus_outdoor_1bb711113d_campus_outdoor_0f779e123e",
      "properties": {
        "featureClass": "road",
        "highway": "footway",
        "osmId": "local/global-nav/edge_562_campus_outdoor_1bb711113d_campus_outdoor_0f779e123e",
        "osmNodeIds": [
          "local-nav/campus_outdoor_1bb711113d",
          "local-nav/campus_outdoor_0f779e123e"
        ],
        "localEdgeId": "edge_562_campus_outdoor_1bb711113d_campus_outdoor_0f779e123e",
        "localEdgeType": "walk",
        "source": "global-nav-0408-gcj2wgs84",
        "verificationStatus": "from-navigation-graph-unverified"
      },
      "geometry": {
        "type": "LineString",
        "coordinates": [
          [
            113.47668380867727,
            22.889646727183923
          ],
          [
            113.4765363174385,
            22.88964730287104
          ]
        ]
      }
    },
    {
      "type": "Feature",
      "id": "local/global-nav/edge_563_campus_outdoor_1bb711113d_campus_outdoor_e2b51b5726",
      "properties": {
        "featureClass": "road",
        "highway": "footway",
        "osmId": "local/global-nav/edge_563_campus_outdoor_1bb711113d_campus_outdoor_e2b51b5726",
        "osmNodeIds": [
          "local-nav/campus_outdoor_1bb711113d",
          "local-nav/campus_outdoor_e2b51b5726"
        ],
        "localEdgeId": "edge_563_campus_outdoor_1bb711113d_campus_outdoor_e2b51b5726",
        "localEdgeType": "walk",
        "source": "global-nav-0408-gcj2wgs84",
        "verificationStatus": "from-navigation-graph-unverified"
      },
      "geometry": {
        "type": "LineString",
        "coordinates": [
          [
            113.47668380867727,
            22.889646727183923
          ],
          [
            113.47675905828166,
            22.889663936712378
          ]
        ]
      }
    },
    {
      "type": "Feature",
      "id": "local/global-nav/edge_564_campus_outdoor_e2b51b5726_campus_outdoor_1bb711113d",
      "properties": {
        "featureClass": "road",
        "highway": "footway",
        "osmId": "local/global-nav/edge_564_campus_outdoor_e2b51b5726_campus_outdoor_1bb711113d",
        "osmNodeIds": [
          "local-nav/campus_outdoor_e2b51b5726",
          "local-nav/campus_outdoor_1bb711113d"
        ],
        "localEdgeId": "edge_564_campus_outdoor_e2b51b5726_campus_outdoor_1bb711113d",
        "localEdgeType": "walk",
        "source": "global-nav-0408-gcj2wgs84",
        "verificationStatus": "from-navigation-graph-unverified"
      },
      "geometry": {
        "type": "LineString",
        "coordinates": [
          [
            113.47675905828166,
            22.889663936712378
          ],
          [
            113.47668380867727,
            22.889646727183923
          ]
        ]
      }
    },
    {
      "type": "Feature",
      "id": "local/global-nav/edge_565_campus_outdoor_e2b51b5726_campus_outdoor_71bea36c4c",
      "properties": {
        "featureClass": "road",
        "highway": "footway",
        "osmId": "local/global-nav/edge_565_campus_outdoor_e2b51b5726_campus_outdoor_71bea36c4c",
        "osmNodeIds": [
          "local-nav/campus_outdoor_e2b51b5726",
          10740248625
        ],
        "localEdgeId": "edge_565_campus_outdoor_e2b51b5726_campus_outdoor_71bea36c4c",
        "localEdgeType": "walk",
        "source": "global-nav-0408-gcj2wgs84",
        "verificationStatus": "from-navigation-graph-unverified"
      },
      "geometry": {
        "type": "LineString",
        "coordinates": [
          [
            113.47675905828166,
            22.889663936712378
          ],
          [
            113.47682427245651,
            22.889712104917727
          ]
        ]
      }
    },
    {
      "type": "Feature",
      "id": "local/global-nav/edge_566_campus_outdoor_3ffeb1a368_campus_outdoor_6d4bdea8fc",
      "properties": {
        "featureClass": "road",
        "highway": "footway",
        "osmId": "local/global-nav/edge_566_campus_outdoor_3ffeb1a368_campus_outdoor_6d4bdea8fc",
        "osmNodeIds": [
          "local-nav/campus_outdoor_3ffeb1a368",
          "local-nav/campus_outdoor_6d4bdea8fc"
        ],
        "localEdgeId": "edge_566_campus_outdoor_3ffeb1a368_campus_outdoor_6d4bdea8fc",
        "localEdgeType": "walk",
        "source": "global-nav-0408-gcj2wgs84",
        "verificationStatus": "from-navigation-graph-unverified"
      },
      "geometry": {
        "type": "LineString",
        "coordinates": [
          [
            113.4793147571391,
            22.887758105723552
          ],
          [
            113.47953246519641,
            22.88816057758587
          ]
        ]
      }
    },
    {
      "type": "Feature",
      "id": "local/global-nav/edge_567_campus_outdoor_3ffeb1a368_campus_outdoor_775c0acdd7",
      "properties": {
        "featureClass": "road",
        "highway": "footway",
        "osmId": "local/global-nav/edge_567_campus_outdoor_3ffeb1a368_campus_outdoor_775c0acdd7",
        "osmNodeIds": [
          "local-nav/campus_outdoor_3ffeb1a368",
          "local-nav/campus_outdoor_775c0acdd7"
        ],
        "localEdgeId": "edge_567_campus_outdoor_3ffeb1a368_campus_outdoor_775c0acdd7",
        "localEdgeType": "walk",
        "source": "global-nav-0408-gcj2wgs84",
        "verificationStatus": "from-navigation-graph-unverified"
      },
      "geometry": {
        "type": "LineString",
        "coordinates": [
          [
            113.4793147571391,
            22.887758105723552
          ],
          [
            113.4792294789497,
            22.887615914794896
          ]
        ]
      }
    },
    {
      "type": "Feature",
      "id": "local/global-nav/edge_568_campus_outdoor_525a1703bc_campus_outdoor_a10d501952",
      "properties": {
        "featureClass": "road",
        "highway": "footway",
        "osmId": "local/global-nav/edge_568_campus_outdoor_525a1703bc_campus_outdoor_a10d501952",
        "osmNodeIds": [
          "local-nav/campus_outdoor_525a1703bc",
          10740248757
        ],
        "localEdgeId": "edge_568_campus_outdoor_525a1703bc_campus_outdoor_a10d501952",
        "localEdgeType": "walk",
        "source": "global-nav-0408-gcj2wgs84",
        "verificationStatus": "from-navigation-graph-unverified"
      },
      "geometry": {
        "type": "LineString",
        "coordinates": [
          [
            113.4781477376709,
            22.889142157179812
          ],
          [
            113.47801630850628,
            22.888965847797646
          ]
        ]
      }
    },
    {
      "type": "Feature",
      "id": "local/global-nav/edge_569_campus_outdoor_525a1703bc_campus_outdoor_ff447cbcde",
      "properties": {
        "featureClass": "road",
        "highway": "footway",
        "osmId": "local/global-nav/edge_569_campus_outdoor_525a1703bc_campus_outdoor_ff447cbcde",
        "osmNodeIds": [
          "local-nav/campus_outdoor_525a1703bc",
          10740248758
        ],
        "localEdgeId": "edge_569_campus_outdoor_525a1703bc_campus_outdoor_ff447cbcde",
        "localEdgeType": "walk",
        "source": "global-nav-0408-gcj2wgs84",
        "verificationStatus": "from-navigation-graph-unverified"
      },
      "geometry": {
        "type": "LineString",
        "coordinates": [
          [
            113.4781477376709,
            22.889142157179812
          ],
          [
            113.47829120593863,
            22.889342491967405
          ]
        ]
      }
    },
    {
      "type": "Feature",
      "id": "local/global-nav/edge_570_campus_outdoor_ff447cbcde_campus_outdoor_525a1703bc",
      "properties": {
        "featureClass": "road",
        "highway": "footway",
        "osmId": "local/global-nav/edge_570_campus_outdoor_ff447cbcde_campus_outdoor_525a1703bc",
        "osmNodeIds": [
          10740248758,
          "local-nav/campus_outdoor_525a1703bc"
        ],
        "localEdgeId": "edge_570_campus_outdoor_ff447cbcde_campus_outdoor_525a1703bc",
        "localEdgeType": "walk",
        "source": "global-nav-0408-gcj2wgs84",
        "verificationStatus": "from-navigation-graph-unverified"
      },
      "geometry": {
        "type": "LineString",
        "coordinates": [
          [
            113.47829120593863,
            22.889342491967405
          ],
          [
            113.4781477376709,
            22.889142157179812
          ]
        ]
      }
    },
    {
      "type": "Feature",
      "id": "local/global-nav/edge_571_campus_outdoor_ff447cbcde_campus_outdoor_ff0761abcd",
      "properties": {
        "featureClass": "road",
        "highway": "footway",
        "osmId": "local/global-nav/edge_571_campus_outdoor_ff447cbcde_campus_outdoor_ff0761abcd",
        "osmNodeIds": [
          10740248758,
          "local-nav/campus_outdoor_ff0761abcd"
        ],
        "localEdgeId": "edge_571_campus_outdoor_ff447cbcde_campus_outdoor_ff0761abcd",
        "localEdgeType": "walk",
        "source": "global-nav-0408-gcj2wgs84",
        "verificationStatus": "from-navigation-graph-unverified"
      },
      "geometry": {
        "type": "LineString",
        "coordinates": [
          [
            113.47829120593863,
            22.889342491967405
          ],
          [
            113.47843467406702,
            22.889549824181483
          ]
        ]
      }
    },
    {
      "type": "Feature",
      "id": "local/global-nav/edge_572_campus_outdoor_ff0761abcd_campus_outdoor_8edce8ad73",
      "properties": {
        "featureClass": "road",
        "highway": "footway",
        "osmId": "local/global-nav/edge_572_campus_outdoor_ff0761abcd_campus_outdoor_8edce8ad73",
        "osmNodeIds": [
          "local-nav/campus_outdoor_ff0761abcd",
          "local-nav/campus_outdoor_8edce8ad73"
        ],
        "localEdgeId": "edge_572_campus_outdoor_ff0761abcd_campus_outdoor_8edce8ad73",
        "localEdgeType": "walk",
        "source": "global-nav-0408-gcj2wgs84",
        "verificationStatus": "from-navigation-graph-unverified"
      },
      "geometry": {
        "type": "LineString",
        "coordinates": [
          [
            113.47843467406702,
            22.889549824181483
          ],
          [
            113.47830293201886,
            22.889688207600052
          ]
        ]
      }
    },
    {
      "type": "Feature",
      "id": "local/global-nav/edge_573_campus_outdoor_ff0761abcd_campus_outdoor_c431f81aec",
      "properties": {
        "featureClass": "road",
        "highway": "footway",
        "osmId": "local/global-nav/edge_573_campus_outdoor_ff0761abcd_campus_outdoor_c431f81aec",
        "osmNodeIds": [
          "local-nav/campus_outdoor_ff0761abcd",
          "local-nav/campus_outdoor_c431f81aec"
        ],
        "localEdgeId": "edge_573_campus_outdoor_ff0761abcd_campus_outdoor_c431f81aec",
        "localEdgeType": "walk",
        "source": "global-nav-0408-gcj2wgs84",
        "verificationStatus": "from-navigation-graph-unverified"
      },
      "geometry": {
        "type": "LineString",
        "coordinates": [
          [
            113.47843467406702,
            22.889549824181483
          ],
          [
            113.47855005127087,
            22.889709094550625
          ]
        ]
      }
    },
    {
      "type": "Feature",
      "id": "local/global-nav/edge_574_campus_outdoor_ff0761abcd_campus_outdoor_ff447cbcde",
      "properties": {
        "featureClass": "road",
        "highway": "footway",
        "osmId": "local/global-nav/edge_574_campus_outdoor_ff0761abcd_campus_outdoor_ff447cbcde",
        "osmNodeIds": [
          "local-nav/campus_outdoor_ff0761abcd",
          10740248758
        ],
        "localEdgeId": "edge_574_campus_outdoor_ff0761abcd_campus_outdoor_ff447cbcde",
        "localEdgeType": "walk",
        "source": "global-nav-0408-gcj2wgs84",
        "verificationStatus": "from-navigation-graph-unverified"
      },
      "geometry": {
        "type": "LineString",
        "coordinates": [
          [
            113.47843467406702,
            22.889549824181483
          ],
          [
            113.47829120593863,
            22.889342491967405
          ]
        ]
      }
    },
    {
      "type": "Feature",
      "id": "local/global-nav/edge_575_campus_outdoor_c614cb75d5_campus_outdoor_3122a806b4",
      "properties": {
        "featureClass": "road",
        "highway": "footway",
        "osmId": "local/global-nav/edge_575_campus_outdoor_c614cb75d5_campus_outdoor_3122a806b4",
        "osmNodeIds": [
          "local-nav/campus_outdoor_c614cb75d5",
          "local-nav/campus_outdoor_3122a806b4"
        ],
        "localEdgeId": "edge_575_campus_outdoor_c614cb75d5_campus_outdoor_3122a806b4",
        "localEdgeType": "walk",
        "source": "global-nav-0408-gcj2wgs84",
        "verificationStatus": "from-navigation-graph-unverified"
      },
      "geometry": {
        "type": "LineString",
        "coordinates": [
          [
            113.47598227505529,
            22.892650496323398
          ],
          [
            113.47574751549455,
            22.892362940585866
          ]
        ]
      }
    },
    {
      "type": "Feature",
      "id": "local/global-nav/edge_576_campus_outdoor_c614cb75d5_campus_outdoor_3c2bbff4d4",
      "properties": {
        "featureClass": "road",
        "highway": "footway",
        "osmId": "local/global-nav/edge_576_campus_outdoor_c614cb75d5_campus_outdoor_3c2bbff4d4",
        "osmNodeIds": [
          "local-nav/campus_outdoor_c614cb75d5",
          "local-nav/campus_outdoor_3c2bbff4d4"
        ],
        "localEdgeId": "edge_576_campus_outdoor_c614cb75d5_campus_outdoor_3c2bbff4d4",
        "localEdgeType": "walk",
        "source": "global-nav-0408-gcj2wgs84",
        "verificationStatus": "from-navigation-graph-unverified"
      },
      "geometry": {
        "type": "LineString",
        "coordinates": [
          [
            113.47598227505529,
            22.892650496323398
          ],
          [
            113.47624713336933,
            22.89297212540353
          ]
        ]
      }
    },
    {
      "type": "Feature",
      "id": "local/global-nav/edge_577_campus_outdoor_c97c9c66e3_campus_outdoor_59ef9f1c6a",
      "properties": {
        "featureClass": "road",
        "highway": "footway",
        "osmId": "local/global-nav/edge_577_campus_outdoor_c97c9c66e3_campus_outdoor_59ef9f1c6a",
        "osmNodeIds": [
          11073095006,
          "local-nav/campus_outdoor_59ef9f1c6a"
        ],
        "localEdgeId": "edge_577_campus_outdoor_c97c9c66e3_campus_outdoor_59ef9f1c6a",
        "localEdgeType": "walk",
        "source": "global-nav-0408-gcj2wgs84",
        "verificationStatus": "from-navigation-graph-unverified"
      },
      "geometry": {
        "type": "LineString",
        "coordinates": [
          [
            113.475049310113,
            22.890793581809756
          ],
          [
            113.47524492677567,
            22.891237959944295
          ]
        ]
      }
    },
    {
      "type": "Feature",
      "id": "local/global-nav/edge_578_campus_outdoor_c97c9c66e3_campus_outdoor_697168a70e",
      "properties": {
        "featureClass": "road",
        "highway": "footway",
        "osmId": "local/global-nav/edge_578_campus_outdoor_c97c9c66e3_campus_outdoor_697168a70e",
        "osmNodeIds": [
          11073095006,
          "local-nav/campus_outdoor_697168a70e"
        ],
        "localEdgeId": "edge_578_campus_outdoor_c97c9c66e3_campus_outdoor_697168a70e",
        "localEdgeType": "walk",
        "source": "global-nav-0408-gcj2wgs84",
        "verificationStatus": "from-navigation-graph-unverified"
      },
      "geometry": {
        "type": "LineString",
        "coordinates": [
          [
            113.475049310113,
            22.890793581809756
          ],
          [
            113.47503125664525,
            22.8907015675856
          ]
        ]
      }
    },
    {
      "type": "Feature",
      "id": "local/global-nav/edge_579_campus_outdoor_697168a70e_campus_outdoor_52d69eec3a",
      "properties": {
        "featureClass": "road",
        "highway": "footway",
        "osmId": "local/global-nav/edge_579_campus_outdoor_697168a70e_campus_outdoor_52d69eec3a",
        "osmNodeIds": [
          "local-nav/campus_outdoor_697168a70e",
          "local-nav/campus_outdoor_52d69eec3a"
        ],
        "localEdgeId": "edge_579_campus_outdoor_697168a70e_campus_outdoor_52d69eec3a",
        "localEdgeType": "walk",
        "source": "global-nav-0408-gcj2wgs84",
        "verificationStatus": "from-navigation-graph-unverified"
      },
      "geometry": {
        "type": "LineString",
        "coordinates": [
          [
            113.47503125664525,
            22.8907015675856
          ],
          [
            113.47503928696807,
            22.89064461353793
          ]
        ]
      }
    },
    {
      "type": "Feature",
      "id": "local/global-nav/edge_580_campus_outdoor_697168a70e_campus_outdoor_c97c9c66e3",
      "properties": {
        "featureClass": "road",
        "highway": "footway",
        "osmId": "local/global-nav/edge_580_campus_outdoor_697168a70e_campus_outdoor_c97c9c66e3",
        "osmNodeIds": [
          "local-nav/campus_outdoor_697168a70e",
          11073095006
        ],
        "localEdgeId": "edge_580_campus_outdoor_697168a70e_campus_outdoor_c97c9c66e3",
        "localEdgeType": "walk",
        "source": "global-nav-0408-gcj2wgs84",
        "verificationStatus": "from-navigation-graph-unverified"
      },
      "geometry": {
        "type": "LineString",
        "coordinates": [
          [
            113.47503125664525,
            22.8907015675856
          ],
          [
            113.475049310113,
            22.890793581809756
          ]
        ]
      }
    },
    {
      "type": "Feature",
      "id": "local/global-nav/edge_581_campus_outdoor_52d69eec3a_campus_outdoor_697168a70e",
      "properties": {
        "featureClass": "road",
        "highway": "footway",
        "osmId": "local/global-nav/edge_581_campus_outdoor_52d69eec3a_campus_outdoor_697168a70e",
        "osmNodeIds": [
          "local-nav/campus_outdoor_52d69eec3a",
          "local-nav/campus_outdoor_697168a70e"
        ],
        "localEdgeId": "edge_581_campus_outdoor_52d69eec3a_campus_outdoor_697168a70e",
        "localEdgeType": "walk",
        "source": "global-nav-0408-gcj2wgs84",
        "verificationStatus": "from-navigation-graph-unverified"
      },
      "geometry": {
        "type": "LineString",
        "coordinates": [
          [
            113.47503928696807,
            22.89064461353793
          ],
          [
            113.47503125664525,
            22.8907015675856
          ]
        ]
      }
    },
    {
      "type": "Feature",
      "id": "local/global-nav/edge_582_campus_outdoor_52d69eec3a_campus_outdoor_8adbf5ef99",
      "properties": {
        "featureClass": "road",
        "highway": "footway",
        "osmId": "local/global-nav/edge_582_campus_outdoor_52d69eec3a_campus_outdoor_8adbf5ef99",
        "osmNodeIds": [
          "local-nav/campus_outdoor_52d69eec3a",
          "local-nav/campus_outdoor_8adbf5ef99"
        ],
        "localEdgeId": "edge_582_campus_outdoor_52d69eec3a_campus_outdoor_8adbf5ef99",
        "localEdgeType": "walk",
        "source": "global-nav-0408-gcj2wgs84",
        "verificationStatus": "from-navigation-graph-unverified"
      },
      "geometry": {
        "type": "LineString",
        "coordinates": [
          [
            113.47503928696807,
            22.89064461353793
          ],
          [
            113.47506838593279,
            22.890601713880155
          ]
        ]
      }
    },
    {
      "type": "Feature",
      "id": "local/global-nav/edge_583_campus_outdoor_8adbf5ef99_campus_outdoor_52d69eec3a",
      "properties": {
        "featureClass": "road",
        "highway": "footway",
        "osmId": "local/global-nav/edge_583_campus_outdoor_8adbf5ef99_campus_outdoor_52d69eec3a",
        "osmNodeIds": [
          "local-nav/campus_outdoor_8adbf5ef99",
          "local-nav/campus_outdoor_52d69eec3a"
        ],
        "localEdgeId": "edge_583_campus_outdoor_8adbf5ef99_campus_outdoor_52d69eec3a",
        "localEdgeType": "walk",
        "source": "global-nav-0408-gcj2wgs84",
        "verificationStatus": "from-navigation-graph-unverified"
      },
      "geometry": {
        "type": "LineString",
        "coordinates": [
          [
            113.47506838593279,
            22.890601713880155
          ],
          [
            113.47503928696807,
            22.89064461353793
          ]
        ]
      }
    },
    {
      "type": "Feature",
      "id": "local/global-nav/edge_584_campus_outdoor_8adbf5ef99_campus_outdoor_c65ab61784",
      "properties": {
        "featureClass": "road",
        "highway": "footway",
        "osmId": "local/global-nav/edge_584_campus_outdoor_8adbf5ef99_campus_outdoor_c65ab61784",
        "osmNodeIds": [
          "local-nav/campus_outdoor_8adbf5ef99",
          "local-nav/campus_outdoor_c65ab61784"
        ],
        "localEdgeId": "edge_584_campus_outdoor_8adbf5ef99_campus_outdoor_c65ab61784",
        "localEdgeType": "walk",
        "source": "global-nav-0408-gcj2wgs84",
        "verificationStatus": "from-navigation-graph-unverified"
      },
      "geometry": {
        "type": "LineString",
        "coordinates": [
          [
            113.47506838593279,
            22.890601713880155
          ],
          [
            113.47513159874005,
            22.89054191838334
          ]
        ]
      }
    },
    {
      "type": "Feature",
      "id": "local/global-nav/edge_585_campus_outdoor_3a078f47f9_campus_outdoor_5e1402593a",
      "properties": {
        "featureClass": "road",
        "highway": "footway",
        "osmId": "local/global-nav/edge_585_campus_outdoor_3a078f47f9_campus_outdoor_5e1402593a",
        "osmNodeIds": [
          "local-nav/campus_outdoor_3a078f47f9",
          "local-nav/campus_outdoor_5e1402593a"
        ],
        "localEdgeId": "edge_585_campus_outdoor_3a078f47f9_campus_outdoor_5e1402593a",
        "localEdgeType": "walk",
        "source": "global-nav-0408-gcj2wgs84",
        "verificationStatus": "from-navigation-graph-unverified"
      },
      "geometry": {
        "type": "LineString",
        "coordinates": [
          [
            113.47631452345684,
            22.890486326339083
          ],
          [
            113.4760717290916,
            22.89029970525832
          ]
        ]
      }
    },
    {
      "type": "Feature",
      "id": "local/global-nav/edge_586_campus_outdoor_3a078f47f9_campus_outdoor_cafc429709",
      "properties": {
        "featureClass": "road",
        "highway": "footway",
        "osmId": "local/global-nav/edge_586_campus_outdoor_3a078f47f9_campus_outdoor_cafc429709",
        "osmNodeIds": [
          "local-nav/campus_outdoor_3a078f47f9",
          "local-nav/campus_outdoor_cafc429709"
        ],
        "localEdgeId": "edge_586_campus_outdoor_3a078f47f9_campus_outdoor_cafc429709",
        "localEdgeType": "walk",
        "source": "global-nav-0408-gcj2wgs84",
        "verificationStatus": "from-navigation-graph-unverified"
      },
      "geometry": {
        "type": "LineString",
        "coordinates": [
          [
            113.47631452345684,
            22.890486326339083
          ],
          [
            113.47661050269328,
            22.890572141988393
          ]
        ]
      }
    },
    {
      "type": "Feature",
      "id": "local/global-nav/edge_587_campus_outdoor_0efdd2effd_campus_outdoor_0aa9b43601",
      "properties": {
        "featureClass": "road",
        "highway": "footway",
        "osmId": "local/global-nav/edge_587_campus_outdoor_0efdd2effd_campus_outdoor_0aa9b43601",
        "osmNodeIds": [
          10057722431,
          "local-nav/campus_outdoor_0aa9b43601"
        ],
        "localEdgeId": "edge_587_campus_outdoor_0efdd2effd_campus_outdoor_0aa9b43601",
        "localEdgeType": "walk",
        "source": "global-nav-0408-gcj2wgs84",
        "verificationStatus": "from-navigation-graph-unverified"
      },
      "geometry": {
        "type": "LineString",
        "coordinates": [
          [
            113.47688446930438,
            22.88977025470066
          ],
          [
            113.4769276060349,
            22.889877335611324
          ]
        ]
      }
    },
    {
      "type": "Feature",
      "id": "local/global-nav/edge_588_campus_outdoor_0efdd2effd_campus_outdoor_71bea36c4c",
      "properties": {
        "featureClass": "road",
        "highway": "footway",
        "osmId": "local/global-nav/edge_588_campus_outdoor_0efdd2effd_campus_outdoor_71bea36c4c",
        "osmNodeIds": [
          10057722431,
          10740248625
        ],
        "localEdgeId": "edge_588_campus_outdoor_0efdd2effd_campus_outdoor_71bea36c4c",
        "localEdgeType": "walk",
        "source": "global-nav-0408-gcj2wgs84",
        "verificationStatus": "from-navigation-graph-unverified"
      },
      "geometry": {
        "type": "LineString",
        "coordinates": [
          [
            113.47688446930438,
            22.88977025470066
          ],
          [
            113.47682427245651,
            22.889712104917727
          ]
        ]
      }
    },
    {
      "type": "Feature",
      "id": "local/global-nav/edge_589_campus_outdoor_ab6523b18e_campus_outdoor_06cedd28c9",
      "properties": {
        "featureClass": "road",
        "highway": "footway",
        "osmId": "local/global-nav/edge_589_campus_outdoor_ab6523b18e_campus_outdoor_06cedd28c9",
        "osmNodeIds": [
          "local-nav/campus_outdoor_ab6523b18e",
          "local-nav/campus_outdoor_06cedd28c9"
        ],
        "localEdgeId": "edge_589_campus_outdoor_ab6523b18e_campus_outdoor_06cedd28c9",
        "localEdgeType": "walk",
        "source": "global-nav-0408-gcj2wgs84",
        "verificationStatus": "from-navigation-graph-unverified"
      },
      "geometry": {
        "type": "LineString",
        "coordinates": [
          [
            113.47681019401679,
            22.890183873575474
          ],
          [
            113.47674196339655,
            22.890231657893747
          ]
        ]
      }
    },
    {
      "type": "Feature",
      "id": "local/global-nav/edge_591_campus_outdoor_ab6523b18e_campus_outdoor_c1f6971220",
      "properties": {
        "featureClass": "road",
        "highway": "footway",
        "osmId": "local/global-nav/edge_591_campus_outdoor_ab6523b18e_campus_outdoor_c1f6971220",
        "osmNodeIds": [
          "local-nav/campus_outdoor_ab6523b18e",
          "local-nav/campus_outdoor_c1f6971220"
        ],
        "localEdgeId": "edge_591_campus_outdoor_ab6523b18e_campus_outdoor_c1f6971220",
        "localEdgeType": "walk",
        "source": "global-nav-0408-gcj2wgs84",
        "verificationStatus": "from-navigation-graph-unverified"
      },
      "geometry": {
        "type": "LineString",
        "coordinates": [
          [
            113.47681019401679,
            22.890183873575474
          ],
          [
            113.47687641869473,
            22.890126087594485
          ]
        ]
      }
    },
    {
      "type": "Feature",
      "id": "local/global-nav/edge_592_campus_outdoor_6164a07538_campus_outdoor_245698ede0",
      "properties": {
        "featureClass": "road",
        "highway": "footway",
        "osmId": "local/global-nav/edge_592_campus_outdoor_6164a07538_campus_outdoor_245698ede0",
        "osmNodeIds": [
          "local-nav/campus_outdoor_6164a07538",
          "local-nav/campus_outdoor_245698ede0"
        ],
        "localEdgeId": "edge_592_campus_outdoor_6164a07538_campus_outdoor_245698ede0",
        "localEdgeType": "walk",
        "source": "global-nav-0408-gcj2wgs84",
        "verificationStatus": "from-navigation-graph-unverified"
      },
      "geometry": {
        "type": "LineString",
        "coordinates": [
          [
            113.4770058262864,
            22.890487314133036
          ],
          [
            113.47722557996322,
            22.890189068283576
          ]
        ]
      }
    },
    {
      "type": "Feature",
      "id": "local/global-nav/edge_593_campus_outdoor_6164a07538_campus_outdoor_6d8aafd416",
      "properties": {
        "featureClass": "road",
        "highway": "footway",
        "osmId": "local/global-nav/edge_593_campus_outdoor_6164a07538_campus_outdoor_6d8aafd416",
        "osmNodeIds": [
          "local-nav/campus_outdoor_6164a07538",
          "local-nav/campus_outdoor_6d8aafd416"
        ],
        "localEdgeId": "edge_593_campus_outdoor_6164a07538_campus_outdoor_6d8aafd416",
        "localEdgeType": "walk",
        "source": "global-nav-0408-gcj2wgs84",
        "verificationStatus": "from-navigation-graph-unverified"
      },
      "geometry": {
        "type": "LineString",
        "coordinates": [
          [
            113.4770058262864,
            22.890487314133036
          ],
          [
            113.47718478826037,
            22.890542853675917
          ]
        ]
      }
    },
    {
      "type": "Feature",
      "id": "local/global-nav/edge_595_campus_outdoor_6164a07538_campus_outdoor_da3ab78dac",
      "properties": {
        "featureClass": "road",
        "highway": "footway",
        "osmId": "local/global-nav/edge_595_campus_outdoor_6164a07538_campus_outdoor_da3ab78dac",
        "osmNodeIds": [
          "local-nav/campus_outdoor_6164a07538",
          "local-nav/campus_outdoor_da3ab78dac"
        ],
        "localEdgeId": "edge_595_campus_outdoor_6164a07538_campus_outdoor_da3ab78dac",
        "localEdgeType": "walk",
        "source": "global-nav-0408-gcj2wgs84",
        "verificationStatus": "from-navigation-graph-unverified"
      },
      "geometry": {
        "type": "LineString",
        "coordinates": [
          [
            113.4770058262864,
            22.890487314133036
          ],
          [
            113.4769014750238,
            22.89053399467848
          ]
        ]
      }
    },
    {
      "type": "Feature",
      "id": "local/global-nav/edge_596_campus_outdoor_245698ede0_campus_outdoor_6164a07538",
      "properties": {
        "featureClass": "road",
        "highway": "footway",
        "osmId": "local/global-nav/edge_596_campus_outdoor_245698ede0_campus_outdoor_6164a07538",
        "osmNodeIds": [
          "local-nav/campus_outdoor_245698ede0",
          "local-nav/campus_outdoor_6164a07538"
        ],
        "localEdgeId": "edge_596_campus_outdoor_245698ede0_campus_outdoor_6164a07538",
        "localEdgeType": "walk",
        "source": "global-nav-0408-gcj2wgs84",
        "verificationStatus": "from-navigation-graph-unverified"
      },
      "geometry": {
        "type": "LineString",
        "coordinates": [
          [
            113.47722557996322,
            22.890189068283576
          ],
          [
            113.4770058262864,
            22.890487314133036
          ]
        ]
      }
    },
    {
      "type": "Feature",
      "id": "local/global-nav/edge_597_campus_outdoor_245698ede0_campus_outdoor_ec9ed65e12",
      "properties": {
        "featureClass": "road",
        "highway": "footway",
        "osmId": "local/global-nav/edge_597_campus_outdoor_245698ede0_campus_outdoor_ec9ed65e12",
        "osmNodeIds": [
          "local-nav/campus_outdoor_245698ede0",
          "local-nav/campus_outdoor_ec9ed65e12"
        ],
        "localEdgeId": "edge_597_campus_outdoor_245698ede0_campus_outdoor_ec9ed65e12",
        "localEdgeType": "walk",
        "source": "global-nav-0408-gcj2wgs84",
        "verificationStatus": "from-navigation-graph-unverified"
      },
      "geometry": {
        "type": "LineString",
        "coordinates": [
          [
            113.47722557996322,
            22.890189068283576
          ],
          [
            113.47725869741454,
            22.89008720501804
          ]
        ]
      }
    },
    {
      "type": "Feature",
      "id": "local/global-nav/edge_598_campus_outdoor_6d8aafd416_campus_outdoor_499b91385a",
      "properties": {
        "featureClass": "road",
        "highway": "footway",
        "osmId": "local/global-nav/edge_598_campus_outdoor_6d8aafd416_campus_outdoor_499b91385a",
        "osmNodeIds": [
          "local-nav/campus_outdoor_6d8aafd416",
          "local-nav/campus_outdoor_499b91385a"
        ],
        "localEdgeId": "edge_598_campus_outdoor_6d8aafd416_campus_outdoor_499b91385a",
        "localEdgeType": "walk",
        "source": "global-nav-0408-gcj2wgs84",
        "verificationStatus": "from-navigation-graph-unverified"
      },
      "geometry": {
        "type": "LineString",
        "coordinates": [
          [
            113.47718478826037,
            22.890542853675917
          ],
          [
            113.47729127629455,
            22.890523621781266
          ]
        ]
      }
    },
    {
      "type": "Feature",
      "id": "local/global-nav/edge_599_campus_outdoor_6d8aafd416_campus_outdoor_539a17557b",
      "properties": {
        "featureClass": "road",
        "highway": "footway",
        "osmId": "local/global-nav/edge_599_campus_outdoor_6d8aafd416_campus_outdoor_539a17557b",
        "osmNodeIds": [
          "local-nav/campus_outdoor_6d8aafd416",
          "local-nav/campus_outdoor_539a17557b"
        ],
        "localEdgeId": "edge_599_campus_outdoor_6d8aafd416_campus_outdoor_539a17557b",
        "localEdgeType": "walk",
        "source": "global-nav-0408-gcj2wgs84",
        "verificationStatus": "from-navigation-graph-unverified"
      },
      "geometry": {
        "type": "LineString",
        "coordinates": [
          [
            113.47718478826037,
            22.890542853675917
          ],
          [
            113.4772084856174,
            22.890746793260597
          ]
        ]
      }
    },
    {
      "type": "Feature",
      "id": "local/global-nav/edge_600_campus_outdoor_6d8aafd416_campus_outdoor_6164a07538",
      "properties": {
        "featureClass": "road",
        "highway": "footway",
        "osmId": "local/global-nav/edge_600_campus_outdoor_6d8aafd416_campus_outdoor_6164a07538",
        "osmNodeIds": [
          "local-nav/campus_outdoor_6d8aafd416",
          "local-nav/campus_outdoor_6164a07538"
        ],
        "localEdgeId": "edge_600_campus_outdoor_6d8aafd416_campus_outdoor_6164a07538",
        "localEdgeType": "walk",
        "source": "global-nav-0408-gcj2wgs84",
        "verificationStatus": "from-navigation-graph-unverified"
      },
      "geometry": {
        "type": "LineString",
        "coordinates": [
          [
            113.47718478826037,
            22.890542853675917
          ],
          [
            113.4770058262864,
            22.890487314133036
          ]
        ]
      }
    },
    {
      "type": "Feature",
      "id": "local/global-nav/edge_601_campus_outdoor_95405c53ed_campus_outdoor_1a76ea3713",
      "properties": {
        "featureClass": "road",
        "highway": "footway",
        "osmId": "local/global-nav/edge_601_campus_outdoor_95405c53ed_campus_outdoor_1a76ea3713",
        "osmNodeIds": [
          "local-nav/campus_outdoor_95405c53ed",
          "local-nav/campus_outdoor_1a76ea3713"
        ],
        "localEdgeId": "edge_601_campus_outdoor_95405c53ed_campus_outdoor_1a76ea3713",
        "localEdgeType": "walk",
        "source": "global-nav-0408-gcj2wgs84",
        "verificationStatus": "from-navigation-graph-unverified"
      },
      "geometry": {
        "type": "LineString",
        "coordinates": [
          [
            113.47967050734681,
            22.89451940401709
          ],
          [
            113.47960430319829,
            22.894226330095048
          ]
        ]
      }
    },
    {
      "type": "Feature",
      "id": "local/global-nav/edge_602_campus_outdoor_95405c53ed_campus_outdoor_493ce82ad9",
      "properties": {
        "featureClass": "road",
        "highway": "footway",
        "osmId": "local/global-nav/edge_602_campus_outdoor_95405c53ed_campus_outdoor_493ce82ad9",
        "osmNodeIds": [
          "local-nav/campus_outdoor_95405c53ed",
          "local-nav/campus_outdoor_493ce82ad9"
        ],
        "localEdgeId": "edge_602_campus_outdoor_95405c53ed_campus_outdoor_493ce82ad9",
        "localEdgeType": "walk",
        "source": "global-nav-0408-gcj2wgs84",
        "verificationStatus": "from-navigation-graph-unverified"
      },
      "geometry": {
        "type": "LineString",
        "coordinates": [
          [
            113.47967050734681,
            22.89451940401709
          ],
          [
            113.47986114114585,
            22.89467989496328
          ]
        ]
      }
    },
    {
      "type": "Feature",
      "id": "local/global-nav/edge_603_campus_outdoor_493ce82ad9_campus_outdoor_8f8b2e2113",
      "properties": {
        "featureClass": "road",
        "highway": "footway",
        "osmId": "local/global-nav/edge_603_campus_outdoor_493ce82ad9_campus_outdoor_8f8b2e2113",
        "osmNodeIds": [
          "local-nav/campus_outdoor_493ce82ad9",
          "local-nav/campus_outdoor_8f8b2e2113"
        ],
        "localEdgeId": "edge_603_campus_outdoor_493ce82ad9_campus_outdoor_8f8b2e2113",
        "localEdgeType": "walk",
        "source": "global-nav-0408-gcj2wgs84",
        "verificationStatus": "from-navigation-graph-unverified"
      },
      "geometry": {
        "type": "LineString",
        "coordinates": [
          [
            113.47986114114585,
            22.89467989496328
          ],
          [
            113.48021835050302,
            22.894675939961463
          ]
        ]
      }
    },
    {
      "type": "Feature",
      "id": "local/global-nav/edge_604_campus_outdoor_493ce82ad9_campus_outdoor_95405c53ed",
      "properties": {
        "featureClass": "road",
        "highway": "footway",
        "osmId": "local/global-nav/edge_604_campus_outdoor_493ce82ad9_campus_outdoor_95405c53ed",
        "osmNodeIds": [
          "local-nav/campus_outdoor_493ce82ad9",
          "local-nav/campus_outdoor_95405c53ed"
        ],
        "localEdgeId": "edge_604_campus_outdoor_493ce82ad9_campus_outdoor_95405c53ed",
        "localEdgeType": "walk",
        "source": "global-nav-0408-gcj2wgs84",
        "verificationStatus": "from-navigation-graph-unverified"
      },
      "geometry": {
        "type": "LineString",
        "coordinates": [
          [
            113.47986114114585,
            22.89467989496328
          ],
          [
            113.47967050734681,
            22.89451940401709
          ]
        ]
      }
    },
    {
      "type": "Feature",
      "id": "local/global-nav/edge_605_campus_outdoor_8f8b2e2113_campus_outdoor_0cc26f8902",
      "properties": {
        "featureClass": "road",
        "highway": "footway",
        "osmId": "local/global-nav/edge_605_campus_outdoor_8f8b2e2113_campus_outdoor_0cc26f8902",
        "osmNodeIds": [
          "local-nav/campus_outdoor_8f8b2e2113",
          "local-nav/campus_outdoor_0cc26f8902"
        ],
        "localEdgeId": "edge_605_campus_outdoor_8f8b2e2113_campus_outdoor_0cc26f8902",
        "localEdgeType": "walk",
        "source": "global-nav-0408-gcj2wgs84",
        "verificationStatus": "from-navigation-graph-unverified"
      },
      "geometry": {
        "type": "LineString",
        "coordinates": [
          [
            113.48021835050302,
            22.894675939961463
          ],
          [
            113.48102108355855,
            22.89453534731302
          ]
        ]
      }
    },
    {
      "type": "Feature",
      "id": "local/global-nav/edge_606_campus_outdoor_8f8b2e2113_campus_outdoor_493ce82ad9",
      "properties": {
        "featureClass": "road",
        "highway": "footway",
        "osmId": "local/global-nav/edge_606_campus_outdoor_8f8b2e2113_campus_outdoor_493ce82ad9",
        "osmNodeIds": [
          "local-nav/campus_outdoor_8f8b2e2113",
          "local-nav/campus_outdoor_493ce82ad9"
        ],
        "localEdgeId": "edge_606_campus_outdoor_8f8b2e2113_campus_outdoor_493ce82ad9",
        "localEdgeType": "walk",
        "source": "global-nav-0408-gcj2wgs84",
        "verificationStatus": "from-navigation-graph-unverified"
      },
      "geometry": {
        "type": "LineString",
        "coordinates": [
          [
            113.48021835050302,
            22.894675939961463
          ],
          [
            113.47986114114585,
            22.89467989496328
          ]
        ]
      }
    },
    {
      "type": "Feature",
      "id": "local/global-nav/edge_607_campus_outdoor_0cc26f8902_campus_outdoor_8d2f2ccc9a",
      "properties": {
        "featureClass": "road",
        "highway": "footway",
        "osmId": "local/global-nav/edge_607_campus_outdoor_0cc26f8902_campus_outdoor_8d2f2ccc9a",
        "osmNodeIds": [
          "local-nav/campus_outdoor_0cc26f8902",
          "local-nav/campus_outdoor_8d2f2ccc9a"
        ],
        "localEdgeId": "edge_607_campus_outdoor_0cc26f8902_campus_outdoor_8d2f2ccc9a",
        "localEdgeType": "walk",
        "source": "global-nav-0408-gcj2wgs84",
        "verificationStatus": "from-navigation-graph-unverified"
      },
      "geometry": {
        "type": "LineString",
        "coordinates": [
          [
            113.48102108355855,
            22.89453534731302
          ],
          [
            113.4812047249908,
            22.894278990205148
          ]
        ]
      }
    },
    {
      "type": "Feature",
      "id": "local/global-nav/edge_608_campus_outdoor_0cc26f8902_campus_outdoor_8f8b2e2113",
      "properties": {
        "featureClass": "road",
        "highway": "footway",
        "osmId": "local/global-nav/edge_608_campus_outdoor_0cc26f8902_campus_outdoor_8f8b2e2113",
        "osmNodeIds": [
          "local-nav/campus_outdoor_0cc26f8902",
          "local-nav/campus_outdoor_8f8b2e2113"
        ],
        "localEdgeId": "edge_608_campus_outdoor_0cc26f8902_campus_outdoor_8f8b2e2113",
        "localEdgeType": "walk",
        "source": "global-nav-0408-gcj2wgs84",
        "verificationStatus": "from-navigation-graph-unverified"
      },
      "geometry": {
        "type": "LineString",
        "coordinates": [
          [
            113.48102108355855,
            22.89453534731302
          ],
          [
            113.48021835050302,
            22.894675939961463
          ]
        ]
      }
    },
    {
      "type": "Feature",
      "id": "local/global-nav/edge_609_campus_outdoor_8d2f2ccc9a_campus_outdoor_0cc26f8902",
      "properties": {
        "featureClass": "road",
        "highway": "footway",
        "osmId": "local/global-nav/edge_609_campus_outdoor_8d2f2ccc9a_campus_outdoor_0cc26f8902",
        "osmNodeIds": [
          "local-nav/campus_outdoor_8d2f2ccc9a",
          "local-nav/campus_outdoor_0cc26f8902"
        ],
        "localEdgeId": "edge_609_campus_outdoor_8d2f2ccc9a_campus_outdoor_0cc26f8902",
        "localEdgeType": "walk",
        "source": "global-nav-0408-gcj2wgs84",
        "verificationStatus": "from-navigation-graph-unverified"
      },
      "geometry": {
        "type": "LineString",
        "coordinates": [
          [
            113.4812047249908,
            22.894278990205148
          ],
          [
            113.48102108355855,
            22.89453534731302
          ]
        ]
      }
    },
    {
      "type": "Feature",
      "id": "local/global-nav/edge_610_campus_outdoor_8d2f2ccc9a_campus_outdoor_b4c90a423b",
      "properties": {
        "featureClass": "road",
        "highway": "footway",
        "osmId": "local/global-nav/edge_610_campus_outdoor_8d2f2ccc9a_campus_outdoor_b4c90a423b",
        "osmNodeIds": [
          "local-nav/campus_outdoor_8d2f2ccc9a",
          "local-nav/campus_outdoor_b4c90a423b"
        ],
        "localEdgeId": "edge_610_campus_outdoor_8d2f2ccc9a_campus_outdoor_b4c90a423b",
        "localEdgeType": "walk",
        "source": "global-nav-0408-gcj2wgs84",
        "verificationStatus": "from-navigation-graph-unverified"
      },
      "geometry": {
        "type": "LineString",
        "coordinates": [
          [
            113.4812047249908,
            22.894278990205148
          ],
          [
            113.4813753281656,
            22.89393762969426
          ]
        ]
      }
    },
    {
      "type": "Feature",
      "id": "local/global-nav/edge_611_campus_outdoor_b4c90a423b_campus_outdoor_8d2f2ccc9a",
      "properties": {
        "featureClass": "road",
        "highway": "footway",
        "osmId": "local/global-nav/edge_611_campus_outdoor_b4c90a423b_campus_outdoor_8d2f2ccc9a",
        "osmNodeIds": [
          "local-nav/campus_outdoor_b4c90a423b",
          "local-nav/campus_outdoor_8d2f2ccc9a"
        ],
        "localEdgeId": "edge_611_campus_outdoor_b4c90a423b_campus_outdoor_8d2f2ccc9a",
        "localEdgeType": "walk",
        "source": "global-nav-0408-gcj2wgs84",
        "verificationStatus": "from-navigation-graph-unverified"
      },
      "geometry": {
        "type": "LineString",
        "coordinates": [
          [
            113.4813753281656,
            22.89393762969426
          ],
          [
            113.4812047249908,
            22.894278990205148
          ]
        ]
      }
    },
    {
      "type": "Feature",
      "id": "local/global-nav/edge_612_campus_outdoor_b4c90a423b_campus_outdoor_f5dc988d2b",
      "properties": {
        "featureClass": "road",
        "highway": "footway",
        "osmId": "local/global-nav/edge_612_campus_outdoor_b4c90a423b_campus_outdoor_f5dc988d2b",
        "osmNodeIds": [
          "local-nav/campus_outdoor_b4c90a423b",
          "local-nav/campus_outdoor_f5dc988d2b"
        ],
        "localEdgeId": "edge_612_campus_outdoor_b4c90a423b_campus_outdoor_f5dc988d2b",
        "localEdgeType": "walk",
        "source": "global-nav-0408-gcj2wgs84",
        "verificationStatus": "from-navigation-graph-unverified"
      },
      "geometry": {
        "type": "LineString",
        "coordinates": [
          [
            113.4813753281656,
            22.89393762969426
          ],
          [
            113.4815314927592,
            22.893535256353427
          ]
        ]
      }
    },
    {
      "type": "Feature",
      "id": "local/global-nav/edge_613_campus_outdoor_208c4cb6f7_campus_outdoor_08d2959e57",
      "properties": {
        "featureClass": "road",
        "highway": "footway",
        "osmId": "local/global-nav/edge_613_campus_outdoor_208c4cb6f7_campus_outdoor_08d2959e57",
        "osmNodeIds": [
          "local-nav/campus_outdoor_208c4cb6f7",
          "local-nav/campus_outdoor_08d2959e57"
        ],
        "localEdgeId": "edge_613_campus_outdoor_208c4cb6f7_campus_outdoor_08d2959e57",
        "localEdgeType": "walk",
        "source": "global-nav-0408-gcj2wgs84",
        "verificationStatus": "from-navigation-graph-unverified"
      },
      "geometry": {
        "type": "LineString",
        "coordinates": [
          [
            113.47661650365248,
            22.89085704390515
          ],
          [
            113.47680239042246,
            22.890777934380612
          ]
        ]
      }
    },
    {
      "type": "Feature",
      "id": "local/global-nav/edge_614_campus_outdoor_208c4cb6f7_campus_outdoor_d4acedd894",
      "properties": {
        "featureClass": "road",
        "highway": "footway",
        "osmId": "local/global-nav/edge_614_campus_outdoor_208c4cb6f7_campus_outdoor_d4acedd894",
        "osmNodeIds": [
          "local-nav/campus_outdoor_208c4cb6f7",
          "local-nav/campus_outdoor_d4acedd894"
        ],
        "localEdgeId": "edge_614_campus_outdoor_208c4cb6f7_campus_outdoor_d4acedd894",
        "localEdgeType": "walk",
        "source": "global-nav-0408-gcj2wgs84",
        "verificationStatus": "from-navigation-graph-unverified"
      },
      "geometry": {
        "type": "LineString",
        "coordinates": [
          [
            113.47661650365248,
            22.89085704390515
          ],
          [
            113.47662151446572,
            22.890945022688946
          ]
        ]
      }
    },
    {
      "type": "Feature",
      "id": "local/global-nav/edge_615_campus_outdoor_d4acedd894_campus_outdoor_208c4cb6f7",
      "properties": {
        "featureClass": "road",
        "highway": "footway",
        "osmId": "local/global-nav/edge_615_campus_outdoor_d4acedd894_campus_outdoor_208c4cb6f7",
        "osmNodeIds": [
          "local-nav/campus_outdoor_d4acedd894",
          "local-nav/campus_outdoor_208c4cb6f7"
        ],
        "localEdgeId": "edge_615_campus_outdoor_d4acedd894_campus_outdoor_208c4cb6f7",
        "localEdgeType": "walk",
        "source": "global-nav-0408-gcj2wgs84",
        "verificationStatus": "from-navigation-graph-unverified"
      },
      "geometry": {
        "type": "LineString",
        "coordinates": [
          [
            113.47662151446572,
            22.890945022688946
          ],
          [
            113.47661650365248,
            22.89085704390515
          ]
        ]
      }
    },
    {
      "type": "Feature",
      "id": "local/global-nav/edge_616_campus_outdoor_d1e2f36faf_campus_outdoor_02a32d57c6",
      "properties": {
        "featureClass": "road",
        "highway": "footway",
        "osmId": "local/global-nav/edge_616_campus_outdoor_d1e2f36faf_campus_outdoor_02a32d57c6",
        "osmNodeIds": [
          "local-nav/campus_outdoor_d1e2f36faf",
          "local-nav/campus_outdoor_02a32d57c6"
        ],
        "localEdgeId": "edge_616_campus_outdoor_d1e2f36faf_campus_outdoor_02a32d57c6",
        "localEdgeType": "walk",
        "source": "global-nav-0408-gcj2wgs84",
        "verificationStatus": "from-navigation-graph-unverified"
      },
      "geometry": {
        "type": "LineString",
        "coordinates": [
          [
            113.47750739789475,
            22.892050127887327
          ],
          [
            113.47738901029734,
            22.891924836861612
          ]
        ]
      }
    },
    {
      "type": "Feature",
      "id": "local/global-nav/edge_617_campus_outdoor_d1e2f36faf_campus_outdoor_222b021cb2",
      "properties": {
        "featureClass": "road",
        "highway": "footway",
        "osmId": "local/global-nav/edge_617_campus_outdoor_d1e2f36faf_campus_outdoor_222b021cb2",
        "osmNodeIds": [
          "local-nav/campus_outdoor_d1e2f36faf",
          "local-nav/campus_outdoor_222b021cb2"
        ],
        "localEdgeId": "edge_617_campus_outdoor_d1e2f36faf_campus_outdoor_222b021cb2",
        "localEdgeType": "walk",
        "source": "global-nav-0408-gcj2wgs84",
        "verificationStatus": "from-navigation-graph-unverified"
      },
      "geometry": {
        "type": "LineString",
        "coordinates": [
          [
            113.47750739789475,
            22.892050127887327
          ],
          [
            113.477619768989,
            22.89212442239415
          ]
        ]
      }
    },
    {
      "type": "Feature",
      "id": "local/global-nav/edge_618_campus_outdoor_222b021cb2_campus_outdoor_d1e2f36faf",
      "properties": {
        "featureClass": "road",
        "highway": "footway",
        "osmId": "local/global-nav/edge_618_campus_outdoor_222b021cb2_campus_outdoor_d1e2f36faf",
        "osmNodeIds": [
          "local-nav/campus_outdoor_222b021cb2",
          "local-nav/campus_outdoor_d1e2f36faf"
        ],
        "localEdgeId": "edge_618_campus_outdoor_222b021cb2_campus_outdoor_d1e2f36faf",
        "localEdgeType": "walk",
        "source": "global-nav-0408-gcj2wgs84",
        "verificationStatus": "from-navigation-graph-unverified"
      },
      "geometry": {
        "type": "LineString",
        "coordinates": [
          [
            113.477619768989,
            22.89212442239415
          ],
          [
            113.47750739789475,
            22.892050127887327
          ]
        ]
      }
    },
    {
      "type": "Feature",
      "id": "local/global-nav/edge_619_campus_outdoor_222b021cb2_campus_outdoor_d57d6c6d82",
      "properties": {
        "featureClass": "road",
        "highway": "footway",
        "osmId": "local/global-nav/edge_619_campus_outdoor_222b021cb2_campus_outdoor_d57d6c6d82",
        "osmNodeIds": [
          "local-nav/campus_outdoor_222b021cb2",
          "local-nav/campus_outdoor_d57d6c6d82"
        ],
        "localEdgeId": "edge_619_campus_outdoor_222b021cb2_campus_outdoor_d57d6c6d82",
        "localEdgeType": "walk",
        "source": "global-nav-0408-gcj2wgs84",
        "verificationStatus": "from-navigation-graph-unverified"
      },
      "geometry": {
        "type": "LineString",
        "coordinates": [
          [
            113.477619768989,
            22.89212442239415
          ],
          [
            113.47780840577124,
            22.892048998324956
          ]
        ]
      }
    },
    {
      "type": "Feature",
      "id": "local/global-nav/edge_620_campus_outdoor_d57d6c6d82_campus_outdoor_222b021cb2",
      "properties": {
        "featureClass": "road",
        "highway": "footway",
        "osmId": "local/global-nav/edge_620_campus_outdoor_d57d6c6d82_campus_outdoor_222b021cb2",
        "osmNodeIds": [
          "local-nav/campus_outdoor_d57d6c6d82",
          "local-nav/campus_outdoor_222b021cb2"
        ],
        "localEdgeId": "edge_620_campus_outdoor_d57d6c6d82_campus_outdoor_222b021cb2",
        "localEdgeType": "walk",
        "source": "global-nav-0408-gcj2wgs84",
        "verificationStatus": "from-navigation-graph-unverified"
      },
      "geometry": {
        "type": "LineString",
        "coordinates": [
          [
            113.47780840577124,
            22.892048998324956
          ],
          [
            113.477619768989,
            22.89212442239415
          ]
        ]
      }
    },
    {
      "type": "Feature",
      "id": "local/global-nav/edge_621_campus_outdoor_d57d6c6d82_campus_outdoor_63d54d7ba4",
      "properties": {
        "featureClass": "road",
        "highway": "footway",
        "osmId": "local/global-nav/edge_621_campus_outdoor_d57d6c6d82_campus_outdoor_63d54d7ba4",
        "osmNodeIds": [
          "local-nav/campus_outdoor_d57d6c6d82",
          "local-nav/campus_outdoor_63d54d7ba4"
        ],
        "localEdgeId": "edge_621_campus_outdoor_d57d6c6d82_campus_outdoor_63d54d7ba4",
        "localEdgeType": "walk",
        "source": "global-nav-0408-gcj2wgs84",
        "verificationStatus": "from-navigation-graph-unverified"
      },
      "geometry": {
        "type": "LineString",
        "coordinates": [
          [
            113.47780840577124,
            22.892048998324956
          ],
          [
            113.47784753949821,
            22.89201012728171
          ]
        ]
      }
    },
    {
      "type": "Feature",
      "id": "local/global-nav/edge_622_campus_outdoor_d57d6c6d82_campus_outdoor_6432da400e",
      "properties": {
        "featureClass": "road",
        "highway": "footway",
        "osmId": "local/global-nav/edge_622_campus_outdoor_d57d6c6d82_campus_outdoor_6432da400e",
        "osmNodeIds": [
          "local-nav/campus_outdoor_d57d6c6d82",
          "local-nav/campus_outdoor_6432da400e"
        ],
        "localEdgeId": "edge_622_campus_outdoor_d57d6c6d82_campus_outdoor_6432da400e",
        "localEdgeType": "walk",
        "source": "global-nav-0408-gcj2wgs84",
        "verificationStatus": "from-navigation-graph-unverified"
      },
      "geometry": {
        "type": "LineString",
        "coordinates": [
          [
            113.47780840577124,
            22.892048998324956
          ],
          [
            113.47793481975788,
            22.89219430514232
          ]
        ]
      }
    },
    {
      "type": "Feature",
      "id": "local/global-nav/edge_623_campus_outdoor_6432da400e_campus_outdoor_d57d6c6d82",
      "properties": {
        "featureClass": "road",
        "highway": "footway",
        "osmId": "local/global-nav/edge_623_campus_outdoor_6432da400e_campus_outdoor_d57d6c6d82",
        "osmNodeIds": [
          "local-nav/campus_outdoor_6432da400e",
          "local-nav/campus_outdoor_d57d6c6d82"
        ],
        "localEdgeId": "edge_623_campus_outdoor_6432da400e_campus_outdoor_d57d6c6d82",
        "localEdgeType": "walk",
        "source": "global-nav-0408-gcj2wgs84",
        "verificationStatus": "from-navigation-graph-unverified"
      },
      "geometry": {
        "type": "LineString",
        "coordinates": [
          [
            113.47793481975788,
            22.89219430514232
          ],
          [
            113.47780840577124,
            22.892048998324956
          ]
        ]
      }
    },
    {
      "type": "Feature",
      "id": "local/global-nav/edge_624_campus_outdoor_63d54d7ba4_campus_outdoor_9f2bfcf58e",
      "properties": {
        "featureClass": "road",
        "highway": "footway",
        "osmId": "local/global-nav/edge_624_campus_outdoor_63d54d7ba4_campus_outdoor_9f2bfcf58e",
        "osmNodeIds": [
          "local-nav/campus_outdoor_63d54d7ba4",
          "local-nav/campus_outdoor_9f2bfcf58e"
        ],
        "localEdgeId": "edge_624_campus_outdoor_63d54d7ba4_campus_outdoor_9f2bfcf58e",
        "localEdgeType": "walk",
        "source": "global-nav-0408-gcj2wgs84",
        "verificationStatus": "from-navigation-graph-unverified"
      },
      "geometry": {
        "type": "LineString",
        "coordinates": [
          [
            113.47784753949821,
            22.89201012728171
          ],
          [
            113.47795691036698,
            22.891946469563138
          ]
        ]
      }
    },
    {
      "type": "Feature",
      "id": "local/global-nav/edge_625_campus_outdoor_63d54d7ba4_campus_outdoor_d57d6c6d82",
      "properties": {
        "featureClass": "road",
        "highway": "footway",
        "osmId": "local/global-nav/edge_625_campus_outdoor_63d54d7ba4_campus_outdoor_d57d6c6d82",
        "osmNodeIds": [
          "local-nav/campus_outdoor_63d54d7ba4",
          "local-nav/campus_outdoor_d57d6c6d82"
        ],
        "localEdgeId": "edge_625_campus_outdoor_63d54d7ba4_campus_outdoor_d57d6c6d82",
        "localEdgeType": "walk",
        "source": "global-nav-0408-gcj2wgs84",
        "verificationStatus": "from-navigation-graph-unverified"
      },
      "geometry": {
        "type": "LineString",
        "coordinates": [
          [
            113.47784753949821,
            22.89201012728171
          ],
          [
            113.47780840577124,
            22.892048998324956
          ]
        ]
      }
    },
    {
      "type": "Feature",
      "id": "local/global-nav/edge_626_campus_outdoor_9f2bfcf58e_campus_outdoor_63d54d7ba4",
      "properties": {
        "featureClass": "road",
        "highway": "footway",
        "osmId": "local/global-nav/edge_626_campus_outdoor_9f2bfcf58e_campus_outdoor_63d54d7ba4",
        "osmNodeIds": [
          "local-nav/campus_outdoor_9f2bfcf58e",
          "local-nav/campus_outdoor_63d54d7ba4"
        ],
        "localEdgeId": "edge_626_campus_outdoor_9f2bfcf58e_campus_outdoor_63d54d7ba4",
        "localEdgeType": "walk",
        "source": "global-nav-0408-gcj2wgs84",
        "verificationStatus": "from-navigation-graph-unverified"
      },
      "geometry": {
        "type": "LineString",
        "coordinates": [
          [
            113.47795691036698,
            22.891946469563138
          ],
          [
            113.47784753949821,
            22.89201012728171
          ]
        ]
      }
    },
    {
      "type": "Feature",
      "id": "local/global-nav/edge_627_campus_outdoor_9f2bfcf58e_campus_outdoor_f7c82344b4",
      "properties": {
        "featureClass": "road",
        "highway": "footway",
        "osmId": "local/global-nav/edge_627_campus_outdoor_9f2bfcf58e_campus_outdoor_f7c82344b4",
        "osmNodeIds": [
          "local-nav/campus_outdoor_9f2bfcf58e",
          "local-nav/campus_outdoor_f7c82344b4"
        ],
        "localEdgeId": "edge_627_campus_outdoor_9f2bfcf58e_campus_outdoor_f7c82344b4",
        "localEdgeType": "walk",
        "source": "global-nav-0408-gcj2wgs84",
        "verificationStatus": "from-navigation-graph-unverified"
      },
      "geometry": {
        "type": "LineString",
        "coordinates": [
          [
            113.47795691036698,
            22.891946469563138
          ],
          [
            113.47808232946002,
            22.89196982320618
          ]
        ]
      }
    },
    {
      "type": "Feature",
      "id": "local/global-nav/edge_628_campus_outdoor_f7c82344b4_campus_outdoor_91b751106b",
      "properties": {
        "featureClass": "road",
        "highway": "footway",
        "osmId": "local/global-nav/edge_628_campus_outdoor_f7c82344b4_campus_outdoor_91b751106b",
        "osmNodeIds": [
          "local-nav/campus_outdoor_f7c82344b4",
          "local-nav/campus_outdoor_91b751106b"
        ],
        "localEdgeId": "edge_628_campus_outdoor_f7c82344b4_campus_outdoor_91b751106b",
        "localEdgeType": "walk",
        "source": "global-nav-0408-gcj2wgs84",
        "verificationStatus": "from-navigation-graph-unverified"
      },
      "geometry": {
        "type": "LineString",
        "coordinates": [
          [
            113.47808232946002,
            22.89196982320618
          ],
          [
            113.47817062560377,
            22.89197207805271
          ]
        ]
      }
    },
    {
      "type": "Feature",
      "id": "local/global-nav/edge_629_campus_outdoor_f7c82344b4_campus_outdoor_9f2bfcf58e",
      "properties": {
        "featureClass": "road",
        "highway": "footway",
        "osmId": "local/global-nav/edge_629_campus_outdoor_f7c82344b4_campus_outdoor_9f2bfcf58e",
        "osmNodeIds": [
          "local-nav/campus_outdoor_f7c82344b4",
          "local-nav/campus_outdoor_9f2bfcf58e"
        ],
        "localEdgeId": "edge_629_campus_outdoor_f7c82344b4_campus_outdoor_9f2bfcf58e",
        "localEdgeType": "walk",
        "source": "global-nav-0408-gcj2wgs84",
        "verificationStatus": "from-navigation-graph-unverified"
      },
      "geometry": {
        "type": "LineString",
        "coordinates": [
          [
            113.47808232946002,
            22.89196982320618
          ],
          [
            113.47795691036698,
            22.891946469563138
          ]
        ]
      }
    },
    {
      "type": "Feature",
      "id": "local/global-nav/edge_630_campus_outdoor_91b751106b_campus_outdoor_9925e39328",
      "properties": {
        "featureClass": "road",
        "highway": "footway",
        "osmId": "local/global-nav/edge_630_campus_outdoor_91b751106b_campus_outdoor_9925e39328",
        "osmNodeIds": [
          "local-nav/campus_outdoor_91b751106b",
          "local-nav/campus_outdoor_9925e39328"
        ],
        "localEdgeId": "edge_630_campus_outdoor_91b751106b_campus_outdoor_9925e39328",
        "localEdgeType": "walk",
        "source": "global-nav-0408-gcj2wgs84",
        "verificationStatus": "from-navigation-graph-unverified"
      },
      "geometry": {
        "type": "LineString",
        "coordinates": [
          [
            113.47817062560377,
            22.89197207805271
          ],
          [
            113.4782529042701,
            22.891935331374537
          ]
        ]
      }
    },
    {
      "type": "Feature",
      "id": "local/global-nav/edge_631_campus_outdoor_91b751106b_campus_outdoor_f7c82344b4",
      "properties": {
        "featureClass": "road",
        "highway": "footway",
        "osmId": "local/global-nav/edge_631_campus_outdoor_91b751106b_campus_outdoor_f7c82344b4",
        "osmNodeIds": [
          "local-nav/campus_outdoor_91b751106b",
          "local-nav/campus_outdoor_f7c82344b4"
        ],
        "localEdgeId": "edge_631_campus_outdoor_91b751106b_campus_outdoor_f7c82344b4",
        "localEdgeType": "walk",
        "source": "global-nav-0408-gcj2wgs84",
        "verificationStatus": "from-navigation-graph-unverified"
      },
      "geometry": {
        "type": "LineString",
        "coordinates": [
          [
            113.47817062560377,
            22.89197207805271
          ],
          [
            113.47808232946002,
            22.89196982320618
          ]
        ]
      }
    },
    {
      "type": "Feature",
      "id": "local/global-nav/edge_632_campus_outdoor_fb2c77b1d8_campus_outdoor_302ddb3844",
      "properties": {
        "featureClass": "road",
        "highway": "footway",
        "osmId": "local/global-nav/edge_632_campus_outdoor_fb2c77b1d8_campus_outdoor_302ddb3844",
        "osmNodeIds": [
          "local-nav/campus_outdoor_fb2c77b1d8",
          "local-nav/campus_outdoor_302ddb3844"
        ],
        "localEdgeId": "edge_632_campus_outdoor_fb2c77b1d8_campus_outdoor_302ddb3844",
        "localEdgeType": "walk",
        "source": "global-nav-0408-gcj2wgs84",
        "verificationStatus": "from-navigation-graph-unverified"
      },
      "geometry": {
        "type": "LineString",
        "coordinates": [
          [
            113.47698171151268,
            22.89100103668245
          ],
          [
            113.47685427352464,
            22.890957117274873
          ]
        ]
      }
    },
    {
      "type": "Feature",
      "id": "local/global-nav/edge_633_campus_outdoor_fb2c77b1d8_campus_outdoor_acbb674f81",
      "properties": {
        "featureClass": "road",
        "highway": "footway",
        "osmId": "local/global-nav/edge_633_campus_outdoor_fb2c77b1d8_campus_outdoor_acbb674f81",
        "osmNodeIds": [
          "local-nav/campus_outdoor_fb2c77b1d8",
          "local-nav/campus_outdoor_acbb674f81"
        ],
        "localEdgeId": "edge_633_campus_outdoor_fb2c77b1d8_campus_outdoor_acbb674f81",
        "localEdgeType": "walk",
        "source": "global-nav-0408-gcj2wgs84",
        "verificationStatus": "from-navigation-graph-unverified"
      },
      "geometry": {
        "type": "LineString",
        "coordinates": [
          [
            113.47698171151268,
            22.89100103668245
          ],
          [
            113.47710512542473,
            22.890971404308356
          ]
        ]
      }
    },
    {
      "type": "Feature",
      "id": "local/global-nav/edge_634_campus_outdoor_acbb674f81_campus_outdoor_af270e992e",
      "properties": {
        "featureClass": "road",
        "highway": "footway",
        "osmId": "local/global-nav/edge_634_campus_outdoor_acbb674f81_campus_outdoor_af270e992e",
        "osmNodeIds": [
          "local-nav/campus_outdoor_acbb674f81",
          "local-nav/campus_outdoor_af270e992e"
        ],
        "localEdgeId": "edge_634_campus_outdoor_acbb674f81_campus_outdoor_af270e992e",
        "localEdgeType": "walk",
        "source": "global-nav-0408-gcj2wgs84",
        "verificationStatus": "from-navigation-graph-unverified"
      },
      "geometry": {
        "type": "LineString",
        "coordinates": [
          [
            113.47710512542473,
            22.890971404308356
          ],
          [
            113.47718840198111,
            22.89099463499118
          ]
        ]
      }
    },
    {
      "type": "Feature",
      "id": "local/global-nav/edge_635_campus_outdoor_acbb674f81_campus_outdoor_fb2c77b1d8",
      "properties": {
        "featureClass": "road",
        "highway": "footway",
        "osmId": "local/global-nav/edge_635_campus_outdoor_acbb674f81_campus_outdoor_fb2c77b1d8",
        "osmNodeIds": [
          "local-nav/campus_outdoor_acbb674f81",
          "local-nav/campus_outdoor_fb2c77b1d8"
        ],
        "localEdgeId": "edge_635_campus_outdoor_acbb674f81_campus_outdoor_fb2c77b1d8",
        "localEdgeType": "walk",
        "source": "global-nav-0408-gcj2wgs84",
        "verificationStatus": "from-navigation-graph-unverified"
      },
      "geometry": {
        "type": "LineString",
        "coordinates": [
          [
            113.47710512542473,
            22.890971404308356
          ],
          [
            113.47698171151268,
            22.89100103668245
          ]
        ]
      }
    },
    {
      "type": "Feature",
      "id": "local/global-nav/edge_636_campus_outdoor_af270e992e_campus_outdoor_acbb674f81",
      "properties": {
        "featureClass": "road",
        "highway": "footway",
        "osmId": "local/global-nav/edge_636_campus_outdoor_af270e992e_campus_outdoor_acbb674f81",
        "osmNodeIds": [
          "local-nav/campus_outdoor_af270e992e",
          "local-nav/campus_outdoor_acbb674f81"
        ],
        "localEdgeId": "edge_636_campus_outdoor_af270e992e_campus_outdoor_acbb674f81",
        "localEdgeType": "walk",
        "source": "global-nav-0408-gcj2wgs84",
        "verificationStatus": "from-navigation-graph-unverified"
      },
      "geometry": {
        "type": "LineString",
        "coordinates": [
          [
            113.47718840198111,
            22.89099463499118
          ],
          [
            113.47710512542473,
            22.890971404308356
          ]
        ]
      }
    },
    {
      "type": "Feature",
      "id": "local/global-nav/edge_637_campus_outdoor_af270e992e_campus_outdoor_ecc7d5e7e9",
      "properties": {
        "featureClass": "road",
        "highway": "footway",
        "osmId": "local/global-nav/edge_637_campus_outdoor_af270e992e_campus_outdoor_ecc7d5e7e9",
        "osmNodeIds": [
          "local-nav/campus_outdoor_af270e992e",
          "local-nav/campus_outdoor_ecc7d5e7e9"
        ],
        "localEdgeId": "edge_637_campus_outdoor_af270e992e_campus_outdoor_ecc7d5e7e9",
        "localEdgeType": "walk",
        "source": "global-nav-0408-gcj2wgs84",
        "verificationStatus": "from-navigation-graph-unverified"
      },
      "geometry": {
        "type": "LineString",
        "coordinates": [
          [
            113.47718840198111,
            22.89099463499118
          ],
          [
            113.47727770540037,
            22.890918923225804
          ]
        ]
      }
    },
    {
      "type": "Feature",
      "id": "local/global-nav/edge_638_campus_outdoor_ecc7d5e7e9_campus_outdoor_539a17557b",
      "properties": {
        "featureClass": "road",
        "highway": "footway",
        "osmId": "local/global-nav/edge_638_campus_outdoor_ecc7d5e7e9_campus_outdoor_539a17557b",
        "osmNodeIds": [
          "local-nav/campus_outdoor_ecc7d5e7e9",
          "local-nav/campus_outdoor_539a17557b"
        ],
        "localEdgeId": "edge_638_campus_outdoor_ecc7d5e7e9_campus_outdoor_539a17557b",
        "localEdgeType": "walk",
        "source": "global-nav-0408-gcj2wgs84",
        "verificationStatus": "from-navigation-graph-unverified"
      },
      "geometry": {
        "type": "LineString",
        "coordinates": [
          [
            113.47727770540037,
            22.890918923225804
          ],
          [
            113.4772084856174,
            22.890746793260597
          ]
        ]
      }
    },
    {
      "type": "Feature",
      "id": "local/global-nav/edge_639_campus_outdoor_ecc7d5e7e9_campus_outdoor_af270e992e",
      "properties": {
        "featureClass": "road",
        "highway": "footway",
        "osmId": "local/global-nav/edge_639_campus_outdoor_ecc7d5e7e9_campus_outdoor_af270e992e",
        "osmNodeIds": [
          "local-nav/campus_outdoor_ecc7d5e7e9",
          "local-nav/campus_outdoor_af270e992e"
        ],
        "localEdgeId": "edge_639_campus_outdoor_ecc7d5e7e9_campus_outdoor_af270e992e",
        "localEdgeType": "walk",
        "source": "global-nav-0408-gcj2wgs84",
        "verificationStatus": "from-navigation-graph-unverified"
      },
      "geometry": {
        "type": "LineString",
        "coordinates": [
          [
            113.47727770540037,
            22.890918923225804
          ],
          [
            113.47718840198111,
            22.89099463499118
          ]
        ]
      }
    },
    {
      "type": "Feature",
      "id": "local/global-nav/edge_640_campus_outdoor_539a17557b_campus_outdoor_6d8aafd416",
      "properties": {
        "featureClass": "road",
        "highway": "footway",
        "osmId": "local/global-nav/edge_640_campus_outdoor_539a17557b_campus_outdoor_6d8aafd416",
        "osmNodeIds": [
          "local-nav/campus_outdoor_539a17557b",
          "local-nav/campus_outdoor_6d8aafd416"
        ],
        "localEdgeId": "edge_640_campus_outdoor_539a17557b_campus_outdoor_6d8aafd416",
        "localEdgeType": "walk",
        "source": "global-nav-0408-gcj2wgs84",
        "verificationStatus": "from-navigation-graph-unverified"
      },
      "geometry": {
        "type": "LineString",
        "coordinates": [
          [
            113.4772084856174,
            22.890746793260597
          ],
          [
            113.47718478826037,
            22.890542853675917
          ]
        ]
      }
    },
    {
      "type": "Feature",
      "id": "local/global-nav/edge_641_campus_outdoor_539a17557b_campus_outdoor_ecc7d5e7e9",
      "properties": {
        "featureClass": "road",
        "highway": "footway",
        "osmId": "local/global-nav/edge_641_campus_outdoor_539a17557b_campus_outdoor_ecc7d5e7e9",
        "osmNodeIds": [
          "local-nav/campus_outdoor_539a17557b",
          "local-nav/campus_outdoor_ecc7d5e7e9"
        ],
        "localEdgeId": "edge_641_campus_outdoor_539a17557b_campus_outdoor_ecc7d5e7e9",
        "localEdgeType": "walk",
        "source": "global-nav-0408-gcj2wgs84",
        "verificationStatus": "from-navigation-graph-unverified"
      },
      "geometry": {
        "type": "LineString",
        "coordinates": [
          [
            113.4772084856174,
            22.890746793260597
          ],
          [
            113.47727770540037,
            22.890918923225804
          ]
        ]
      }
    },
    {
      "type": "Feature",
      "id": "local/global-nav/edge_manual_1774956201933",
      "properties": {
        "featureClass": "road",
        "highway": "footway",
        "osmId": "local/global-nav/edge_manual_1774956201933",
        "osmNodeIds": [
          "local-nav/node_manual_1774956193253",
          "local-nav/campus_outdoor_134ebb99b0"
        ],
        "localEdgeId": "edge_manual_1774956201933",
        "localEdgeType": "walk",
        "source": "global-nav-0408-gcj2wgs84",
        "verificationStatus": "from-navigation-graph-unverified"
      },
      "geometry": {
        "type": "LineString",
        "coordinates": [
          [
            113.47704086405534,
            22.891672934907366
          ],
          [
            113.4771442123516,
            22.891624252514784
          ]
        ]
      }
    },
    {
      "type": "Feature",
      "id": "local/global-nav/edge_manual_1774956259853",
      "properties": {
        "featureClass": "road",
        "highway": "footway",
        "osmId": "local/global-nav/edge_manual_1774956259853",
        "osmNodeIds": [
          "local-nav/node_manual_1774956245414",
          "local-nav/node_manual_1774956256250"
        ],
        "localEdgeId": "edge_manual_1774956259853",
        "localEdgeType": "walk",
        "source": "global-nav-0408-gcj2wgs84",
        "verificationStatus": "from-navigation-graph-unverified"
      },
      "geometry": {
        "type": "LineString",
        "coordinates": [
          [
            113.4768763393314,
            22.891310607830114
          ],
          [
            113.47696062400178,
            22.89125787191429
          ]
        ]
      }
    },
    {
      "type": "Feature",
      "id": "local/global-nav/edge_manual_1774956268946",
      "properties": {
        "featureClass": "road",
        "highway": "footway",
        "osmId": "local/global-nav/edge_manual_1774956268946",
        "osmNodeIds": [
          "local-nav/node_manual_1774956256250",
          "local-nav/campus_outdoor_4602c1ce85"
        ],
        "localEdgeId": "edge_manual_1774956268946",
        "localEdgeType": "walk",
        "source": "global-nav-0408-gcj2wgs84",
        "verificationStatus": "from-navigation-graph-unverified"
      },
      "geometry": {
        "type": "LineString",
        "coordinates": [
          [
            113.47696062400178,
            22.89125787191429
          ],
          [
            113.47700978074494,
            22.891366969325507
          ]
        ]
      }
    },
    {
      "type": "Feature",
      "id": "local/global-nav/edge_manual_1774956326399",
      "properties": {
        "featureClass": "road",
        "highway": "footway",
        "osmId": "local/global-nav/edge_manual_1774956326399",
        "osmNodeIds": [
          "local-nav/node_manual_1774956323461",
          "local-nav/campus_outdoor_2b0d939809"
        ],
        "localEdgeId": "edge_manual_1774956326399",
        "localEdgeType": "walk",
        "source": "global-nav-0408-gcj2wgs84",
        "verificationStatus": "from-navigation-graph-unverified"
      },
      "geometry": {
        "type": "LineString",
        "coordinates": [
          [
            113.47715623581689,
            22.891874185878986
          ],
          [
            113.47728968550007,
            22.891816594110416
          ]
        ]
      }
    },
    {
      "type": "Feature",
      "id": "local/global-nav/edge_manual_1774956327971",
      "properties": {
        "featureClass": "road",
        "highway": "footway",
        "osmId": "local/global-nav/edge_manual_1774956327971",
        "osmNodeIds": [
          "local-nav/node_manual_1774956320100",
          "local-nav/campus_outdoor_d1e2f36faf"
        ],
        "localEdgeId": "edge_manual_1774956327971",
        "localEdgeType": "walk",
        "source": "global-nav-0408-gcj2wgs84",
        "verificationStatus": "from-navigation-graph-unverified"
      },
      "geometry": {
        "type": "LineString",
        "coordinates": [
          [
            113.4774030421304,
            22.892150785756236
          ],
          [
            113.47750739789475,
            22.892050127887327
          ]
        ]
      }
    },
    {
      "type": "Feature",
      "id": "local/global-nav/edge_manual_1775579067659",
      "properties": {
        "featureClass": "road",
        "highway": "footway",
        "osmId": "local/global-nav/edge_manual_1775579067659",
        "osmNodeIds": [
          "local-nav/node_campus_outdoor_1775579040058",
          "local-nav/node_campus_outdoor_1775579043887"
        ],
        "localEdgeId": "edge_manual_1775579067659",
        "localEdgeType": "walk",
        "source": "global-nav-0408-gcj2wgs84",
        "verificationStatus": "from-navigation-graph-unverified"
      },
      "geometry": {
        "type": "LineString",
        "coordinates": [
          [
            113.47717441078065,
            22.890162931296295
          ],
          [
            113.47732491034176,
            22.89021234542097
          ]
        ]
      }
    },
    {
      "type": "Feature",
      "id": "local/global-nav/edge_1775579293946_1",
      "properties": {
        "featureClass": "road",
        "highway": "footway",
        "osmId": "local/global-nav/edge_1775579293946_1",
        "osmNodeIds": [
          "local-nav/campus_outdoor_1c335c610b",
          "local-nav/node_refine_1775579293945"
        ],
        "localEdgeId": "edge_1775579293946_1",
        "localEdgeType": "walk",
        "source": "global-nav-0408-gcj2wgs84",
        "verificationStatus": "from-navigation-graph-unverified"
      },
      "geometry": {
        "type": "LineString",
        "coordinates": [
          [
            113.47683826216078,
            22.890564800215195
          ],
          [
            113.47677004108441,
            22.890469642381028
          ]
        ]
      }
    },
    {
      "type": "Feature",
      "id": "local/global-nav/edge_1775579322026_2",
      "properties": {
        "featureClass": "road",
        "highway": "footway",
        "osmId": "local/global-nav/edge_1775579322026_2",
        "osmNodeIds": [
          "local-nav/node_refine_1775579322025",
          "local-nav/campus_outdoor_6164a07538"
        ],
        "localEdgeId": "edge_1775579322026_2",
        "localEdgeType": "walk",
        "source": "global-nav-0408-gcj2wgs84",
        "verificationStatus": "from-navigation-graph-unverified"
      },
      "geometry": {
        "type": "LineString",
        "coordinates": [
          [
            113.47695566492763,
            22.890397206102023
          ],
          [
            113.4770058262864,
            22.890487314133036
          ]
        ]
      }
    },
    {
      "type": "Feature",
      "id": "local/global-nav/edge_manual_1775579374016",
      "properties": {
        "featureClass": "road",
        "highway": "footway",
        "osmId": "local/global-nav/edge_manual_1775579374016",
        "osmNodeIds": [
          "local-nav/node_campus_outdoor_1775579348966",
          "local-nav/node_campus_outdoor_1775579355992"
        ],
        "localEdgeId": "edge_manual_1775579374016",
        "localEdgeType": "walk",
        "source": "global-nav-0408-gcj2wgs84",
        "verificationStatus": "from-navigation-graph-unverified"
      },
      "geometry": {
        "type": "LineString",
        "coordinates": [
          [
            113.47656335049236,
            22.890500035613236
          ],
          [
            113.47654126434595,
            22.89068889568132
          ]
        ]
      }
    },
    {
      "type": "Feature",
      "id": "local/global-nav/edge_manual_1775579375536",
      "properties": {
        "featureClass": "road",
        "highway": "footway",
        "osmId": "local/global-nav/edge_manual_1775579375536",
        "osmNodeIds": [
          "local-nav/node_campus_outdoor_1775579355992",
          "local-nav/node_campus_outdoor_1775579358743"
        ],
        "localEdgeId": "edge_manual_1775579375536",
        "localEdgeType": "walk",
        "source": "global-nav-0408-gcj2wgs84",
        "verificationStatus": "from-navigation-graph-unverified"
      },
      "geometry": {
        "type": "LineString",
        "coordinates": [
          [
            113.47654126434595,
            22.89068889568132
          ],
          [
            113.47655931335234,
            22.89085488036094
          ]
        ]
      }
    },
    {
      "type": "Feature",
      "id": "local/global-nav/edge_manual_1775648917489",
      "properties": {
        "featureClass": "road",
        "highway": "footway",
        "osmId": "local/global-nav/edge_manual_1775648917489",
        "osmNodeIds": [
          "local-nav/node_manual_1774956245414",
          "local-nav/node_campus_outdoor_1775648881774"
        ],
        "localEdgeId": "edge_manual_1775648917489",
        "localEdgeType": "walk",
        "source": "global-nav-0408-gcj2wgs84",
        "verificationStatus": "from-navigation-graph-unverified"
      },
      "geometry": {
        "type": "LineString",
        "coordinates": [
          [
            113.4768763393314,
            22.891310607830114
          ],
          [
            113.47666663772593,
            22.891349988429017
          ]
        ]
      }
    },
    {
      "type": "Feature",
      "id": "local/global-nav/edge_manual_1775649003068",
      "properties": {
        "featureClass": "road",
        "highway": "footway",
        "osmId": "local/global-nav/edge_manual_1775649003068",
        "osmNodeIds": [
          "local-nav/campus_outdoor_10cd1d939c",
          "local-nav/node_campus_outdoor_1775648999603"
        ],
        "localEdgeId": "edge_manual_1775649003068",
        "localEdgeType": "walk",
        "source": "global-nav-0408-gcj2wgs84",
        "verificationStatus": "from-navigation-graph-unverified"
      },
      "geometry": {
        "type": "LineString",
        "coordinates": [
          [
            113.47815861277658,
            22.8915602101871
          ],
          [
            113.47835026097707,
            22.89148979418163
          ]
        ]
      }
    },
    {
      "type": "Feature",
      "id": "local/global-nav/edge_manual_1775649006139",
      "properties": {
        "featureClass": "road",
        "highway": "footway",
        "osmId": "local/global-nav/edge_manual_1775649006139",
        "osmNodeIds": [
          "local-nav/campus_outdoor_9883eebac8",
          "local-nav/node_campus_outdoor_1775648857372"
        ],
        "localEdgeId": "edge_manual_1775649006139",
        "localEdgeType": "walk",
        "source": "global-nav-0408-gcj2wgs84",
        "verificationStatus": "from-navigation-graph-unverified"
      },
      "geometry": {
        "type": "LineString",
        "coordinates": [
          [
            113.47775229782476,
            22.890850321735943
          ],
          [
            113.47786769244485,
            22.890730703923495
          ]
        ]
      }
    },
    {
      "type": "Feature",
      "id": "local/global-nav/edge_manual_1775649288338",
      "properties": {
        "featureClass": "road",
        "highway": "footway",
        "osmId": "local/global-nav/edge_manual_1775649288338",
        "osmNodeIds": [
          "local-nav/campus_outdoor_79239da13a",
          "local-nav/node_campus_outdoor_1775649280790"
        ],
        "localEdgeId": "edge_manual_1775649288338",
        "localEdgeType": "walk",
        "source": "global-nav-0408-gcj2wgs84",
        "verificationStatus": "from-navigation-graph-unverified"
      },
      "geometry": {
        "type": "LineString",
        "coordinates": [
          [
            113.4776018028823,
            22.890715941138097
          ],
          [
            113.4777252263752,
            22.890562360038516
          ]
        ]
      }
    },
    {
      "type": "Feature",
      "id": "local/global-nav/edge_manual_1775649290828",
      "properties": {
        "featureClass": "road",
        "highway": "footway",
        "osmId": "local/global-nav/edge_manual_1775649290828",
        "osmNodeIds": [
          "local-nav/campus_outdoor_3c03c5159b",
          "local-nav/node_campus_outdoor_1775649275483"
        ],
        "localEdgeId": "edge_manual_1775649290828",
        "localEdgeType": "walk",
        "source": "global-nav-0408-gcj2wgs84",
        "verificationStatus": "from-navigation-graph-unverified"
      },
      "geometry": {
        "type": "LineString",
        "coordinates": [
          [
            113.47805427839761,
            22.89132500329642
          ],
          [
            113.47822284786422,
            22.891268514489596
          ]
        ]
      }
    },
    {
      "type": "Feature",
      "id": "local/global-nav/edge_manual_1775649292614",
      "properties": {
        "featureClass": "road",
        "highway": "footway",
        "osmId": "local/global-nav/edge_manual_1775649292614",
        "osmNodeIds": [
          "local-nav/campus_outdoor_674be0442f",
          "local-nav/node_campus_outdoor_1775649272858"
        ],
        "localEdgeId": "edge_manual_1775649292614",
        "localEdgeType": "walk",
        "source": "global-nav-0408-gcj2wgs84",
        "verificationStatus": "from-navigation-graph-unverified"
      },
      "geometry": {
        "type": "LineString",
        "coordinates": [
          [
            113.47824588832034,
            22.891821357241948
          ],
          [
            113.47839840275805,
            22.891788812609914
          ]
        ]
      }
    },
    {
      "type": "Feature",
      "id": "local/global-nav/edge_manual_1775651026647",
      "properties": {
        "featureClass": "road",
        "highway": "footway",
        "osmId": "local/global-nav/edge_manual_1775651026647",
        "osmNodeIds": [
          "local-nav/node_manual_1774956256250",
          "local-nav/node_campus_outdoor_1775650971185"
        ],
        "localEdgeId": "edge_manual_1775651026647",
        "localEdgeType": "walk",
        "source": "global-nav-0408-gcj2wgs84",
        "verificationStatus": "from-navigation-graph-unverified"
      },
      "geometry": {
        "type": "LineString",
        "coordinates": [
          [
            113.47696062400178,
            22.89125787191429
          ],
          [
            113.47700176286682,
            22.891234000092155
          ]
        ]
      }
    },
    {
      "type": "Feature",
      "id": "local/global-nav/edge_manual_1775651080511",
      "properties": {
        "featureClass": "road",
        "highway": "footway",
        "osmId": "local/global-nav/edge_manual_1775651080511",
        "osmNodeIds": [
          "local-nav/node_campus_outdoor_1775650961417",
          "local-nav/node_campus_outdoor_1775650960830"
        ],
        "localEdgeId": "edge_manual_1775651080511",
        "localEdgeType": "walk",
        "source": "global-nav-0408-gcj2wgs84",
        "verificationStatus": "from-navigation-graph-unverified"
      },
      "geometry": {
        "type": "LineString",
        "coordinates": [
          [
            113.47773420787559,
            22.891290091325033
          ],
          [
            113.47782451285421,
            22.89125336735447
          ]
        ]
      }
    },
    {
      "type": "Feature",
      "id": "local/global-nav/edge_manual_1775651082107",
      "properties": {
        "featureClass": "road",
        "highway": "footway",
        "osmId": "local/global-nav/edge_manual_1775651082107",
        "osmNodeIds": [
          "local-nav/node_campus_outdoor_1775650960830",
          "local-nav/node_campus_outdoor_1775650959156"
        ],
        "localEdgeId": "edge_manual_1775651082107",
        "localEdgeType": "walk",
        "source": "global-nav-0408-gcj2wgs84",
        "verificationStatus": "from-navigation-graph-unverified"
      },
      "geometry": {
        "type": "LineString",
        "coordinates": [
          [
            113.47782451285421,
            22.89125336735447
          ],
          [
            113.47795194516553,
            22.891175767498833
          ]
        ]
      }
    },
    {
      "type": "Feature",
      "id": "local/global-nav/edge_manual_1775651120699",
      "properties": {
        "featureClass": "road",
        "highway": "footway",
        "osmId": "local/global-nav/edge_manual_1775651120699",
        "osmNodeIds": [
          "local-nav/node_campus_outdoor_1775651111964",
          "local-nav/campus_outdoor_9883eebac8"
        ],
        "localEdgeId": "edge_manual_1775651120699",
        "localEdgeType": "walk",
        "source": "global-nav-0408-gcj2wgs84",
        "verificationStatus": "from-navigation-graph-unverified"
      },
      "geometry": {
        "type": "LineString",
        "coordinates": [
          [
            113.47761683417441,
            22.891000869204454
          ],
          [
            113.47775229782476,
            22.890850321735943
          ]
        ]
      }
    },
    {
      "type": "Feature",
      "id": "local/global-nav/edge_manual_1775651144184",
      "properties": {
        "featureClass": "road",
        "highway": "footway",
        "osmId": "local/global-nav/edge_manual_1775651144184",
        "osmNodeIds": [
          "local-nav/campus_outdoor_10cd1d939c",
          "local-nav/node_campus_outdoor_1775651135779"
        ],
        "localEdgeId": "edge_manual_1775651144184",
        "localEdgeType": "walk",
        "source": "global-nav-0408-gcj2wgs84",
        "verificationStatus": "from-navigation-graph-unverified"
      },
      "geometry": {
        "type": "LineString",
        "coordinates": [
          [
            113.47815861277658,
            22.8915602101871
          ],
          [
            113.47806329215278,
            22.891571929350235
          ]
        ]
      }
    }
  ]
}
