{
  "type": "FeatureCollection",
  "schemaVersion": "1.0",
  "name": "HKUST(GZ) registered render-derived concrete surface candidates",
  "coordinateSpace": "WGS84",
  "bbox": [
    113.4734228,
    22.8866729,
    113.482434,
    22.8948131
  ],
  "registration": {
    "model": "projective-homography",
    "status": "accepted-review-pending",
    "fitRmseMeters": 6.265,
    "leaveOneOutRmseMeters": 13.609,
    "controlBuildings": [
      "W4",
      "W3",
      "W2",
      "W1",
      "E4",
      "E3",
      "E2",
      "E1"
    ]
  },
  "reviewRequired": [
    "separate-ground-roof-and-facade",
    "register-image-coordinates-to-WGS84",
    "add-verified-vertical-connectors",
    "field-or-source-model-verification"
  ],
  "disclaimer": "Color and visible planarity identify candidates only. Access, load capacity, edge protection, elevation and vertical connections require field or model verification before routing.",
  "features": [
    {
      "type": "Feature",
      "id": "registered-render/ground-or-roof-unclassified/1",
      "properties": {
        "featureClass": "walkableSurfaceCandidate",
        "surfaceClass": "ground-or-roof-unclassified",
        "surface": "concrete",
        "level": "unknown",
        "coordinateSpace": "WGS84",
        "origin": "top-left",
        "evidence": "cement-color-and-visible-planarity",
        "verificationStatus": "image-derived-unverified",
        "routingEnabled": false,
        "pixelAreaApprox": 450256,
        "registrationModel": "projective-homography",
        "registrationStatus": "control-fit-accepted-review-pending"
      },
      "geometry": {
        "type": "Polygon",
        "coordinates": [
          [
            [
              113.4745983,
              22.8948131
            ],
            [
              113.4748518,
              22.8947219
            ],
            [
              113.4748732,
              22.8947635
            ],
            [
              113.4809068,
              22.8926222
            ],
            [
              113.4812298,
              22.892305
            ],
            [
              113.4812298,
              22.8922236
            ],
            [
              113.4816386,
              22.8918197
            ],
            [
              113.4816392,
              22.8917351
            ],
            [
              113.481733,
              22.8916983
            ],
            [
              113.4817337,
              22.891613
            ],
            [
              113.4818287,
              22.8915752
            ],
            [
              113.4818295,
              22.8914891
            ],
            [
              113.482124,
              22.8911954
            ],
            [
              113.4821508,
              22.8910521
            ],
            [
              113.4822512,
              22.8910099
            ],
            [
              113.4822787,
              22.8908646
            ],
            [
              113.4823808,
              22.8908209
            ],
            [
              113.482434,
              22.8907079
            ],
            [
              113.4823328,
              22.8906618
            ],
            [
              113.4822601,
              22.8904687
            ],
            [
              113.4821562,
              22.8906947
            ],
            [
              113.4820564,
              22.8907387
            ],
            [
              113.4820299,
              22.8908831
            ],
            [
              113.4818593,
              22.8909132
            ],
            [
              113.4819069,
              22.8909801
            ],
            [
              113.4818102,
              22.8910218
            ],
            [
              113.4818086,
              22.8911961
            ],
            [
              113.481666,
              22.891256
            ],
            [
              113.4817359,
              22.8913556
            ],
            [
              113.4815713,
              22.8914661
            ],
            [
              113.4816173,
              22.8915322
            ],
            [
              113.4815246,
              22.8915698
            ],
            [
              113.4815241,
              22.8916542
            ],
            [
              113.4812968,
              22.8918281
            ],
            [
              113.4813415,
              22.8918934
            ],
            [
              113.48112,
              22.8920614
            ],
            [
              113.4811201,
              22.8921427
            ],
            [
              113.4809902,
              22.8921921
            ],
            [
              113.4808426,
              22.8924472
            ],
            [
              113.4806353,
              22.8925233
            ],
            [
              113.4806562,
              22.8925549
            ],
            [
              113.4805945,
              22.8925383
            ],
            [
              113.4796753,
              22.892876
            ],
            [
              113.4796564,
              22.8928462
            ],
            [
              113.4793762,
              22.8930219
            ],
            [
              113.4793051,
              22.8929761
            ],
            [
              113.4790869,
              22.8930921
            ],
            [
              113.4790667,
              22.8929936
            ],
            [
              113.4790006,
              22.8930184
            ],
            [
              113.4790031,
              22.8930878
            ],
            [
              113.4788555,
              22.8931076
            ],
            [
              113.4789227,
              22.8931525
            ],
            [
              113.4786055,
              22.893269
            ],
            [
              113.4784463,
              22.8931924
            ],
            [
              113.4784129,
              22.8931373
            ],
            [
              113.4785211,
              22.89313
            ],
            [
              113.4784099,
              22.8930706
            ],
            [
              113.47836,
              22.8929883
            ],
            [
              113.4784007,
              22.8928698
            ],
            [
              113.4786652,
              22.8927981
            ],
            [
              113.478648,
              22.8927702
            ],
            [
              113.4793242,
              22.8924613
            ],
            [
              113.4793612,
              22.8925197
            ],
            [
              113.4794312,
              22.8924917
            ],
            [
              113.4794644,
              22.8924046
            ],
            [
              113.4798075,
              22.8922276
            ],
            [
              113.4796724,
              22.8920187
            ],
            [
              113.4797266,
              22.8919576
            ],
            [
              113.4796532,
              22.8919891
            ],
            [
              113.4795595,
              22.891916
            ],
            [
              113.4795938,
              22.8918252
            ],
            [
              113.4794922,
              22.8914519
            ],
            [
              113.4795648,
              22.8914178
            ],
            [
              113.4796226,
              22.8915063
            ],
            [
              113.479586,
              22.8915232
            ],
            [
              113.4797266,
              22.8919576
            ],
            [
              113.4798007,
              22.8919259
            ],
            [
              113.4797618,
              22.8918661
            ],
            [
              113.4798543,
              22.8917875
            ],
            [
              113.4798134,
              22.891651
            ],
            [
              113.4809656,
              22.8913443
            ],
            [
              113.481053,
              22.8913896
            ],
            [
              113.481141,
              22.8912683
            ],
            [
              113.4811408,
              22.8910164
            ],
            [
              113.4809424,
              22.8909802
            ],
            [
              113.4808558,
              22.8910198
            ],
            [
              113.4807264,
              22.8909134
            ],
            [
              113.4807271,
              22.890996
            ],
            [
              113.4806427,
              22.891035
            ],
            [
              113.4805584,
              22.8909919
            ],
            [
              113.4806419,
              22.8909529
            ],
            [
              113.4806412,
              22.8908706
            ],
            [
              113.4805567,
              22.8908281
            ],
            [
              113.4806827,
              22.8907679
            ],
            [
              113.4807258,
              22.8908306
            ],
            [
              113.4807252,
              22.8907476
            ],
            [
              113.4811404,
              22.890592
            ],
            [
              113.4810951,
              22.8902707
            ],
            [
              113.480722,
              22.8903294
            ],
            [
              113.480636,
              22.8902886
            ],
            [
              113.4800432,
              22.8905503
            ],
            [
              113.4799603,
              22.8903495
            ],
            [
              113.4811169,
              22.8897817
            ],
            [
              113.4811164,
              22.8894297
            ],
            [
              113.480936,
              22.8894408
            ],
            [
              113.4807597,
              22.8895384
            ],
            [
              113.4806936,
              22.889445
            ],
            [
              113.4806723,
              22.8895003
            ],
            [
              113.48048,
              22.889565
            ],
            [
              113.4805231,
              22.8896265
            ],
            [
              113.4798742,
              22.8899874
            ],
            [
              113.4798337,
              22.8899279
            ],
            [
              113.4799116,
              22.8898842
            ],
            [
              113.4799083,
              22.8897206
            ],
            [
              113.4801069,
              22.8896068
            ],
            [
              113.4801097,
              22.8897729
            ],
            [
              113.4802908,
              22.889544
            ],
            [
              113.4803344,
              22.8896891
            ],
            [
              113.4804175,
              22.8896427
            ],
            [
              113.4803748,
              22.8895815
            ],
            [
              113.48048,
              22.889565
            ],
            [
              113.480394,
              22.8894424
            ],
            [
              113.4803109,
              22.88949
            ],
            [
              113.4802274,
              22.889453
            ],
            [
              113.4803512,
              22.8893814
            ],
            [
              113.4804359,
              22.8894184
            ],
            [
              113.4804349,
              22.889333
            ],
            [
              113.4806262,
              22.8891788
            ],
            [
              113.4806922,
              22.8892716
            ],
            [
              113.4807358,
              22.8892467
            ],
            [
              113.480713,
              22.8891283
            ],
            [
              113.4811157,
              22.8888944
            ],
            [
              113.4808647,
              22.888549
            ],
            [
              113.4794939,
              22.8894289
            ],
            [
              113.4795137,
              22.889458
            ],
            [
              113.4790939,
              22.8896726
            ],
            [
              113.4790423,
              22.8897437
            ],
            [
              113.4791369,
              22.8898857
            ],
            [
              113.4792105,
              22.8899218
            ],
            [
              113.4792824,
              22.8898797
            ],
            [
              113.4793209,
              22.8899372
            ],
            [
              113.4791608,
              22.8900698
            ],
            [
              113.4787158,
              22.889472
            ],
            [
              113.4788336,
              22.8893568
            ],
            [
              113.4789617,
              22.8894748
            ],
            [
              113.4790508,
              22.889459
            ],
            [
              113.4805757,
              22.8884151
            ],
            [
              113.4804874,
              22.8882929
            ],
            [
              113.4806176,
              22.8882092
            ],
            [
              113.4801783,
              22.8876049
            ],
            [
              113.4785875,
              22.8888415
            ],
            [
              113.4788121,
              22.8892509
            ],
            [
              113.4786274,
              22.8894108
            ],
            [
              113.4782354,
              22.8888893
            ],
            [
              113.4782497,
              22.8888398
            ],
            [
              113.4799682,
              22.8875743
            ],
            [
              113.4800489,
              22.8874269
            ],
            [
              113.4793211,
              22.8879932
            ],
            [
              113.4793411,
              22.8880217
            ],
            [
              113.4791192,
              22.88818
            ],
            [
              113.4790997,
              22.8881518
            ],
            [
              113.4789395,
              22.8883082
            ],
            [
              113.4789013,
              22.8882525
            ],
            [
              113.4800061,
              22.8873679
            ],
            [
              113.4799633,
              22.8873091
            ],
            [
              113.479354,
              22.8877978
            ],
            [
              113.4793741,
              22.8878263
            ],
            [
              113.4781612,
              22.888706
            ],
            [
              113.4779996,
              22.8883911
            ],
            [
              113.4781682,
              22.8881426
            ],
            [
              113.4782722,
              22.8882247
            ],
            [
              113.4782253,
              22.8883003
            ],
            [
              113.4782936,
              22.8883296
            ],
            [
              113.4781824,
              22.8884525
            ],
            [
              113.4782502,
              22.8884821
            ],
            [
              113.4782467,
              22.8884047
            ],
            [
              113.4783443,
              22.8883321
            ],
            [
              113.4782902,
              22.8882515
            ],
            [
              113.4783968,
              22.8879671
            ],
            [
              113.4783785,
              22.8879402
            ],
            [
              113.4782798,
              22.8880163
            ],
            [
              113.4782763,
              22.8879375
            ],
            [
              113.478342,
              22.8878864
            ],
            [
              113.4784117,
              22.8879146
            ],
            [
              113.47839,
              22.887808
            ],
            [
              113.4784754,
              22.8877828
            ],
            [
              113.4785895,
              22.8875686
            ],
            [
              113.4786271,
              22.8876231
            ],
            [
              113.4786774,
              22.8875417
            ],
            [
              113.4788399,
              22.8875421
            ],
            [
              113.4788237,
              22.8875971
            ],
            [
              113.478917,
              22.8876528
            ],
            [
              113.4788621,
              22.8876523
            ],
            [
              113.4787753,
              22.8877607
            ],
            [
              113.4788325,
              22.8878435
            ],
            [
              113.4788679,
              22.8878169
            ],
            [
              113.4788296,
              22.8877615
            ],
            [
              113.4789723,
              22.8876533
            ],
            [
              113.4789834,
              22.8874311
            ],
            [
              113.4788016,
              22.887487
            ],
            [
              113.4787092,
              22.8874322
            ],
            [
              113.4789416,
              22.8872919
            ],
            [
              113.4789639,
              22.8874034
            ],
            [
              113.4790705,
              22.8872339
            ],
            [
              113.4791842,
              22.8872322
            ],
            [
              113.4791894,
              22.8874021
            ],
            [
              113.4793019,
              22.887316
            ],
            [
              113.479297,
              22.8871446
            ],
            [
              113.4790142,
              22.8872348
            ],
            [
              113.478975,
              22.8871792
            ],
            [
              113.4793099,
              22.8869139
            ],
            [
              113.4793326,
              22.8870287
            ],
            [
              113.4796464,
              22.8868732
            ],
            [
              113.4795259,
              22.8868774
            ],
            [
              113.479563,
              22.8867585
            ],
            [
              113.4795008,
              22.8866729
            ],
            [
              113.4786871,
              22.8873225
            ],
            [
              113.4786208,
              22.8874599
            ],
            [
              113.4782874,
              22.8878061
            ],
            [
              113.4780411,
              22.8882402
            ],
            [
              113.4779784,
              22.8882883
            ],
            [
              113.4778355,
              22.8880023
            ],
            [
              113.4775355,
              22.8882419
            ],
            [
              113.4777964,
              22.8887781
            ],
            [
              113.4776938,
              22.8888924
            ],
            [
              113.4774939,
              22.8888507
            ],
            [
              113.4774365,
              22.8888938
            ],
            [
              113.4779465,
              22.8889394
            ],
            [
              113.4779674,
              22.8890404
            ],
            [
              113.4777949,
              22.8890484
            ],
            [
              113.4777611,
              22.8889963
            ],
            [
              113.4777017,
              22.8890393
            ],
            [
              113.4775021,
              22.888996
            ],
            [
              113.4774449,
              22.8890383
            ],
            [
              113.4772677,
              22.8890209
            ],
            [
              113.4767734,
              22.8891772
            ],
            [
              113.4767279,
              22.8891041
            ],
            [
              113.4767793,
              22.8890641
            ],
            [
              113.4767945,
              22.8890885
            ],
            [
              113.476967,
              22.8889913
            ],
            [
              113.4773192,
              22.8889071
            ],
            [
              113.4773797,
              22.8889365
            ],
            [
              113.4774202,
              22.8888683
            ],
            [
              113.4772869,
              22.8888566
            ],
            [
              113.4772313,
              22.8888992
            ],
            [
              113.4771718,
              22.8888702
            ],
            [
              113.4769625,
              22.8889212
            ],
            [
              113.4766723,
              22.8890755
            ],
            [
              113.4766573,
              22.8890513
            ],
            [
              113.4765321,
              22.8891501
            ],
            [
              113.4766111,
              22.8893378
            ],
            [
              113.4765614,
              22.889376
            ],
            [
              113.4765072,
              22.889347
            ],
            [
              113.4765957,
              22.8894912
            ],
            [
              113.4766456,
              22.8894535
            ],
            [
              113.4766754,
              22.8895019
            ],
            [
              113.4766254,
              22.8895394
            ],
            [
              113.4765957,
              22.8894912
            ],
            [
              113.4766005,
              22.8895581
            ],
            [
              113.4764486,
              22.8896023
            ],
            [
              113.4764777,
              22.8896501
            ],
            [
              113.4762539,
              22.889852
            ],
            [
              113.4762256,
              22.8898049
            ],
            [
              113.4763194,
              22.8897343
            ],
            [
              113.4763526,
              22.8896749
            ],
            [
              113.4763239,
              22.8896275
            ],
            [
              113.4763002,
              22.8896455
            ],
            [
              113.4761632,
              22.8894757
            ],
            [
              113.476094,
              22.8895301
            ],
            [
              113.476066,
              22.8894836
            ],
            [
              113.4760206,
              22.8895196
            ],
            [
              113.4760345,
              22.8895428
            ],
            [
              113.4759222,
              22.8896313
            ],
            [
              113.4758832,
              22.8897294
            ],
            [
              113.4760712,
              22.889548
            ],
            [
              113.4761501,
              22.8896233
            ],
            [
              113.4758768,
              22.8899348
            ],
            [
              113.4757574,
              22.8901573
            ],
            [
              113.4756883,
              22.8904033
            ],
            [
              113.4756256,
              22.8904493
            ],
            [
              113.4755661,
              22.8903974
            ],
            [
              113.4756151,
              22.8903287
            ],
            [
              113.4756176,
              22.8902301
            ],
            [
              113.4755891,
              22.8902839
            ],
            [
              113.4755144,
              22.8903081
            ],
            [
              113.4754972,
              22.8904803
            ],
            [
              113.4754367,
              22.8905251
            ],
            [
              113.4754748,
              22.8905916
            ],
            [
              113.4754347,
              22.890621
            ],
            [
              113.4753588,
              22.8904886
            ],
            [
              113.4753391,
              22.8905034
            ],
            [
              113.4751588,
              22.8901393
            ],
            [
              113.4750256,
              22.8902456
            ],
            [
              113.4753089,
              22.890744
            ],
            [
              113.4753018,
              22.8907801
            ],
            [
              113.4749264,
              22.8910524
            ],
            [
              113.4748966,
              22.8910443
            ],
            [
              113.4746115,
              22.8905761
            ],
            [
              113.4744754,
              22.8906848
            ],
            [
              113.4744866,
              22.8907053
            ],
            [
              113.4742461,
              22.8908679
            ],
            [
              113.4743837,
              22.8912478
            ],
            [
              113.4743513,
              22.891272
            ],
            [
              113.4742757,
              22.8912156
            ],
            [
              113.4740736,
              22.8910056
            ],
            [
              113.4740688,
              22.8910376
            ],
            [
              113.4740277,
              22.8910423
            ],
            [
              113.4735649,
              22.8914117
            ],
            [
              113.4735846,
              22.8914493
            ],
            [
              113.4735728,
              22.8915382
            ],
            [
              113.4735455,
              22.8915596
            ],
            [
              113.4736062,
              22.8915651
            ],
            [
              113.4736217,
              22.8918166
            ],
            [
              113.4736782,
              22.8920358
            ],
            [
              113.4736409,
              22.8920366
            ],
            [
              113.4736897,
              22.8921311
            ],
            [
              113.4736582,
              22.8921791
            ],
            [
              113.4736835,
              22.8922642
            ],
            [
              113.4734228,
              22.8924937
            ],
            [
              113.4734415,
              22.8925306
            ],
            [
              113.4735902,
              22.8924045
            ],
            [
              113.4736094,
              22.892442
            ],
            [
              113.4734602,
              22.8925675
            ],
            [
              113.4734789,
              22.8926045
            ],
            [
              113.4735844,
              22.8925341
            ],
            [
              113.4735749,
              22.8925154
            ],
            [
              113.4736829,
              22.8924431
            ],
            [
              113.4736733,
              22.8924243
            ],
            [
              113.4737518,
              22.892397
            ],
            [
              113.4737689,
              22.8925387
            ],
            [
              113.4738418,
              22.8926443
            ],
            [
              113.4738138,
              22.8926621
            ],
            [
              113.4737803,
              22.8926329
            ],
            [
              113.4737998,
              22.892671
            ],
            [
              113.473768,
              22.8927164
            ],
            [
              113.4738167,
              22.8928116
            ],
            [
              113.4738307,
              22.892803
            ],
            [
              113.4738461,
              22.892869
            ],
            [
              113.4739122,
              22.892854
            ],
            [
              113.473932,
              22.8928925
            ],
            [
              113.4739234,
              22.8929481
            ],
            [
              113.4738938,
              22.8928903
            ],
            [
              113.4738797,
              22.8928988
            ],
            [
              113.473963,
              22.8930253
            ],
            [
              113.4739543,
              22.8930805
            ],
            [
              113.4739828,
              22.893064
            ],
            [
              113.4740126,
              22.8931222
            ],
            [
              113.473984,
              22.8931385
            ],
            [
              113.4740381,
              22.893208
            ],
            [
              113.4740093,
              22.8932241
            ],
            [
              113.474048,
              22.8932275
            ],
            [
              113.474098,
              22.893325
            ],
            [
              113.4740835,
              22.8933329
            ],
            [
              113.474139,
              22.8934775
            ],
            [
              113.4741198,
              22.8935123
            ],
            [
              113.4741298,
              22.8935319
            ],
            [
              113.4741737,
              22.8935092
            ],
            [
              113.4741938,
              22.8935485
            ],
            [
              113.4741207,
              22.893586
            ],
            [
              113.4741753,
              22.893657
            ],
            [
              113.4741661,
              22.8937109
            ],
            [
              113.474245,
              22.8937212
            ],
            [
              113.4742962,
              22.8938939
            ],
            [
              113.4743111,
              22.8938869
            ],
            [
              113.4743721,
              22.8940064
            ],
            [
              113.4744381,
              22.8940259
            ],
            [
              113.4744587,
              22.8940661
            ],
            [
              113.4744282,
              22.8940797
            ],
            [
              113.4744537,
              22.894093
            ],
            [
              113.4744898,
              22.8942003
            ],
            [
              113.4744288,
              22.8942265
            ],
            [
              113.474439,
              22.8942466
            ],
            [
              113.4744848,
              22.8942271
            ],
            [
              113.474526,
              22.8943078
            ],
            [
              113.4744749,
              22.8943534
            ],
            [
              113.4745623,
              22.8944885
            ],
            [
              113.4745061,
              22.8946312
            ],
            [
              113.4745983,
              22.8948131
            ]
          ],
          [
            [
              113.476897,
              22.8938966
            ],
            [
              113.4768692,
              22.8938473
            ],
            [
              113.4769645,
              22.8938118
            ],
            [
              113.4769505,
              22.8937869
            ],
            [
              113.4770614,
              22.8937757
            ],
            [
              113.4770818,
              22.8937073
            ],
            [
              113.4770716,
              22.8937415
            ],
            [
              113.4771391,
              22.8938077
            ],
            [
              113.4770168,
              22.8938526
            ],
            [
              113.4770027,
              22.8938277
            ],
            [
              113.476897,
              22.8938966
            ]
          ],
          [
            [
              113.4758448,
              22.8918353
            ],
            [
              113.4757882,
              22.8916861
            ],
            [
              113.475898,
              22.8916809
            ],
            [
              113.4759061,
              22.8916452
            ],
            [
              113.4760264,
              22.8916034
            ],
            [
              113.4760578,
              22.8917092
            ],
            [
              113.4759716,
              22.8917602
            ],
            [
              113.4759585,
              22.8917371
            ],
            [
              113.4758448,
              22.8918353
            ]
          ],
          [
            [
              113.4743116,
              22.8917759
            ],
            [
              113.4742902,
              22.8917357
            ],
            [
              113.4744562,
              22.8916753
            ],
            [
              113.4745277,
              22.8918499
            ],
            [
              113.4744949,
              22.8918719
            ],
            [
              113.474473,
              22.8918311
            ],
            [
              113.4743116,
              22.8917759
            ]
          ],
          [
            [
              113.4769104,
              22.8930401
            ],
            [
              113.4768678,
              22.892966
            ],
            [
              113.477156,
              22.89271
            ],
            [
              113.4771774,
              22.8926362
            ],
            [
              113.4772543,
              22.8926007
            ],
            [
              113.4772394,
              22.8925753
            ],
            [
              113.4773171,
              22.8925392
            ],
            [
              113.4774297,
              22.8923884
            ],
            [
              113.4776069,
              22.892338
            ],
            [
              113.4776418,
              22.8924549
            ],
            [
              113.47751,
              22.8925811
            ],
            [
              113.4774304,
              22.8928443
            ],
            [
              113.4774606,
              22.8928958
            ],
            [
              113.4773707,
              22.8929666
            ],
            [
              113.4773857,
              22.8929922
            ],
            [
              113.4775024,
              22.8929102
            ],
            [
              113.4775481,
              22.8929878
            ],
            [
              113.4774986,
              22.8930729
            ],
            [
              113.4773415,
              22.8931382
            ],
            [
              113.4772753,
              22.8931341
            ],
            [
              113.477231,
              22.893058
            ],
            [
              113.4771803,
              22.8930796
            ],
            [
              113.4772097,
              22.8931301
            ],
            [
              113.4771341,
              22.8931619
            ],
            [
              113.4771051,
              22.8931116
            ],
            [
              113.4770554,
              22.8931328
            ],
            [
              113.4769734,
              22.8930436
            ],
            [
              113.4769104,
              22.8930401
            ]
          ],
          [
            [
              113.4742675,
              22.8915303
            ],
            [
              113.4742353,
              22.8914703
            ],
            [
              113.4742668,
              22.8914471
            ],
            [
              113.4742453,
              22.8914071
            ],
            [
              113.4742662,
              22.8913636
            ],
            [
              113.4743731,
              22.8913125
            ],
            [
              113.474428,
              22.8914139
            ],
            [
              113.4742675,
              22.8915303
            ]
          ],
          [
            [
              113.4754544,
              22.8929588
            ],
            [
              113.4753466,
              22.8927609
            ],
            [
              113.4754031,
              22.8927309
            ],
            [
              113.4753603,
              22.8926971
            ],
            [
              113.4756107,
              22.8925626
            ],
            [
              113.4756231,
              22.892585
            ],
            [
              113.4760204,
              22.8923426
            ],
            [
              113.4764357,
              22.8928279
            ],
            [
              113.4762581,
              22.8929122
            ],
            [
              113.4762099,
              22.8928756
            ],
            [
              113.4761667,
              22.8928964
            ],
            [
              113.4762146,
              22.8929329
            ],
            [
              113.4758576,
              22.8931026
            ],
            [
              113.4758702,
              22.8931254
            ],
            [
              113.4757645,
              22.8931183
            ],
            [
              113.4756385,
              22.8932067
            ],
            [
              113.4755532,
              22.8930505
            ],
            [
              113.4755339,
              22.89306
            ],
            [
              113.4754735,
              22.8929491
            ],
            [
              113.4754544,
              22.8929588
            ]
          ],
          [
            [
              113.4743902,
              22.8935996
            ],
            [
              113.4743593,
              22.8935395
            ],
            [
              113.4743741,
              22.8934561
            ],
            [
              113.4744049,
              22.8934404
            ],
            [
              113.4743995,
              22.8933922
            ],
            [
              113.4744304,
              22.8933762
            ],
            [
              113.474425,
              22.8933278
            ],
            [
              113.4744874,
              22.8932177
            ],
            [
              113.4745349,
              22.8931924
            ],
            [
              113.474599,
              22.8930795
            ],
            [
              113.4746859,
              22.8930857
            ],
            [
              113.4746641,
              22.8930444
            ],
            [
              113.4746861,
              22.893006
            ],
            [
              113.4748649,
              22.8929361
            ],
            [
              113.4748761,
              22.8929571
            ],
            [
              113.4747521,
              22.8930503
            ],
            [
              113.4748072,
              22.8931544
            ],
            [
              113.4749591,
              22.8932369
            ],
            [
              113.4748736,
              22.89328
            ],
            [
              113.4748625,
              22.893259
            ],
            [
              113.4746743,
              22.8933806
            ],
            [
              113.4746095,
              22.8934907
            ],
            [
              113.4746309,
              22.8935317
            ],
            [
              113.4746095,
              22.8935679
            ],
            [
              113.4746521,
              22.8936499
            ],
            [
              113.4745618,
              22.8936676
            ],
            [
              113.4743902,
              22.8935996
            ]
          ],
          [
            [
              113.4747114,
              22.8936473
            ],
            [
              113.4746792,
              22.8935855
            ],
            [
              113.4746901,
              22.8935285
            ],
            [
              113.4747392,
              22.8935045
            ],
            [
              113.4747175,
              22.8934631
            ],
            [
              113.4747448,
              22.8934757
            ],
            [
              113.4747944,
              22.8934514
            ],
            [
              113.4747891,
              22.8934015
            ],
            [
              113.4748672,
              22.8933892
            ],
            [
              113.4748893,
              22.8934312
            ],
            [
              113.4748666,
              22.8934686
            ],
            [
              113.4747392,
              22.8935045
            ],
            [
              113.4747774,
              22.893538
            ],
            [
              113.4747444,
              22.8935539
            ],
            [
              113.4747605,
              22.893624
            ],
            [
              113.4747114,
              22.8936473
            ]
          ],
          [
            [
              113.4746966,
              22.891219
            ],
            [
              113.4745885,
              22.8909783
            ],
            [
              113.4746227,
              22.8909524
            ],
            [
              113.4745772,
              22.8908697
            ],
            [
              113.4745772,
              22.8907814
            ],
            [
              113.4748013,
              22.8911431
            ],
            [
              113.4746966,
              22.891219
            ]
          ],
          [
            [
              113.4758827,
              22.8904239
            ],
            [
              113.4758725,
              22.8903008
            ],
            [
              113.4759942,
              22.8900791
            ],
            [
              113.4761933,
              22.8898632
            ],
            [
              113.4761983,
              22.8899274
            ],
            [
              113.4759907,
              22.8901813
            ],
            [
              113.4759263,
              22.8903926
            ],
            [
              113.4758827,
              22.8904239
            ]
          ],
          [
            [
              113.4746552,
              22.8919609
            ],
            [
              113.4746329,
              22.8919196
            ],
            [
              113.474763,
              22.8918623
            ],
            [
              113.4747744,
              22.8918833
            ],
            [
              113.4748789,
              22.8918151
            ],
            [
              113.4748904,
              22.8918362
            ],
            [
              113.4751995,
              22.8916356
            ],
            [
              113.4751874,
              22.891614
            ],
            [
              113.475301,
              22.8915399
            ],
            [
              113.4752888,
              22.8915181
            ],
            [
              113.4754242,
              22.8914294
            ],
            [
              113.4753994,
              22.8913852
            ],
            [
              113.4754386,
              22.8913593
            ],
            [
              113.4753322,
              22.8912182
            ],
            [
              113.4754176,
              22.8911295
            ],
            [
              113.4754123,
              22.8910717
            ],
            [
              113.4754718,
              22.8910307
            ],
            [
              113.4755835,
              22.8913251
            ],
            [
              113.4754959,
              22.8914129
            ],
            [
              113.4755085,
              22.8914351
            ],
            [
              113.4755685,
              22.8913961
            ],
            [
              113.4755938,
              22.8914409
            ],
            [
              113.4755662,
              22.8914891
            ],
            [
              113.4756879,
              22.891656
            ],
            [
              113.4756676,
              22.8916686
            ],
            [
              113.4757313,
              22.8917815
            ],
            [
              113.4757108,
              22.8917938
            ],
            [
              113.4758955,
              22.8921699
            ],
            [
              113.4756978,
              22.8922508
            ],
            [
              113.4757104,
              22.8922733
            ],
            [
              113.4754733,
              22.8924059
            ],
            [
              113.4754855,
              22.892428
            ],
            [
              113.4752701,
              22.8925762
            ],
            [
              113.4752716,
              22.8924902
            ],
            [
              113.4752464,
              22.8925327
            ],
            [
              113.4751977,
              22.8925317
            ],
            [
              113.4749866,
              22.8922309
            ],
            [
              113.4749689,
              22.8922416
            ],
            [
              113.4748307,
              22.8920731
            ],
            [
              113.4746552,
              22.8919609
            ]
          ],
          [
            [
              113.4771374,
              22.8935943
            ],
            [
              113.4771334,
              22.8935344
            ],
            [
              113.4770227,
              22.8933939
            ],
            [
              113.4774948,
              22.8932345
            ],
            [
              113.4775402,
              22.8933121
            ],
            [
              113.4776203,
              22.8932805
            ],
            [
              113.4776013,
              22.8931916
            ],
            [
              113.4777921,
              22.8931148
            ],
            [
              113.4778234,
              22.8931676
            ],
            [
              113.4778792,
              22.8931454
            ],
            [
              113.4778199,
              22.8931037
            ],
            [
              113.4780174,
              22.8930241
            ],
            [
              113.4781072,
              22.8930548
            ],
            [
              113.478172,
              22.8931628
            ],
            [
              113.4781461,
              22.8932393
            ],
            [
              113.4782402,
              22.8933367
            ],
            [
              113.4782011,
              22.8934506
            ],
            [
              113.477956,
              22.8935076
            ],
            [
              113.4779245,
              22.8934543
            ],
            [
              113.4780216,
              22.8933854
            ],
            [
              113.4779898,
              22.8933319
            ],
            [
              113.4778931,
              22.8934011
            ],
            [
              113.4779019,
              22.8933001
            ],
            [
              113.4777633,
              22.8933534
            ],
            [
              113.4778375,
              22.8934221
            ],
            [
              113.477755,
              22.8934532
            ],
            [
              113.4777585,
              22.8935161
            ],
            [
              113.4777979,
              22.8934693
            ],
            [
              113.4778809,
              22.8934382
            ],
            [
              113.4778965,
              22.8934647
            ],
            [
              113.4778049,
              22.8935952
            ],
            [
              113.4777621,
              22.8935788
            ],
            [
              113.477589,
              22.8936739
            ],
            [
              113.4775137,
              22.8935443
            ],
            [
              113.4775174,
              22.8936059
            ],
            [
              113.477465,
              22.8936254
            ],
            [
              113.4775361,
              22.8936932
            ],
            [
              113.4773037,
              22.893778
            ],
            [
              113.4772414,
              22.8936162
            ],
            [
              113.4771912,
              22.8936352
            ],
            [
              113.4771374,
              22.8935943
            ]
          ],
          [
            [
              113.477176,
              22.890737
            ],
            [
              113.4771453,
              22.8906867
            ],
            [
              113.4772787,
              22.8906036
            ],
            [
              113.4773683,
              22.8906885
            ],
            [
              113.477287,
              22.8907383
            ],
            [
              113.4772911,
              22.8908054
            ],
            [
              113.477176,
              22.890737
            ]
          ],
          [
            [
              113.4746868,
              22.8947328
            ],
            [
              113.4746712,
              22.8946657
            ],
            [
              113.474777,
              22.8946509
            ],
            [
              113.4747559,
              22.8946096
            ],
            [
              113.4747774,
              22.8945769
            ],
            [
              113.4748366,
              22.8945793
            ],
            [
              113.474863,
              22.8946685
            ],
            [
              113.4746868,
              22.8947328
            ]
          ],
          [
            [
              113.4740034,
              22.8918297
            ],
            [
              113.4739623,
              22.8917517
            ],
            [
              113.4739758,
              22.8916608
            ],
            [
              113.473945,
              22.8916024
            ],
            [
              113.4739643,
              22.8915609
            ],
            [
              113.4740564,
              22.8916562
            ],
            [
              113.4740866,
              22.8916342
            ],
            [
              113.4741181,
              22.8916934
            ],
            [
              113.4740034,
              22.8918297
            ]
          ],
          [
            [
              113.4750741,
              22.8928232
            ],
            [
              113.4750511,
              22.8927804
            ],
            [
              113.4751703,
              22.8927433
            ],
            [
              113.4751937,
              22.8927865
            ],
            [
              113.4752907,
              22.8927907
            ],
            [
              113.4753382,
              22.892878
            ],
            [
              113.4752892,
              22.8928755
            ],
            [
              113.4751937,
              22.8927865
            ],
            [
              113.4750741,
              22.8928232
            ]
          ],
          [
            [
              113.4767776,
              22.8929138
            ],
            [
              113.4767592,
              22.8928294
            ],
            [
              113.4768309,
              22.8927963
            ],
            [
              113.4768835,
              22.8928345
            ],
            [
              113.4768892,
              22.892738
            ],
            [
              113.477012,
              22.892681
            ],
            [
              113.4770078,
              22.8926196
            ],
            [
              113.4771184,
              22.8925355
            ],
            [
              113.4771372,
              22.8926228
            ],
            [
              113.4770017,
              22.8927174
            ],
            [
              113.4769321,
              22.8928123
            ],
            [
              113.4769363,
              22.892873
            ],
            [
              113.4768877,
              22.8928949
            ],
            [
              113.4768593,
              22.8928456
            ],
            [
              113.4767776,
              22.8929138
            ]
          ],
          [
            [
              113.4750719,
              22.8934493
            ],
            [
              113.4750493,
              22.8934066
            ],
            [
              113.475173,
              22.8933468
            ],
            [
              113.4753166,
              22.8933597
            ],
            [
              113.4751008,
              22.8934622
            ],
            [
              113.4750719,
              22.8934493
            ]
          ],
          [
            [
              113.4741381,
              22.8916516
            ],
            [
              113.4741787,
              22.8915672
            ],
            [
              113.4741999,
              22.891607
            ],
            [
              113.4741381,
              22.8916516
            ]
          ],
          [
            [
              113.4745884,
              22.891921
            ],
            [
              113.4744835,
              22.8916844
            ],
            [
              113.4745329,
              22.8916501
            ],
            [
              113.4744779,
              22.8916322
            ],
            [
              113.4744723,
              22.8915798
            ],
            [
              113.4747421,
              22.8913898
            ],
            [
              113.4747535,
              22.8914107
            ],
            [
              113.4753695,
              22.8909478
            ],
            [
              113.475357,
              22.8909258
            ],
            [
              113.4754089,
              22.89092
            ],
            [
              113.4753801,
              22.8910633
            ],
            [
              113.4753006,
              22.8912095
            ],
            [
              113.4752431,
              22.8912488
            ],
            [
              113.4752537,
              22.8913618
            ],
            [
              113.4751167,
              22.8913947
            ],
            [
              113.4751835,
              22.8914686
            ],
            [
              113.4751275,
              22.8915059
            ],
            [
              113.4750916,
              22.8914413
            ],
            [
              113.4750732,
              22.8914537
            ],
            [
              113.4751089,
              22.8915182
            ],
            [
              113.4750538,
              22.891555
            ],
            [
              113.4750656,
              22.8915764
            ],
            [
              113.4750291,
              22.8916007
            ],
            [
              113.4750055,
              22.8915579
            ],
            [
              113.4750419,
              22.8915336
            ],
            [
              113.4750001,
              22.8915031
            ],
            [
              113.4749281,
              22.8915517
            ],
            [
              113.4749928,
              22.8916247
            ],
            [
              113.474939,
              22.8916605
            ],
            [
              113.4748924,
              22.8915757
            ],
            [
              113.4749164,
              22.8915305
            ],
            [
              113.4748631,
              22.8915666
            ],
            [
              113.4749211,
              22.8916723
            ],
            [
              113.4748856,
              22.8916958
            ],
            [
              113.4748279,
              22.8915905
            ],
            [
              113.4748516,
              22.8915455
            ],
            [
              113.474799,
              22.8915813
            ],
            [
              113.4747875,
              22.8915604
            ],
            [
              113.4747355,
              22.8915959
            ],
            [
              113.4745996,
              22.8916039
            ],
            [
              113.4745329,
              22.8916501
            ],
            [
              113.474544,
              22.8916706
            ],
            [
              113.4747815,
              22.8915932
            ],
            [
              113.4748045,
              22.8916351
            ],
            [
              113.4747697,
              22.8916586
            ],
            [
              113.4748329,
              22.8917308
            ],
            [
              113.4747521,
              22.891756
            ],
            [
              113.4747009,
              22.891705
            ],
            [
              113.4747065,
              22.8917581
            ],
            [
              113.4746724,
              22.8917809
            ],
            [
              113.4746557,
              22.8917073
            ],
            [
              113.4745552,
              22.8917754
            ],
            [
              113.4746218,
              22.8918989
            ],
            [
              113.4745884,
              22.891921
            ]
          ],
          [
            [
              113.4761117,
              22.8935632
            ],
            [
              113.4760733,
              22.8934935
            ],
            [
              113.4762431,
              22.8934204
            ],
            [
              113.4762385,
              22.893364
            ],
            [
              113.4763081,
              22.8933924
            ],
            [
              113.4762607,
              22.8935001
            ],
            [
              113.4761751,
              22.8935364
            ],
            [
              113.476188,
              22.8935598
            ],
            [
              113.4761117,
              22.8935632
            ]
          ],
          [
            [
              113.4740913,
              22.8927969
            ],
            [
              113.4740148,
              22.8926121
            ],
            [
              113.4740465,
              22.8924101
            ],
            [
              113.4740296,
              22.8922639
            ],
            [
              113.4740627,
              22.8921359
            ],
            [
              113.4740422,
              22.8920967
            ],
            [
              113.4740813,
              22.8920166
            ],
            [
              113.4742185,
              22.8919224
            ],
            [
              113.4741561,
              22.8918841
            ],
            [
              113.4742226,
              22.8918105
            ],
            [
              113.4745114,
              22.8919441
            ],
            [
              113.4745663,
              22.8920466
            ],
            [
              113.4745225,
              22.8920475
            ],
            [
              113.4745554,
              22.8921089
            ],
            [
              113.474605,
              22.892077
            ],
            [
              113.4747166,
              22.892117
            ],
            [
              113.4747899,
              22.8922106
            ],
            [
              113.4748757,
              22.8922419
            ],
            [
              113.4749849,
              22.8924007
            ],
            [
              113.4749496,
              22.8924214
            ],
            [
              113.4749092,
              22.8923894
            ],
            [
              113.4748745,
              22.89241
            ],
            [
              113.4748061,
              22.8923675
            ],
            [
              113.4747438,
              22.8923774
            ],
            [
              113.4746493,
              22.8921595
            ],
            [
              113.4746158,
              22.8923455
            ],
            [
              113.4745829,
              22.8923658
            ],
            [
              113.4745395,
              22.8925277
            ],
            [
              113.4745612,
              22.8925686
            ],
            [
              113.4745288,
              22.8926682
            ],
            [
              113.4745721,
              22.8928299
            ],
            [
              113.4745613,
              22.8928891
            ],
            [
              113.4743661,
              22.8929467
            ],
            [
              113.4743452,
              22.8929066
            ],
            [
              113.4742887,
              22.8929131
            ],
            [
              113.4742679,
              22.8928732
            ],
            [
              113.4741868,
              22.8928688
            ],
            [
              113.4741208,
              22.8927791
            ],
            [
              113.4740913,
              22.8927969
            ]
          ],
          [
            [
              113.4744113,
              22.891341
            ],
            [
              113.4743894,
              22.8913005
            ],
            [
              113.4744548,
              22.891252
            ],
            [
              113.4744659,
              22.8912724
            ],
            [
              113.4745157,
              22.8912357
            ],
            [
              113.474566,
              22.891285
            ],
            [
              113.4744497,
              22.8913698
            ],
            [
              113.4744113,
              22.891341
            ]
          ],
          [
            [
              113.4749272,
              22.8942176
            ],
            [
              113.4749112,
              22.8941478
            ],
            [
              113.4750064,
              22.8941339
            ],
            [
              113.4750175,
              22.8941551
            ],
            [
              113.4749272,
              22.8942176
            ]
          ],
          [
            [
              113.4773489,
              22.8919646
            ],
            [
              113.4773033,
              22.8918881
            ],
            [
              113.4773715,
              22.8918863
            ],
            [
              113.4774096,
              22.8918331
            ],
            [
              113.4773409,
              22.8918352
            ],
            [
              113.4772041,
              22.8916067
            ],
            [
              113.4773248,
              22.8915747
            ],
            [
              113.4773288,
              22.89164
            ],
            [
              113.4773863,
              22.8916768
            ],
            [
              113.4776084,
              22.8916274
            ],
            [
              113.4776558,
              22.8917055
            ],
            [
              113.4776003,
              22.8917343
            ],
            [
              113.4776476,
              22.8918124
            ],
            [
              113.4775296,
              22.891737
            ],
            [
              113.4774635,
              22.8918051
            ],
            [
              113.4774945,
              22.8918567
            ],
            [
              113.4775491,
              22.8918287
            ],
            [
              113.4776589,
              22.8920106
            ],
            [
              113.4776349,
              22.8920899
            ],
            [
              113.47751,
              22.8921176
            ],
            [
              113.4774444,
              22.8919495
            ],
            [
              113.4773489,
              22.8919646
            ]
          ],
          [
            [
              113.4782673,
              22.8909907
            ],
            [
              113.4782502,
              22.8909636
            ],
            [
              113.4785014,
              22.8908253
            ],
            [
              113.4785365,
              22.8908803
            ],
            [
              113.4782673,
              22.8909907
            ]
          ],
          [
            [
              113.478391,
              22.8919695
            ],
            [
              113.4784018,
              22.8918579
            ],
            [
              113.478464,
              22.8918282
            ],
            [
              113.4784983,
              22.8918833
            ],
            [
              113.4785931,
              22.8918386
            ],
            [
              113.4786598,
              22.8918792
            ],
            [
              113.4788371,
              22.8917598
            ],
            [
              113.4789239,
              22.8918292
            ],
            [
              113.4791768,
              22.891675
            ],
            [
              113.4791952,
              22.8917038
            ],
            [
              113.4792997,
              22.8916555
            ],
            [
              113.4793746,
              22.8917718
            ],
            [
              113.4793602,
              22.8918908
            ],
            [
              113.4792879,
              22.8918483
            ],
            [
              113.4791839,
              22.891895
            ],
            [
              113.479079,
              22.8918684
            ],
            [
              113.4789779,
              22.8919144
            ],
            [
              113.4789599,
              22.8918859
            ],
            [
              113.4788604,
              22.8919314
            ],
            [
              113.4785643,
              22.8919238
            ],
            [
              113.478391,
              22.8919695
            ]
          ],
          [
            [
              113.4742101,
              22.893689
            ],
            [
              113.4741799,
              22.89363
            ],
            [
              113.4742241,
              22.8936077
            ],
            [
              113.4742443,
              22.8936472
            ],
            [
              113.4742101,
              22.893689
            ]
          ],
          [
            [
              113.4742831,
              22.8935028
            ],
            [
              113.4742064,
              22.8933167
            ],
            [
              113.474291,
              22.8932203
            ],
            [
              113.4743683,
              22.893332
            ],
            [
              113.4743279,
              22.893404
            ],
            [
              113.4743284,
              22.8934795
            ],
            [
              113.4742831,
              22.8935028
            ]
          ],
          [
            [
              113.4778851,
              22.8901888
            ],
            [
              113.4778684,
              22.8901625
            ],
            [
              113.477958,
              22.8901061
            ],
            [
              113.4779748,
              22.8901326
            ],
            [
              113.4778851,
              22.8901888
            ]
          ],
          [
            [
              113.4782817,
              22.8923001
            ],
            [
              113.4782483,
              22.8922457
            ],
            [
              113.4783391,
              22.8922045
            ],
            [
              113.4788437,
              22.8923715
            ],
            [
              113.4794749,
              22.8921402
            ],
            [
              113.4795126,
              22.892199
            ],
            [
              113.478608,
              22.8925771
            ],
            [
              113.4785365,
              22.8923972
            ],
            [
              113.4782817,
              22.8923001
            ]
          ],
          [
            [
              113.4755928,
              22.8934797
            ],
            [
              113.4755807,
              22.8934574
            ],
            [
              113.4756387,
              22.8934311
            ],
            [
              113.4757737,
              22.8934544
            ],
            [
              113.4758336,
              22.8934277
            ],
            [
              113.4758585,
              22.8934732
            ],
            [
              113.4758308,
              22.8935136
            ],
            [
              113.4758806,
              22.8936048
            ],
            [
              113.4759211,
              22.8935874
            ],
            [
              113.4759461,
              22.8936332
            ],
            [
              113.4757657,
              22.8937096
            ],
            [
              113.4756121,
              22.893471
            ],
            [
              113.4755928,
              22.8934797
            ]
          ],
          [
            [
              113.4774623,
              22.8903465
            ],
            [
              113.4773987,
              22.8902441
            ],
            [
              113.4774942,
              22.8901463
            ],
            [
              113.4775957,
              22.8898611
            ],
            [
              113.4776533,
              22.8898227
            ],
            [
              113.4778703,
              22.8899022
            ],
            [
              113.4779736,
              22.8897976
            ],
            [
              113.4780246,
              22.8898772
            ],
            [
              113.4777725,
              22.8900762
            ],
            [
              113.4777891,
              22.8901023
            ],
            [
              113.4776031,
              22.8902571
            ],
            [
              113.4776193,
              22.890283
            ],
            [
              113.4774623,
              22.8903465
            ]
          ],
          [
            [
              113.4749814,
              22.8927359
            ],
            [
              113.4749999,
              22.8926428
            ],
            [
              113.474977,
              22.8926003
            ],
            [
              113.475007,
              22.8925276
            ],
            [
              113.474984,
              22.892485
            ],
            [
              113.4750079,
              22.8924432
            ],
            [
              113.4750425,
              22.8925072
            ],
            [
              113.4751016,
              22.8925296
            ],
            [
              113.4751534,
              22.8926687
            ],
            [
              113.4750219,
              22.8927688
            ],
            [
              113.4749814,
              22.8927359
            ]
          ],
          [
            [
              113.4745255,
              22.8940116
            ],
            [
              113.4745151,
              22.8939913
            ],
            [
              113.4745307,
              22.8939843
            ],
            [
              113.4745411,
              22.8940046
            ],
            [
              113.4745255,
              22.8940116
            ]
          ],
          [
            [
              113.4762484,
              22.8907261
            ],
            [
              113.4762386,
              22.8906009
            ],
            [
              113.4763311,
              22.890538
            ],
            [
              113.4764297,
              22.8903699
            ],
            [
              113.4764012,
              22.8903223
            ],
            [
              113.4765305,
              22.8901982
            ],
            [
              113.4765161,
              22.8901741
            ],
            [
              113.4770362,
              22.8898449
            ],
            [
              113.4771203,
              22.8898578
            ],
            [
              113.4772711,
              22.8897895
            ],
            [
              113.4775184,
              22.8898029
            ],
            [
              113.4775508,
              22.8898544
            ],
            [
              113.47747,
              22.8899811
            ],
            [
              113.4774741,
              22.890051
            ],
            [
              113.4774182,
              22.8900877
            ],
            [
              113.4774223,
              22.890157
            ],
            [
              113.4773395,
              22.890211
            ],
            [
              113.4772807,
              22.8901781
            ],
            [
              113.4770298,
              22.890378
            ],
            [
              113.4769219,
              22.8903795
            ],
            [
              113.4767597,
              22.8905208
            ],
            [
              113.476745,
              22.8904963
            ],
            [
              113.4765732,
              22.8906098
            ],
            [
              113.4764488,
              22.8906253
            ],
            [
              113.4764158,
              22.8906806
            ],
            [
              113.4764441,
              22.8907284
            ],
            [
              113.476397,
              22.8907593
            ],
            [
              113.4762484,
              22.8907261
            ]
          ],
          [
            [
              113.4738059,
              22.8920231
            ],
            [
              113.4737744,
              22.891888
            ],
            [
              113.4738028,
              22.8918674
            ],
            [
              113.4738228,
              22.8919058
            ],
            [
              113.4738659,
              22.8918748
            ],
            [
              113.473876,
              22.8918941
            ],
            [
              113.4738948,
              22.891854
            ],
            [
              113.4739488,
              22.8918419
            ],
            [
              113.4739693,
              22.8918808
            ],
            [
              113.4739253,
              22.8919121
            ],
            [
              113.4739355,
              22.8919315
            ],
            [
              113.4738774,
              22.8919725
            ],
            [
              113.4738875,
              22.8919918
            ],
            [
              113.4738059,
              22.8920231
            ]
          ],
          [
            [
              113.4770905,
              22.8908928
            ],
            [
              113.4770149,
              22.890768
            ],
            [
              113.4770667,
              22.8907357
            ],
            [
              113.477071,
              22.8908018
            ],
            [
              113.4771428,
              22.890861
            ],
            [
              113.4770905,
              22.8908928
            ]
          ],
          [
            [
              113.4754496,
              22.894244
            ],
            [
              113.4754031,
              22.8941563
            ],
            [
              113.4754583,
              22.8941345
            ],
            [
              113.4754349,
              22.8940906
            ],
            [
              113.4755466,
              22.8940459
            ],
            [
              113.4755989,
              22.8941866
            ],
            [
              113.4754496,
              22.894244
            ]
          ],
          [
            [
              113.474998,
              22.8933513
            ],
            [
              113.4749868,
              22.8933302
            ],
            [
              113.4750389,
              22.8933044
            ],
            [
              113.4750968,
              22.8933298
            ],
            [
              113.475073,
              22.8933683
            ],
            [
              113.474998,
              22.8933513
            ]
          ],
          [
            [
              113.4766036,
              22.8931747
            ],
            [
              113.4765626,
              22.8931022
            ],
            [
              113.4765855,
              22.893092
            ],
            [
              113.4766267,
              22.8931646
            ],
            [
              113.4766036,
              22.8931747
            ]
          ],
          [
            [
              113.4773851,
              22.8912001
            ],
            [
              113.4772613,
              22.8909964
            ],
            [
              113.4772684,
              22.8908885
            ],
            [
              113.4773493,
              22.89084
            ],
            [
              113.477373,
              22.8909997
            ],
            [
              113.4774509,
              22.8908841
            ],
            [
              113.4775656,
              22.8911321
            ],
            [
              113.4776215,
              22.8911004
            ],
            [
              113.4777016,
              22.8912307
            ],
            [
              113.4775456,
              22.8912824
            ],
            [
              113.4775973,
              22.891184
            ],
            [
              113.4775656,
              22.8911321
            ],
            [
              113.4774435,
              22.8912359
            ],
            [
              113.4773851,
              22.8912001
            ]
          ],
          [
            [
              113.4770859,
              22.8912359
            ],
            [
              113.4770258,
              22.8911359
            ],
            [
              113.4771033,
              22.89109
            ],
            [
              113.4771487,
              22.8911653
            ],
            [
              113.4770859,
              22.8912359
            ]
          ],
          [
            [
              113.4746754,
              22.8929053
            ],
            [
              113.4746536,
              22.892864
            ],
            [
              113.4747034,
              22.8927555
            ],
            [
              113.4747535,
              22.892727
            ],
            [
              113.4748832,
              22.892763
            ],
            [
              113.4748945,
              22.892784
            ],
            [
              113.4747922,
              22.8928407
            ],
            [
              113.4747811,
              22.8928198
            ],
            [
              113.4746754,
              22.8929053
            ]
          ],
          [
            [
              113.4778342,
              22.8889047
            ],
            [
              113.4778569,
              22.8887333
            ],
            [
              113.477918,
              22.8886881
            ],
            [
              113.4779599,
              22.8888909
            ],
            [
              113.4778342,
              22.8889047
            ]
          ],
          [
            [
              113.475719,
              22.8912674
            ],
            [
              113.4756057,
              22.8909696
            ],
            [
              113.4756262,
              22.8909555
            ],
            [
              113.4754982,
              22.8907319
            ],
            [
              113.4755056,
              22.8906952
            ],
            [
              113.4756001,
              22.890659
            ],
            [
              113.4755614,
              22.8905918
            ],
            [
              113.4755972,
              22.8905021
            ],
            [
              113.4756909,
              22.8905619
            ],
            [
              113.4757461,
              22.8905544
            ],
            [
              113.4757724,
              22.8905998
            ],
            [
              113.4757885,
              22.890524
            ],
            [
              113.4758528,
              22.8904779
            ],
            [
              113.4758796,
              22.8905237
            ],
            [
              113.4758365,
              22.8905543
            ],
            [
              113.4757799,
              22.8908182
            ],
            [
              113.4757981,
              22.8909009
            ],
            [
              113.4759718,
              22.8909432
            ],
            [
              113.4760155,
              22.8909141
            ],
            [
              113.4761362,
              22.8909632
            ],
            [
              113.4761811,
              22.8909338
            ],
            [
              113.4761537,
              22.890887
            ],
            [
              113.4761801,
              22.8907718
            ],
            [
              113.4762256,
              22.8907414
            ],
            [
              113.4764488,
              22.8907916
            ],
            [
              113.4765057,
              22.8908875
            ],
            [
              113.4764819,
              22.8909027
            ],
            [
              113.4765388,
              22.8909987
            ],
            [
              113.4764677,
              22.8910435
            ],
            [
              113.4764536,
              22.8910195
            ],
            [
              113.4763603,
              22.8910785
            ],
            [
              113.4763463,
              22.8910547
            ],
            [
              113.4762547,
              22.8911129
            ],
            [
              113.4762409,
              22.8910894
            ],
            [
              113.4761509,
              22.8911468
            ],
            [
              113.4761373,
              22.8911234
            ],
            [
              113.4760488,
              22.89118
            ],
            [
              113.4760354,
              22.8911568
            ],
            [
              113.475719,
              22.8912674
            ]
          ],
          [
            [
              113.4744166,
              22.8937624
            ],
            [
              113.4743651,
              22.8936622
            ],
            [
              113.4743956,
              22.8936472
            ],
            [
              113.4745356,
              22.8937309
            ],
            [
              113.4744166,
              22.8937624
            ]
          ],
          [
            [
              113.4763217,
              22.8935618
            ],
            [
              113.4762955,
              22.8935146
            ],
            [
              113.4763829,
              22.8934778
            ],
            [
              113.4764095,
              22.8935254
            ],
            [
              113.4763217,
              22.8935618
            ]
          ],
          [
            [
              113.4777548,
              22.8911308
            ],
            [
              113.477642,
              22.890948
            ],
            [
              113.4777273,
              22.8908987
            ],
            [
              113.4778123,
              22.8910987
            ],
            [
              113.4777548,
              22.8911308
            ]
          ],
          [
            [
              113.479435,
              22.8907057
            ],
            [
              113.4791633,
              22.8901473
            ],
            [
              113.4792702,
              22.890086
            ],
            [
              113.4793878,
              22.8903372
            ],
            [
              113.4794608,
              22.890297
            ],
            [
              113.4794996,
              22.8903553
            ],
            [
              113.4794457,
              22.8904243
            ],
            [
              113.4795191,
              22.8903845
            ],
            [
              113.4795777,
              22.8904723
            ],
            [
              113.4795407,
              22.8904921
            ],
            [
              113.4796012,
              22.8906583
            ],
            [
              113.479435,
              22.8907057
            ]
          ],
          [
            [
              113.4780309,
              22.8921387
            ],
            [
              113.4779983,
              22.8920853
            ],
            [
              113.4780697,
              22.8920166
            ],
            [
              113.4781191,
              22.8920973
            ],
            [
              113.4780309,
              22.8921387
            ]
          ],
          [
            [
              113.4786713,
              22.8921609
            ],
            [
              113.4786539,
              22.892133
            ],
            [
              113.4787827,
              22.8920752
            ],
            [
              113.4788003,
              22.8921033
            ],
            [
              113.4790165,
              22.8920434
            ],
            [
              113.4790526,
              22.8921005
            ],
            [
              113.4788534,
              22.8921879
            ],
            [
              113.4786713,
              22.8921609
            ]
          ],
          [
            [
              113.4755566,
              22.8934129
            ],
            [
              113.4755205,
              22.8933463
            ],
            [
              113.4756752,
              22.893274
            ],
            [
              113.4757565,
              22.8933776
            ],
            [
              113.4755566,
              22.8934129
            ]
          ],
          [
            [
              113.4780174,
              22.8897314
            ],
            [
              113.4779967,
              22.8896317
            ],
            [
              113.4781301,
              22.8894283
            ],
            [
              113.4778702,
              22.8893003
            ],
            [
              113.4779308,
              22.8892582
            ],
            [
              113.4779539,
              22.8890885
            ],
            [
              113.4780154,
              22.889045
            ],
            [
              113.4783089,
              22.8894245
            ],
            [
              113.4780174,
              22.8897314
            ]
          ],
          [
            [
              113.4753432,
              22.8926212
            ],
            [
              113.4753312,
              22.8925993
            ],
            [
              113.4754259,
              22.8925474
            ],
            [
              113.4754138,
              22.8925254
            ],
            [
              113.4759133,
              22.8922504
            ],
            [
              113.4759472,
              22.8922618
            ],
            [
              113.4759732,
              22.8923079
            ],
            [
              113.4754119,
              22.8926123
            ],
            [
              113.4753999,
              22.8925903
            ],
            [
              113.4753432,
              22.8926212
            ]
          ],
          [
            [
              113.4748101,
              22.8936004
            ],
            [
              113.4748215,
              22.8935428
            ],
            [
              113.4748997,
              22.8935315
            ],
            [
              113.4748776,
              22.8934896
            ],
            [
              113.4749174,
              22.8934439
            ],
            [
              113.4749619,
              22.8935283
            ],
            [
              113.4748101,
              22.8936004
            ]
          ],
          [
            [
              113.476744,
              22.8906671
            ],
            [
              113.4767146,
              22.8906184
            ],
            [
              113.4767643,
              22.890586
            ],
            [
              113.4767938,
              22.8906349
            ],
            [
              113.476744,
              22.8906671
            ]
          ],
          [
            [
              113.4802727,
              22.8911254
            ],
            [
              113.480211,
              22.8910337
            ],
            [
              113.4804127,
              22.8909378
            ],
            [
              113.4804346,
              22.8910498
            ],
            [
              113.4803325,
              22.891057
            ],
            [
              113.4802727,
              22.8911254
            ]
          ],
          [
            [
              113.4765372,
              22.8919703
            ],
            [
              113.4765093,
              22.8919222
            ],
            [
              113.4766745,
              22.8918312
            ],
            [
              113.476703,
              22.8918799
            ],
            [
              113.4765372,
              22.8919703
            ]
          ],
          [
            [
              113.4737724,
              22.8922546
            ],
            [
              113.4737429,
              22.8921974
            ],
            [
              113.473799,
              22.8921585
            ],
            [
              113.4738387,
              22.8922352
            ],
            [
              113.4737724,
              22.8922546
            ]
          ],
          [
            [
              113.4745941,
              22.8912934
            ],
            [
              113.4745604,
              22.8912316
            ],
            [
              113.4746566,
              22.89119
            ],
            [
              113.4746794,
              22.8912315
            ],
            [
              113.4745941,
              22.8912934
            ]
          ],
          [
            [
              113.4779843,
              22.8918151
            ],
            [
              113.4779481,
              22.891694
            ],
            [
              113.4779902,
              22.8916376
            ],
            [
              113.478043,
              22.891786
            ],
            [
              113.4779843,
              22.8918151
            ]
          ],
          [
            [
              113.478881,
              22.8906544
            ],
            [
              113.4788627,
              22.8906263
            ],
            [
              113.4790681,
              22.8905132
            ],
            [
              113.4791054,
              22.8905702
            ],
            [
              113.478881,
              22.8906544
            ]
          ],
          [
            [
              113.4759728,
              22.8938193
            ],
            [
              113.4759478,
              22.8937734
            ],
            [
              113.4759886,
              22.8937567
            ],
            [
              113.4760138,
              22.8938027
            ],
            [
              113.4759728,
              22.8938193
            ]
          ],
          [
            [
              113.4745726,
              22.8944356
            ],
            [
              113.4745829,
              22.8943825
            ],
            [
              113.4746456,
              22.8943571
            ],
            [
              113.474635,
              22.8944106
            ],
            [
              113.4745726,
              22.8944356
            ]
          ],
          [
            [
              113.4737279,
              22.8914975
            ],
            [
              113.473722,
              22.8914483
            ],
            [
              113.473769,
              22.8913846
            ],
            [
              113.4738835,
              22.8914859
            ],
            [
              113.4738398,
              22.8915192
            ],
            [
              113.4738051,
              22.8914917
            ],
            [
              113.4737279,
              22.8914975
            ]
          ],
          [
            [
              113.4777015,
              22.8922599
            ],
            [
              113.4776978,
              22.8921944
            ],
            [
              113.4777573,
              22.8922336
            ],
            [
              113.4777015,
              22.8922599
            ]
          ],
          [
            [
              113.4777695,
              22.892194
            ],
            [
              113.4776829,
              22.8919308
            ],
            [
              113.4776792,
              22.8918645
            ],
            [
              113.4777352,
              22.8918363
            ],
            [
              113.4777991,
              22.8919414
            ],
            [
              113.4777781,
              22.8920881
            ],
            [
              113.4778259,
              22.8921672
            ],
            [
              113.4777695,
              22.892194
            ]
          ],
          [
            [
              113.4769099,
              22.8935611
            ],
            [
              113.4768678,
              22.893487
            ],
            [
              113.4769157,
              22.8934677
            ],
            [
              113.476958,
              22.8935421
            ],
            [
              113.4769099,
              22.8935611
            ]
          ],
          [
            [
              113.4763099,
              22.8912074
            ],
            [
              113.4762871,
              22.8912216
            ],
            [
              113.4762733,
              22.891198
            ],
            [
              113.4762961,
              22.8911837
            ],
            [
              113.4763099,
              22.8912074
            ]
          ],
          [
            [
              113.475789,
              22.8941951
            ],
            [
              113.4757647,
              22.89415
            ],
            [
              113.4758039,
              22.894135
            ],
            [
              113.4758283,
              22.8941803
            ],
            [
              113.475789,
              22.8941951
            ]
          ],
          [
            [
              113.4774243,
              22.8913841
            ],
            [
              113.4773777,
              22.8913073
            ],
            [
              113.4775023,
              22.8912719
            ],
            [
              113.4775495,
              22.8913494
            ],
            [
              113.4774243,
              22.8913841
            ]
          ],
          [
            [
              113.4766201,
              22.8937051
            ],
            [
              113.476593,
              22.8936568
            ],
            [
              113.4767775,
              22.8935834
            ],
            [
              113.4768052,
              22.8936324
            ],
            [
              113.4767351,
              22.89366
            ],
            [
              113.4767489,
              22.8936844
            ],
            [
              113.4766201,
              22.8937051
            ]
          ],
          [
            [
              113.4776641,
              22.8915981
            ],
            [
              113.4776166,
              22.89152
            ],
            [
              113.4776725,
              22.8914901
            ],
            [
              113.4776406,
              22.891438
            ],
            [
              113.4777946,
              22.8913199
            ],
            [
              113.477827,
              22.8913725
            ],
            [
              113.4777858,
              22.8914296
            ],
            [
              113.4778505,
              22.891535
            ],
            [
              113.4777969,
              22.8916325
            ],
            [
              113.4778703,
              22.8916292
            ],
            [
              113.4778902,
              22.8917234
            ],
            [
              113.4778327,
              22.8917525
            ],
            [
              113.477813,
              22.8916588
            ],
            [
              113.4777401,
              22.8916619
            ],
            [
              113.4776922,
              22.8915834
            ],
            [
              113.4776641,
              22.8915981
            ]
          ],
          [
            [
              113.4750975,
              22.8937034
            ],
            [
              113.4751037,
              22.8936741
            ],
            [
              113.4750412,
              22.8935968
            ],
            [
              113.4751287,
              22.8935562
            ],
            [
              113.4751515,
              22.8935991
            ],
            [
              113.4751326,
              22.8936875
            ],
            [
              113.4750975,
              22.8937034
            ]
          ],
          [
            [
              113.4778935,
              22.8923392
            ],
            [
              113.4778615,
              22.8922862
            ],
            [
              113.4779186,
              22.8922597
            ],
            [
              113.4780411,
              22.8923399
            ],
            [
              113.4778935,
              22.8923392
            ]
          ],
          [
            [
              113.4743629,
              22.8932838
            ],
            [
              113.4743367,
              22.8931955
            ],
            [
              113.4743829,
              22.8931705
            ],
            [
              113.4744193,
              22.8932023
            ],
            [
              113.4743879,
              22.8931419
            ],
            [
              113.4744712,
              22.8930705
            ],
            [
              113.4744872,
              22.8931399
            ],
            [
              113.4743629,
              22.8932838
            ]
          ],
          [
            [
              113.4794198,
              22.8901604
            ],
            [
              113.4793618,
              22.8900735
            ],
            [
              113.4793982,
              22.8900527
            ],
            [
              113.4794933,
              22.8901191
            ],
            [
              113.4794198,
              22.8901604
            ]
          ],
          [
            [
              113.477856,
              22.8919132
            ],
            [
              113.4778239,
              22.8918604
            ],
            [
              113.477865,
              22.8918054
            ],
            [
              113.477856,
              22.8919132
            ]
          ],
          [
            [
              113.4794881,
              22.8913004
            ],
            [
              113.4794287,
              22.8911366
            ],
            [
              113.4795183,
              22.8910536
            ],
            [
              113.4795936,
              22.8910942
            ],
            [
              113.4795203,
              22.8911302
            ],
            [
              113.4795781,
              22.8912183
            ],
            [
              113.4794881,
              22.8913004
            ]
          ],
          [
            [
              113.4774866,
              22.8914869
            ],
            [
              113.4775772,
              22.8913341
            ],
            [
              113.4777176,
              22.8912568
            ],
            [
              113.4777498,
              22.8913092
            ],
            [
              113.4776368,
              22.8913708
            ],
            [
              113.4776007,
              22.891494
            ],
            [
              113.4775454,
              22.8915238
            ],
            [
              113.4774866,
              22.8914869
            ]
          ],
          [
            [
              113.4766058,
              22.8894482
            ],
            [
              113.4765762,
              22.8894
            ],
            [
              113.476626,
              22.8893619
            ],
            [
              113.4766558,
              22.8894103
            ],
            [
              113.4766058,
              22.8894482
            ]
          ],
          [
            [
              113.4779247,
              22.8915312
            ],
            [
              113.4778595,
              22.8914253
            ],
            [
              113.4778559,
              22.8913571
            ],
            [
              113.477914,
              22.8913259
            ],
            [
              113.4779796,
              22.8914321
            ],
            [
              113.4779503,
              22.8914476
            ],
            [
              113.4780126,
              22.8914855
            ],
            [
              113.4779247,
              22.8915312
            ]
          ],
          [
            [
              113.4786605,
              22.8902445
            ],
            [
              113.4785887,
              22.8901339
            ],
            [
              113.4786697,
              22.8900469
            ],
            [
              113.478724,
              22.8901302
            ],
            [
              113.4786575,
              22.8901696
            ],
            [
              113.4786605,
              22.8902445
            ]
          ],
          [
            [
              113.4778793,
              22.8920734
            ],
            [
              113.4778311,
              22.8919941
            ],
            [
              113.4779297,
              22.8919114
            ],
            [
              113.4779657,
              22.8920319
            ],
            [
              113.4778793,
              22.8920734
            ]
          ],
          [
            [
              113.4770963,
              22.891599
            ],
            [
              113.4770217,
              22.891474
            ],
            [
              113.4770878,
              22.8914701
            ],
            [
              113.477028,
              22.8913701
            ],
            [
              113.4770643,
              22.8913157
            ],
            [
              113.4772413,
              22.8915528
            ],
            [
              113.4770963,
              22.891599
            ]
          ],
          [
            [
              113.4791117,
              22.8912932
            ],
            [
              113.4790381,
              22.8911789
            ],
            [
              113.4791068,
              22.8911443
            ],
            [
              113.4791624,
              22.8912302
            ],
            [
              113.4791117,
              22.8912932
            ]
          ],
          [
            [
              113.4749791,
              22.8935201
            ],
            [
              113.4749627,
              22.8934485
            ],
            [
              113.4750431,
              22.8934363
            ],
            [
              113.4750657,
              22.8934789
            ],
            [
              113.4749791,
              22.8935201
            ]
          ],
          [
            [
              113.4796908,
              22.8912419
            ],
            [
              113.4796499,
              22.8911056
            ],
            [
              113.4797817,
              22.8910806
            ],
            [
              113.479841,
              22.8911702
            ],
            [
              113.4796908,
              22.8912419
            ]
          ],
          [
            [
              113.4749143,
              22.894425
            ],
            [
              113.474871,
              22.8943414
            ],
            [
              113.4749207,
              22.8943216
            ],
            [
              113.4749425,
              22.8943636
            ],
            [
              113.4749928,
              22.8943438
            ],
            [
              113.4750258,
              22.8944072
            ],
            [
              113.4749143,
              22.894425
            ]
          ],
          [
            [
              113.4760078,
              22.8919238
            ],
            [
              113.4760209,
              22.8919469
            ],
            [
              113.4759995,
              22.8919592
            ],
            [
              113.4759864,
              22.8919361
            ],
            [
              113.4760078,
              22.8919238
            ]
          ],
          [
            [
              113.4778704,
              22.8921801
            ],
            [
              113.4778383,
              22.8921272
            ],
            [
              113.4778954,
              22.8920999
            ],
            [
              113.4779277,
              22.892153
            ],
            [
              113.4778704,
              22.8921801
            ]
          ],
          [
            [
              113.4753257,
              22.894422
            ],
            [
              113.4753029,
              22.8943786
            ],
            [
              113.4753387,
              22.8943651
            ],
            [
              113.4753158,
              22.8943216
            ],
            [
              113.4753584,
              22.8942791
            ],
            [
              113.4753996,
              22.8943159
            ],
            [
              113.475416,
              22.8943883
            ],
            [
              113.4754094,
              22.894417
            ],
            [
              113.4753257,
              22.894422
            ]
          ],
          [
            [
              113.4774114,
              22.8906974
            ],
            [
              113.4773799,
              22.8906463
            ],
            [
              113.4774348,
              22.8906125
            ],
            [
              113.4774665,
              22.8906638
            ],
            [
              113.4774114,
              22.8906974
            ]
          ],
          [
            [
              113.4766998,
              22.8933445
            ],
            [
              113.4766774,
              22.893203
            ],
            [
              113.4767241,
              22.8931828
            ],
            [
              113.4767615,
              22.893197
            ],
            [
              113.4767797,
              22.8932806
            ],
            [
              113.4766998,
              22.8933445
            ]
          ],
          [
            [
              113.4745724,
              22.8938399
            ],
            [
              113.4745514,
              22.8937992
            ],
            [
              113.4745829,
              22.8937845
            ],
            [
              113.474604,
              22.8938253
            ],
            [
              113.4745724,
              22.8938399
            ]
          ],
          [
            [
              113.479499,
              22.8910243
            ],
            [
              113.4794393,
              22.8908598
            ],
            [
              113.4795294,
              22.8907744
            ],
            [
              113.4795682,
              22.890833
            ],
            [
              113.4796423,
              22.8907953
            ],
            [
              113.4796638,
              22.8909027
            ],
            [
              113.4795702,
              22.8909105
            ],
            [
              113.4796091,
              22.8909693
            ],
            [
              113.479499,
              22.8910243
            ]
          ],
          [
            [
              113.4746244,
              22.8945373
            ],
            [
              113.4746193,
              22.8944904
            ],
            [
              113.4746717,
              22.8944452
            ],
            [
              113.4746716,
              22.894519
            ],
            [
              113.4746244,
              22.8945373
            ]
          ],
          [
            [
              113.4779022,
              22.8927723
            ],
            [
              113.4779181,
              22.8927989
            ],
            [
              113.4778898,
              22.8928109
            ],
            [
              113.4778739,
              22.8927843
            ],
            [
              113.4779022,
              22.8927723
            ]
          ],
          [
            [
              113.4745934,
              22.8938807
            ],
            [
              113.4746093,
              22.8938735
            ],
            [
              113.4746198,
              22.8938939
            ],
            [
              113.474604,
              22.8939011
            ],
            [
              113.4745934,
              22.8938807
            ]
          ],
          [
            [
              113.4749191,
              22.8938877
            ],
            [
              113.4748971,
              22.8938457
            ],
            [
              113.4749595,
              22.8937657
            ],
            [
              113.4749374,
              22.8937236
            ],
            [
              113.4749997,
              22.8937214
            ],
            [
              113.4750108,
              22.8937425
            ],
            [
              113.4749595,
              22.8937657
            ],
            [
              113.4749639,
              22.8938939
            ],
            [
              113.4749191,
              22.8938877
            ]
          ],
          [
            [
              113.4743762,
              22.8938315
            ],
            [
              113.4743709,
              22.8937843
            ],
            [
              113.4744066,
              22.8938171
            ],
            [
              113.4743762,
              22.8938315
            ]
          ],
          [
            [
              113.4762463,
              22.8931846
            ],
            [
              113.4761807,
              22.8930673
            ],
            [
              113.4762456,
              22.8930371
            ],
            [
              113.4763117,
              22.8931551
            ],
            [
              113.4762463,
              22.8931846
            ]
          ],
          [
            [
              113.4769449,
              22.8911166
            ],
            [
              113.4769004,
              22.8910423
            ],
            [
              113.4769616,
              22.8909713
            ],
            [
              113.4769915,
              22.891021
            ],
            [
              113.4769449,
              22.8911166
            ]
          ],
          [
            [
              113.4746666,
              22.894398
            ],
            [
              113.4746824,
              22.8943917
            ],
            [
              113.4746929,
              22.8944122
            ],
            [
              113.4746771,
              22.8944185
            ],
            [
              113.4746666,
              22.894398
            ]
          ],
          [
            [
              113.4755439,
              22.8931676
            ],
            [
              113.475556,
              22.8931899
            ],
            [
              113.4755368,
              22.8931991
            ],
            [
              113.4755247,
              22.8931769
            ],
            [
              113.4755439,
              22.8931676
            ]
          ],
          [
            [
              113.4768947,
              22.8905697
            ],
            [
              113.4768499,
              22.8904958
            ],
            [
              113.4769521,
              22.890429
            ],
            [
              113.4769974,
              22.8905034
            ],
            [
              113.4768947,
              22.8905697
            ]
          ],
          [
            [
              113.4752786,
              22.8944136
            ],
            [
              113.4752964,
              22.894407
            ],
            [
              113.4753078,
              22.8944286
            ],
            [
              113.47529,
              22.8944353
            ],
            [
              113.4752786,
              22.8944136
            ]
          ],
          [
            [
              113.4761733,
              22.8896054
            ],
            [
              113.476131,
              22.8895353
            ],
            [
              113.4761541,
              22.8895173
            ],
            [
              113.4761965,
              22.8895874
            ],
            [
              113.4761733,
              22.8896054
            ]
          ],
          [
            [
              113.4745454,
              22.8930561
            ],
            [
              113.474524,
              22.8930153
            ],
            [
              113.474556,
              22.8929977
            ],
            [
              113.4745775,
              22.8930386
            ],
            [
              113.4745454,
              22.8930561
            ]
          ],
          [
            [
              113.4745259,
              22.8942342
            ],
            [
              113.4745052,
              22.8941938
            ],
            [
              113.4745569,
              22.8941469
            ],
            [
              113.4745569,
              22.8942211
            ],
            [
              113.4745259,
              22.8942342
            ]
          ],
          [
            [
              113.4779625,
              22.8928135
            ],
            [
              113.4779306,
              22.8927602
            ],
            [
              113.4779877,
              22.8927359
            ],
            [
              113.4780198,
              22.8927894
            ],
            [
              113.4779625,
              22.8928135
            ]
          ],
          [
            [
              113.4752174,
              22.8938888
            ],
            [
              113.4751946,
              22.8938457
            ],
            [
              113.4752481,
              22.8938225
            ],
            [
              113.4752174,
              22.8938888
            ]
          ],
          [
            [
              113.4766075,
              22.8933834
            ],
            [
              113.4766031,
              22.8933253
            ],
            [
              113.4766491,
              22.8933057
            ],
            [
              113.4766766,
              22.8933543
            ],
            [
              113.4766075,
              22.8933834
            ]
          ],
          [
            [
              113.477039,
              22.8932639
            ],
            [
              113.4770103,
              22.893214
            ],
            [
              113.4770451,
              22.8931683
            ],
            [
              113.4770987,
              22.8932079
            ],
            [
              113.477039,
              22.8932639
            ]
          ],
          [
            [
              113.4770365,
              22.8910957
            ],
            [
              113.4770322,
              22.8910305
            ],
            [
              113.4770839,
              22.8909994
            ],
            [
              113.4771707,
              22.8910843
            ],
            [
              113.4771142,
              22.8910495
            ],
            [
              113.4770365,
              22.8910957
            ]
          ],
          [
            [
              113.4777712,
              22.890333
            ],
            [
              113.4777383,
              22.8902807
            ],
            [
              113.4777966,
              22.8902442
            ],
            [
              113.4778297,
              22.8902967
            ],
            [
              113.4777712,
              22.890333
            ]
          ],
          [
            [
              113.4797204,
              22.8900729
            ],
            [
              113.4795813,
              22.8898673
            ],
            [
              113.4796189,
              22.8898456
            ],
            [
              113.4797969,
              22.8900304
            ],
            [
              113.4797204,
              22.8900729
            ]
          ],
          [
            [
              113.4777963,
              22.8924175
            ],
            [
              113.4778367,
              22.8923653
            ],
            [
              113.4778686,
              22.8924182
            ],
            [
              113.4777963,
              22.8924175
            ]
          ],
          [
            [
              113.4774745,
              22.8908
            ],
            [
              113.4774429,
              22.8907486
            ],
            [
              113.4774982,
              22.8907152
            ],
            [
              113.4775301,
              22.8907667
            ],
            [
              113.4774745,
              22.8908
            ]
          ],
          [
            [
              113.4738348,
              22.8927753
            ],
            [
              113.4738152,
              22.892737
            ],
            [
              113.4738671,
              22.8927299
            ],
            [
              113.473877,
              22.8927491
            ],
            [
              113.4738348,
              22.8927753
            ]
          ],
          [
            [
              113.4738032,
              22.8921296
            ],
            [
              113.4737974,
              22.8920814
            ],
            [
              113.4738316,
              22.8921098
            ],
            [
              113.4738032,
              22.8921296
            ]
          ],
          [
            [
              113.4782307,
              22.8931401
            ],
            [
              113.478247,
              22.8931673
            ],
            [
              113.4782175,
              22.8931786
            ],
            [
              113.4782012,
              22.8931515
            ],
            [
              113.4782307,
              22.8931401
            ]
          ],
          [
            [
              113.4781454,
              22.8920153
            ],
            [
              113.478162,
              22.8920423
            ],
            [
              113.4781322,
              22.8920564
            ],
            [
              113.4781157,
              22.8920294
            ],
            [
              113.4781454,
              22.8920153
            ]
          ],
          [
            [
              113.4782378,
              22.8926636
            ],
            [
              113.4782048,
              22.8926093
            ],
            [
              113.4782644,
              22.8925838
            ],
            [
              113.4782976,
              22.8926383
            ],
            [
              113.4782378,
              22.8926636
            ]
          ],
          [
            [
              113.4797531,
              22.8898095
            ],
            [
              113.4797129,
              22.8897505
            ],
            [
              113.4798488,
              22.8897133
            ],
            [
              113.4798692,
              22.889743
            ],
            [
              113.4797531,
              22.8898095
            ]
          ],
          [
            [
              113.4737642,
              22.8923118
            ],
            [
              113.4737781,
              22.8923023
            ],
            [
              113.473788,
              22.8923214
            ],
            [
              113.473774,
              22.8923308
            ],
            [
              113.4737642,
              22.8923118
            ]
          ],
          [
            [
              113.4755487,
              22.8939642
            ],
            [
              113.4755606,
              22.8939863
            ],
            [
              113.4755417,
              22.893994
            ],
            [
              113.4755299,
              22.8939718
            ],
            [
              113.4755487,
              22.8939642
            ]
          ],
          [
            [
              113.4769016,
              22.8914425
            ],
            [
              113.4768972,
              22.8913787
            ],
            [
              113.4769518,
              22.8914138
            ],
            [
              113.4769016,
              22.8914425
            ]
          ]
        ]
      }
    },
    {
      "type": "Feature",
      "id": "registered-render/ground-or-roof-unclassified/2",
      "properties": {
        "featureClass": "walkableSurfaceCandidate",
        "surfaceClass": "ground-or-roof-unclassified",
        "surface": "concrete",
        "level": "unknown",
        "coordinateSpace": "WGS84",
        "origin": "top-left",
        "evidence": "cement-color-and-visible-planarity",
        "verificationStatus": "image-derived-unverified",
        "routingEnabled": false,
        "pixelAreaApprox": 288,
        "registrationModel": "projective-homography",
        "registrationStatus": "control-fit-accepted-review-pending"
      },
      "geometry": {
        "type": "Polygon",
        "coordinates": [
          [
            [
              113.4775968,
              22.8935763
            ],
            [
              113.4776924,
              22.8935726
            ],
            [
              113.4776816,
              22.8933849
            ],
            [
              113.4776009,
              22.893416
            ],
            [
              113.4775665,
              22.8935244
            ],
            [
              113.4775968,
              22.8935763
            ]
          ]
        ]
      }
    },
    {
      "type": "Feature",
      "id": "registered-render/ground-or-roof-unclassified/3",
      "properties": {
        "featureClass": "walkableSurfaceCandidate",
        "surfaceClass": "ground-or-roof-unclassified",
        "surface": "concrete",
        "level": "unknown",
        "coordinateSpace": "WGS84",
        "origin": "top-left",
        "evidence": "cement-color-and-visible-planarity",
        "verificationStatus": "image-derived-unverified",
        "routingEnabled": false,
        "pixelAreaApprox": 720,
        "registrationModel": "projective-homography",
        "registrationStatus": "control-fit-accepted-review-pending"
      },
      "geometry": {
        "type": "Polygon",
        "coordinates": [
          [
            [
              113.478577,
              22.8929715
            ],
            [
              113.478688,
              22.8929629
            ],
            [
              113.4787396,
              22.893047
            ],
            [
              113.4787107,
              22.8931271
            ],
            [
              113.4788555,
              22.8931076
            ],
            [
              113.4787714,
              22.893035
            ],
            [
              113.4789627,
              22.8928918
            ],
            [
              113.4789931,
              22.8928092
            ],
            [
              113.4792119,
              22.8927599
            ],
            [
              113.4792096,
              22.8926887
            ],
            [
              113.4789425,
              22.8927936
            ],
            [
              113.4789124,
              22.8928759
            ],
            [
              113.4787196,
              22.8929506
            ],
            [
              113.4785882,
              22.8928635
            ],
            [
              113.4785431,
              22.8929159
            ],
            [
              113.478577,
              22.8929715
            ]
          ]
        ]
      }
    },
    {
      "type": "Feature",
      "id": "registered-render/ground-or-roof-unclassified/4",
      "properties": {
        "featureClass": "walkableSurfaceCandidate",
        "surfaceClass": "ground-or-roof-unclassified",
        "surface": "concrete",
        "level": "unknown",
        "coordinateSpace": "WGS84",
        "origin": "top-left",
        "evidence": "cement-color-and-visible-planarity",
        "verificationStatus": "image-derived-unverified",
        "routingEnabled": false,
        "pixelAreaApprox": 224,
        "registrationModel": "projective-homography",
        "registrationStatus": "control-fit-accepted-review-pending"
      },
      "geometry": {
        "type": "Polygon",
        "coordinates": [
          [
            [
              113.4779299,
              22.8932893
            ],
            [
              113.4780849,
              22.8931965
            ],
            [
              113.4780688,
              22.8931696
            ],
            [
              113.4779796,
              22.8931385
            ],
            [
              113.4778949,
              22.893172
            ],
            [
              113.4779299,
              22.8932893
            ]
          ]
        ]
      }
    },
    {
      "type": "Feature",
      "id": "registered-render/ground-or-roof-unclassified/5",
      "properties": {
        "featureClass": "walkableSurfaceCandidate",
        "surfaceClass": "ground-or-roof-unclassified",
        "surface": "concrete",
        "level": "unknown",
        "coordinateSpace": "WGS84",
        "origin": "top-left",
        "evidence": "cement-color-and-visible-planarity",
        "verificationStatus": "image-derived-unverified",
        "routingEnabled": false,
        "pixelAreaApprox": 192,
        "registrationModel": "projective-homography",
        "registrationStatus": "control-fit-accepted-review-pending"
      },
      "geometry": {
        "type": "Polygon",
        "coordinates": [
          [
            [
              113.4742937,
              22.894212
            ],
            [
              113.4744387,
              22.8941733
            ],
            [
              113.4744285,
              22.8941532
            ],
            [
              113.4743132,
              22.8941792
            ],
            [
              113.4743032,
              22.8941594
            ],
            [
              113.4742736,
              22.8941725
            ],
            [
              113.4742937,
              22.894212
            ]
          ]
        ]
      }
    },
    {
      "type": "Feature",
      "id": "registered-render/ground-or-roof-unclassified/6",
      "properties": {
        "featureClass": "walkableSurfaceCandidate",
        "surfaceClass": "ground-or-roof-unclassified",
        "surface": "concrete",
        "level": "unknown",
        "coordinateSpace": "WGS84",
        "origin": "top-left",
        "evidence": "cement-color-and-visible-planarity",
        "verificationStatus": "image-derived-unverified",
        "routingEnabled": false,
        "pixelAreaApprox": 208,
        "registrationModel": "projective-homography",
        "registrationStatus": "control-fit-accepted-review-pending"
      },
      "geometry": {
        "type": "Polygon",
        "coordinates": [
          [
            [
              113.4744598,
              22.8928146
            ],
            [
              113.4744969,
              22.8927667
            ],
            [
              113.4744755,
              22.8927261
            ],
            [
              113.4744912,
              22.8926369
            ],
            [
              113.4744331,
              22.8927244
            ],
            [
              113.4744598,
              22.8928146
            ]
          ]
        ]
      }
    },
    {
      "type": "Feature",
      "id": "registered-render/ground-or-roof-unclassified/7",
      "properties": {
        "featureClass": "walkableSurfaceCandidate",
        "surfaceClass": "ground-or-roof-unclassified",
        "surface": "concrete",
        "level": "unknown",
        "coordinateSpace": "WGS84",
        "origin": "top-left",
        "evidence": "cement-color-and-visible-planarity",
        "verificationStatus": "image-derived-unverified",
        "routingEnabled": false,
        "pixelAreaApprox": 1472,
        "registrationModel": "projective-homography",
        "registrationStatus": "control-fit-accepted-review-pending"
      },
      "geometry": {
        "type": "Polygon",
        "coordinates": [
          [
            [
              113.4744912,
              22.8926369
            ],
            [
              113.4745231,
              22.8924566
            ],
            [
              113.4745015,
              22.8924158
            ],
            [
              113.4745392,
              22.8922838
            ],
            [
              113.4745119,
              22.8921917
            ],
            [
              113.474539,
              22.8921195
            ],
            [
              113.4744954,
              22.8921201
            ],
            [
              113.4744519,
              22.8920386
            ],
            [
              113.474297,
              22.8919504
            ],
            [
              113.4742608,
              22.8920022
            ],
            [
              113.4743133,
              22.8920212
            ],
            [
              113.4743296,
              22.8920919
            ],
            [
              113.4742614,
              22.892083
            ],
            [
              113.474241,
              22.8921236
            ],
            [
              113.4742982,
              22.8921127
            ],
            [
              113.4743195,
              22.8921528
            ],
            [
              113.474351,
              22.8921322
            ],
            [
              113.4744257,
              22.8921923
            ],
            [
              113.4744578,
              22.8921717
            ],
            [
              113.4745011,
              22.8922531
            ],
            [
              113.4744693,
              22.8924356
            ],
            [
              113.4744909,
              22.8924763
            ],
            [
              113.4744588,
              22.8924958
            ],
            [
              113.4744803,
              22.8925364
            ],
            [
              113.4744591,
              22.892576
            ],
            [
              113.4744912,
              22.8926369
            ]
          ],
          [
            [
              113.4743668,
              22.8921218
            ],
            [
              113.4743454,
              22.8920815
            ],
            [
              113.4743822,
              22.8920299
            ],
            [
              113.4744631,
              22.892141
            ],
            [
              113.4744309,
              22.8921618
            ],
            [
              113.4744093,
              22.8921212
            ],
            [
              113.4743668,
              22.8921218
            ]
          ]
        ]
      }
    },
    {
      "type": "Feature",
      "id": "registered-render/ground-or-roof-unclassified/8",
      "properties": {
        "featureClass": "walkableSurfaceCandidate",
        "surfaceClass": "ground-or-roof-unclassified",
        "surface": "concrete",
        "level": "unknown",
        "coordinateSpace": "WGS84",
        "origin": "top-left",
        "evidence": "cement-color-and-visible-planarity",
        "verificationStatus": "image-derived-unverified",
        "routingEnabled": false,
        "pixelAreaApprox": 320,
        "registrationModel": "projective-homography",
        "registrationStatus": "control-fit-accepted-review-pending"
      },
      "geometry": {
        "type": "Polygon",
        "coordinates": [
          [
            [
              113.4740755,
              22.8927292
            ],
            [
              113.4741051,
              22.8927113
            ],
            [
              113.4740791,
              22.8926237
            ],
            [
              113.4741087,
              22.8926053
            ],
            [
              113.4740883,
              22.8925661
            ],
            [
              113.4741078,
              22.8925278
            ],
            [
              113.4740771,
              22.8924689
            ],
            [
              113.4740577,
              22.8925073
            ],
            [
              113.4740781,
              22.8925465
            ],
            [
              113.4740486,
              22.892565
            ],
            [
              113.4740755,
              22.8927292
            ]
          ]
        ]
      }
    },
    {
      "type": "Feature",
      "id": "registered-render/ground-or-roof-unclassified/9",
      "properties": {
        "featureClass": "walkableSurfaceCandidate",
        "surfaceClass": "ground-or-roof-unclassified",
        "surface": "concrete",
        "level": "unknown",
        "coordinateSpace": "WGS84",
        "origin": "top-left",
        "evidence": "cement-color-and-visible-planarity",
        "verificationStatus": "image-derived-unverified",
        "routingEnabled": false,
        "pixelAreaApprox": 144,
        "registrationModel": "projective-homography",
        "registrationStatus": "control-fit-accepted-review-pending"
      },
      "geometry": {
        "type": "Polygon",
        "coordinates": [
          [
            [
              113.4756596,
              22.8907117
            ],
            [
              113.4757274,
              22.8907274
            ],
            [
              113.4757776,
              22.8906602
            ],
            [
              113.4757644,
              22.8906375
            ],
            [
              113.4757013,
              22.8906822
            ],
            [
              113.4756544,
              22.8906519
            ],
            [
              113.4756596,
              22.8907117
            ]
          ]
        ]
      }
    },
    {
      "type": "Feature",
      "id": "registered-render/ground-or-roof-unclassified/10",
      "properties": {
        "featureClass": "walkableSurfaceCandidate",
        "surfaceClass": "ground-or-roof-unclassified",
        "surface": "concrete",
        "level": "unknown",
        "coordinateSpace": "WGS84",
        "origin": "top-left",
        "evidence": "cement-color-and-visible-planarity",
        "verificationStatus": "image-derived-unverified",
        "routingEnabled": false,
        "pixelAreaApprox": 432,
        "registrationModel": "projective-homography",
        "registrationStatus": "control-fit-accepted-review-pending"
      },
      "geometry": {
        "type": "Polygon",
        "coordinates": [
          [
            [
              113.4790193,
              22.8879573
            ],
            [
              113.4792392,
              22.8877958
            ],
            [
              113.4791772,
              22.8876271
            ],
            [
              113.4789391,
              22.8877632
            ],
            [
              113.4790892,
              22.887821
            ],
            [
              113.4789806,
              22.8879014
            ],
            [
              113.4790193,
              22.8879573
            ]
          ]
        ]
      }
    },
    {
      "type": "Feature",
      "id": "registered-render/ground-or-roof-unclassified/11",
      "properties": {
        "featureClass": "walkableSurfaceCandidate",
        "surfaceClass": "ground-or-roof-unclassified",
        "surface": "concrete",
        "level": "unknown",
        "coordinateSpace": "WGS84",
        "origin": "top-left",
        "evidence": "cement-color-and-visible-planarity",
        "verificationStatus": "image-derived-unverified",
        "routingEnabled": false,
        "pixelAreaApprox": 176,
        "registrationModel": "projective-homography",
        "registrationStatus": "control-fit-accepted-review-pending"
      },
      "geometry": {
        "type": "Polygon",
        "coordinates": [
          [
            [
              113.4786085,
              22.8880533
            ],
            [
              113.4786771,
              22.8880019
            ],
            [
              113.4787524,
              22.8881119
            ],
            [
              113.4788222,
              22.8880604
            ],
            [
              113.4788003,
              22.8879514
            ],
            [
              113.4787305,
              22.8880035
            ],
            [
              113.4786928,
              22.8879486
            ],
            [
              113.4785899,
              22.888026
            ],
            [
              113.4786085,
              22.8880533
            ]
          ]
        ]
      }
    },
    {
      "type": "Feature",
      "id": "registered-render/ground-or-roof-unclassified/12",
      "properties": {
        "featureClass": "walkableSurfaceCandidate",
        "surfaceClass": "ground-or-roof-unclassified",
        "surface": "concrete",
        "level": "unknown",
        "coordinateSpace": "WGS84",
        "origin": "top-left",
        "evidence": "cement-color-and-visible-planarity",
        "verificationStatus": "image-derived-unverified",
        "routingEnabled": false,
        "pixelAreaApprox": 304,
        "registrationModel": "projective-homography",
        "registrationStatus": "control-fit-accepted-review-pending"
      },
      "geometry": {
        "type": "Polygon",
        "coordinates": [
          [
            [
              113.4734748,
              22.8918231
            ],
            [
              113.47354,
              22.8918775
            ],
            [
              113.4734956,
              22.8917553
            ],
            [
              113.4735032,
              22.8916974
            ],
            [
              113.4734365,
              22.8917488
            ],
            [
              113.4734593,
              22.8917572
            ],
            [
              113.4734748,
              22.8918231
            ]
          ]
        ]
      }
    },
    {
      "type": "Feature",
      "id": "registered-render/ground-or-roof-unclassified/13",
      "properties": {
        "featureClass": "walkableSurfaceCandidate",
        "surfaceClass": "ground-or-roof-unclassified",
        "surface": "concrete",
        "level": "unknown",
        "coordinateSpace": "WGS84",
        "origin": "top-left",
        "evidence": "cement-color-and-visible-planarity",
        "verificationStatus": "image-derived-unverified",
        "routingEnabled": false,
        "pixelAreaApprox": 144,
        "registrationModel": "projective-homography",
        "registrationStatus": "control-fit-accepted-review-pending"
      },
      "geometry": {
        "type": "Polygon",
        "coordinates": [
          [
            [
              113.4791945,
              22.8875711
            ],
            [
              113.4794231,
              22.8874865
            ],
            [
              113.4793826,
              22.8874296
            ],
            [
              113.4791919,
              22.8874867
            ],
            [
              113.4791945,
              22.8875711
            ]
          ]
        ]
      }
    },
    {
      "type": "Feature",
      "id": "registered-render/ground-or-roof-unclassified/14",
      "properties": {
        "featureClass": "walkableSurfaceCandidate",
        "surfaceClass": "ground-or-roof-unclassified",
        "surface": "concrete",
        "level": "unknown",
        "coordinateSpace": "WGS84",
        "origin": "top-left",
        "evidence": "cement-color-and-visible-planarity",
        "verificationStatus": "image-derived-unverified",
        "routingEnabled": false,
        "pixelAreaApprox": 368,
        "registrationModel": "projective-homography",
        "registrationStatus": "control-fit-accepted-review-pending"
      },
      "geometry": {
        "type": "Polygon",
        "coordinates": [
          [
            [
              113.4756541,
              22.8901376
            ],
            [
              113.4757175,
              22.8900893
            ],
            [
              113.4757123,
              22.8900278
            ],
            [
              113.4758362,
              22.8898662
            ],
            [
              113.4758832,
              22.8897294
            ],
            [
              113.475766,
              22.8898543
            ],
            [
              113.4756488,
              22.8900765
            ],
            [
              113.4756541,
              22.8901376
            ]
          ]
        ]
      }
    }
  ]
}
