{
  "type": "FeatureCollection",
  "schemaVersion": "1.0",
  "name": "HKUST(GZ) rendered concrete walkable surface candidates",
  "coordinateSpace": "normalized-image",
  "sourceImage": "微信图片_2026-08-13_172033_970.jpg",
  "sourceImageSha256": "f989f29592ed5b9b3a3c98ac58a2fcb6f41afb765250676ceb24e9d9549f3a93",
  "sourceImageSize": [
    2351,
    1280
  ],
  "processedImageSize": [
    1176,
    640
  ],
  "disclaimer": "Color and visible planarity identify candidates only. Access, load capacity, edge protection, elevation and vertical connections require field or model verification before routing.",
  "reviewRequired": [
    "separate-ground-roof-and-facade",
    "register-image-coordinates-to-WGS84",
    "add-verified-vertical-connectors",
    "field-or-source-model-verification"
  ],
  "features": [
    {
      "type": "Feature",
      "id": "render/ground-or-roof-unclassified/1",
      "properties": {
        "featureClass": "walkableSurfaceCandidate",
        "surfaceClass": "ground-or-roof-unclassified",
        "surface": "concrete",
        "level": "unknown",
        "coordinateSpace": "normalized-image",
        "origin": "top-left",
        "evidence": "cement-color-and-visible-planarity",
        "verificationStatus": "image-derived-unverified",
        "routingEnabled": false,
        "pixelAreaApprox": 450256
      },
      "geometry": {
        "type": "Polygon",
        "coordinates": [
          [
            [
              0.0,
              0.0125
            ],
            [
              0.054422,
              0.0125
            ],
            [
              0.054422,
              0.0
            ],
            [
              0.836735,
              0.0
            ],
            [
              0.870748,
              0.03125
            ],
            [
              0.87415,
              0.04375
            ],
            [
              0.914966,
              0.08125
            ],
            [
              0.918367,
              0.09375
            ],
            [
              0.92517,
              0.09375
            ],
            [
              0.928571,
              0.10625
            ],
            [
              0.935374,
              0.10625
            ],
            [
              0.938776,
              0.11875
            ],
            [
              0.965986,
              0.14375
            ],
            [
              0.972789,
              0.1625
            ],
            [
              0.979592,
              0.1625
            ],
            [
              0.986395,
              0.18125
            ],
            [
              0.993197,
              0.18125
            ],
            [
              1.0,
              0.19375
            ],
            [
              0.996599,
              0.20625
            ],
            [
              1.0,
              0.2375
            ],
            [
              0.986395,
              0.2125
            ],
            [
              0.979592,
              0.2125
            ],
            [
              0.972789,
              0.19375
            ],
            [
              0.962585,
              0.2
            ],
            [
              0.962585,
              0.1875
            ],
            [
              0.955782,
              0.1875
            ],
            [
              0.94898,
              0.1625
            ],
            [
              0.938776,
              0.1625
            ],
            [
              0.938776,
              0.14375
            ],
            [
              0.92517,
              0.1375
            ],
            [
              0.92517,
              0.125
            ],
            [
              0.918367,
              0.125
            ],
            [
              0.914966,
              0.1125
            ],
            [
              0.894558,
              0.1
            ],
            [
              0.894558,
              0.0875
            ],
            [
              0.87415,
              0.075
            ],
            [
              0.870748,
              0.0625
            ],
            [
              0.860544,
              0.0625
            ],
            [
              0.840136,
              0.03125
            ],
            [
              0.823129,
              0.03125
            ],
            [
              0.823129,
              0.025
            ],
            [
              0.819728,
              0.03125
            ],
            [
              0.738095,
              0.03125
            ],
            [
              0.738095,
              0.0375
            ],
            [
              0.707483,
              0.025
            ],
            [
              0.704082,
              0.0375
            ],
            [
              0.680272,
              0.03125
            ],
            [
              0.683673,
              0.05
            ],
            [
              0.676871,
              0.05
            ],
            [
              0.673469,
              0.0375
            ],
            [
              0.659864,
              0.04375
            ],
            [
              0.663265,
              0.03125
            ],
            [
              0.629252,
              0.03125
            ],
            [
              0.619048,
              0.05625
            ],
            [
              0.619048,
              0.06875
            ],
            [
              0.629252,
              0.0625
            ],
            [
              0.622449,
              0.08125
            ],
            [
              0.622449,
              0.1
            ],
            [
              0.632653,
              0.11875
            ],
            [
              0.659864,
              0.1125
            ],
            [
              0.659864,
              0.11875
            ],
            [
              0.731293,
              0.125
            ],
            [
              0.731293,
              0.1125
            ],
            [
              0.738095,
              0.1125
            ],
            [
              0.744898,
              0.125
            ],
            [
              0.778912,
              0.13125
            ],
            [
              0.778912,
              0.175
            ],
            [
              0.785714,
              0.18125
            ],
            [
              0.778912,
              0.18125
            ],
            [
              0.77551,
              0.2
            ],
            [
              0.782313,
              0.2125
            ],
            [
              0.792517,
              0.28125
            ],
            [
              0.79932,
              0.28125
            ],
            [
              0.79932,
              0.2625
            ],
            [
              0.795918,
              0.2625
            ],
            [
              0.785714,
              0.18125
            ],
            [
              0.792517,
              0.18125
            ],
            [
              0.792517,
              0.19375
            ],
            [
              0.802721,
              0.2
            ],
            [
              0.806122,
              0.225
            ],
            [
              0.894558,
              0.19375
            ],
            [
              0.897959,
              0.18125
            ],
            [
              0.908163,
              0.19375
            ],
            [
              0.918367,
              0.23125
            ],
            [
              0.908163,
              0.25
            ],
            [
              0.901361,
              0.25
            ],
            [
              0.897959,
              0.275
            ],
            [
              0.894558,
              0.2625
            ],
            [
              0.887755,
              0.2625
            ],
            [
              0.884354,
              0.275
            ],
            [
              0.891156,
              0.275
            ],
            [
              0.894558,
              0.2875
            ],
            [
              0.891156,
              0.3
            ],
            [
              0.901361,
              0.3
            ],
            [
              0.901361,
              0.2875
            ],
            [
              0.904762,
              0.3
            ],
            [
              0.935374,
              0.29375
            ],
            [
              0.945578,
              0.34375
            ],
            [
              0.921769,
              0.3625
            ],
            [
              0.918367,
              0.375
            ],
            [
              0.870748,
              0.38125
            ],
            [
              0.87415,
              0.41875
            ],
            [
              0.965986,
              0.4125
            ],
            [
              0.979592,
              0.4625
            ],
            [
              0.969388,
              0.475
            ],
            [
              0.955782,
              0.475
            ],
            [
              0.955782,
              0.49375
            ],
            [
              0.952381,
              0.4875
            ],
            [
              0.938776,
              0.49375
            ],
            [
              0.938776,
              0.48125
            ],
            [
              0.884354,
              0.48125
            ],
            [
              0.884354,
              0.49375
            ],
            [
              0.891156,
              0.49375
            ],
            [
              0.897959,
              0.51875
            ],
            [
              0.914966,
              0.51875
            ],
            [
              0.908163,
              0.49375
            ],
            [
              0.928571,
              0.5125
            ],
            [
              0.92517,
              0.4875
            ],
            [
              0.931973,
              0.4875
            ],
            [
              0.931973,
              0.5
            ],
            [
              0.938776,
              0.49375
            ],
            [
              0.938776,
              0.51875
            ],
            [
              0.931973,
              0.51875
            ],
            [
              0.928571,
              0.53125
            ],
            [
              0.938776,
              0.53125
            ],
            [
              0.942177,
              0.51875
            ],
            [
              0.945578,
              0.53125
            ],
            [
              0.962585,
              0.5375
            ],
            [
              0.962585,
              0.51875
            ],
            [
              0.965986,
              0.51875
            ],
            [
              0.969388,
              0.5375
            ],
            [
              1.0,
              0.5375
            ],
            [
              1.0,
              0.60625
            ],
            [
              0.884354,
              0.6
            ],
            [
              0.884354,
              0.59375
            ],
            [
              0.846939,
              0.6
            ],
            [
              0.840136,
              0.59375
            ],
            [
              0.840136,
              0.5625
            ],
            [
              0.843537,
              0.55
            ],
            [
              0.85034,
              0.55
            ],
            [
              0.85034,
              0.5375
            ],
            [
              0.833333,
              0.53125
            ],
            [
              0.829932,
              0.66875
            ],
            [
              0.843537,
              0.675
            ],
            [
              0.846939,
              0.64375
            ],
            [
              0.853741,
              0.6375
            ],
            [
              0.989796,
              0.65
            ],
            [
              0.989796,
              0.675
            ],
            [
              1.0,
              0.675
            ],
            [
              1.0,
              0.8
            ],
            [
              0.85034,
              0.78125
            ],
            [
              0.846939,
              0.69375
            ],
            [
              0.826531,
              0.6875
            ],
            [
              0.823129,
              0.8125
            ],
            [
              0.826531,
              0.81875
            ],
            [
              0.989796,
              0.825
            ],
            [
              1.0,
              0.8375
            ],
            [
              0.935374,
              0.83125
            ],
            [
              0.935374,
              0.825
            ],
            [
              0.914966,
              0.825
            ],
            [
              0.914966,
              0.83125
            ],
            [
              0.897959,
              0.825
            ],
            [
              0.897959,
              0.8375
            ],
            [
              1.0,
              0.85
            ],
            [
              1.0,
              0.8625
            ],
            [
              0.945578,
              0.85625
            ],
            [
              0.945578,
              0.85
            ],
            [
              0.826531,
              0.85
            ],
            [
              0.829932,
              0.91875
            ],
            [
              0.853741,
              0.9375
            ],
            [
              0.857143,
              0.9125
            ],
            [
              0.85034,
              0.90625
            ],
            [
              0.853741,
              0.89375
            ],
            [
              0.840136,
              0.8875
            ],
            [
              0.843537,
              0.875
            ],
            [
              0.846939,
              0.8875
            ],
            [
              0.857143,
              0.8875
            ],
            [
              0.857143,
              0.90625
            ],
            [
              0.877551,
              0.9375
            ],
            [
              0.877551,
              0.94375
            ],
            [
              0.867347,
              0.94375
            ],
            [
              0.870748,
              0.95625
            ],
            [
              0.877551,
              0.95625
            ],
            [
              0.880952,
              0.94375
            ],
            [
              0.884354,
              0.9625
            ],
            [
              0.891156,
              0.95625
            ],
            [
              0.908163,
              0.975
            ],
            [
              0.908163,
              0.9625
            ],
            [
              0.914966,
              0.96875
            ],
            [
              0.92517,
              0.95
            ],
            [
              0.921769,
              0.94375
            ],
            [
              0.92517,
              0.925
            ],
            [
              0.921769,
              0.93125
            ],
            [
              0.911565,
              0.925
            ],
            [
              0.911565,
              0.90625
            ],
            [
              0.914966,
              0.90625
            ],
            [
              0.914966,
              0.91875
            ],
            [
              0.928571,
              0.91875
            ],
            [
              0.938776,
              0.95
            ],
            [
              0.92517,
              0.9625
            ],
            [
              0.921769,
              0.98125
            ],
            [
              0.942177,
              0.975
            ],
            [
              0.938776,
              0.95625
            ],
            [
              0.952381,
              0.96875
            ],
            [
              0.959184,
              0.95625
            ],
            [
              0.952381,
              0.93125
            ],
            [
              0.962585,
              0.93125
            ],
            [
              0.969388,
              0.95625
            ],
            [
              0.94898,
              0.975
            ],
            [
              0.94898,
              0.9875
            ],
            [
              0.979592,
              0.9875
            ],
            [
              0.97619,
              0.96875
            ],
            [
              1.0,
              0.95625
            ],
            [
              0.993197,
              0.96875
            ],
            [
              1.0,
              0.98125
            ],
            [
              1.0,
              1.0
            ],
            [
              0.92517,
              1.0
            ],
            [
              0.914966,
              0.9875
            ],
            [
              0.877551,
              0.975
            ],
            [
              0.840136,
              0.9375
            ],
            [
              0.833333,
              0.9375
            ],
            [
              0.836735,
              1.0
            ],
            [
              0.802721,
              1.0
            ],
            [
              0.795918,
              0.88125
            ],
            [
              0.782313,
              0.875
            ],
            [
              0.768707,
              0.90625
            ],
            [
              0.761905,
              0.90625
            ],
            [
              0.79932,
              0.8375
            ],
            [
              0.795918,
              0.81875
            ],
            [
              0.782313,
              0.8375
            ],
            [
              0.782313,
              0.85
            ],
            [
              0.77551,
              0.85
            ],
            [
              0.761905,
              0.88125
            ],
            [
              0.755102,
              0.88125
            ],
            [
              0.741497,
              0.90625
            ],
            [
              0.690476,
              0.94375
            ],
            [
              0.690476,
              0.9625
            ],
            [
              0.697279,
              0.9625
            ],
            [
              0.697279,
              0.95625
            ],
            [
              0.717687,
              0.95
            ],
            [
              0.751701,
              0.91875
            ],
            [
              0.755102,
              0.90625
            ],
            [
              0.761905,
              0.9125
            ],
            [
              0.751701,
              0.93125
            ],
            [
              0.744898,
              0.93125
            ],
            [
              0.741497,
              0.94375
            ],
            [
              0.721088,
              0.9625
            ],
            [
              0.687075,
              0.975
            ],
            [
              0.687075,
              0.98125
            ],
            [
              0.670068,
              0.98125
            ],
            [
              0.666667,
              0.9375
            ],
            [
              0.659864,
              0.9375
            ],
            [
              0.656463,
              0.95
            ],
            [
              0.656463,
              0.9125
            ],
            [
              0.663265,
              0.9125
            ],
            [
              0.663265,
              0.9
            ],
            [
              0.656463,
              0.9
            ],
            [
              0.656463,
              0.9125
            ],
            [
              0.653061,
              0.9
            ],
            [
              0.636054,
              0.9125
            ],
            [
              0.636054,
              0.9
            ],
            [
              0.602041,
              0.89375
            ],
            [
              0.602041,
              0.90625
            ],
            [
              0.615646,
              0.90625
            ],
            [
              0.622449,
              0.9125
            ],
            [
              0.622449,
              0.925
            ],
            [
              0.619048,
              0.925
            ],
            [
              0.615646,
              0.975
            ],
            [
              0.605442,
              0.975
            ],
            [
              0.605442,
              0.9875
            ],
            [
              0.598639,
              0.9875
            ],
            [
              0.598639,
              0.98125
            ],
            [
              0.581633,
              0.98125
            ],
            [
              0.571429,
              0.96875
            ],
            [
              0.602041,
              0.975
            ],
            [
              0.605442,
              0.95
            ],
            [
              0.557823,
              0.93125
            ],
            [
              0.530612,
              0.90625
            ],
            [
              0.506803,
              0.86875
            ],
            [
              0.496599,
              0.86875
            ],
            [
              0.493197,
              0.8875
            ],
            [
              0.503401,
              0.89375
            ],
            [
              0.510204,
              0.9125
            ],
            [
              0.503401,
              0.90625
            ],
            [
              0.493197,
              0.9125
            ],
            [
              0.479592,
              0.88125
            ],
            [
              0.469388,
              0.88125
            ],
            [
              0.469388,
              0.8625
            ],
            [
              0.462585,
              0.8625
            ],
            [
              0.462585,
              0.9
            ],
            [
              0.459184,
              0.9
            ],
            [
              0.462585,
              1.0
            ],
            [
              0.438776,
              1.0
            ],
            [
              0.438776,
              0.85625
            ],
            [
              0.435374,
              0.85
            ],
            [
              0.367347,
              0.85
            ],
            [
              0.363946,
              0.85625
            ],
            [
              0.360544,
              1.0
            ],
            [
              0.333333,
              1.0
            ],
            [
              0.333333,
              0.99375
            ],
            [
              0.285714,
              1.0
            ],
            [
              0.27551,
              0.89375
            ],
            [
              0.268707,
              0.89375
            ],
            [
              0.261905,
              0.91875
            ],
            [
              0.248299,
              1.0
            ],
            [
              0.244898,
              0.99375
            ],
            [
              0.238095,
              1.0
            ],
            [
              0.129252,
              1.0
            ],
            [
              0.129252,
              0.9875
            ],
            [
              0.119048,
              0.96875
            ],
            [
              0.112245,
              0.96875
            ],
            [
              0.122449,
              0.95625
            ],
            [
              0.102041,
              0.89375
            ],
            [
              0.091837,
              0.83125
            ],
            [
              0.085034,
              0.8375
            ],
            [
              0.085034,
              0.80625
            ],
            [
              0.07483,
              0.8
            ],
            [
              0.071429,
              0.775
            ],
            [
              0.0,
              0.7625
            ],
            [
              0.0,
              0.75
            ],
            [
              0.040816,
              0.75625
            ],
            [
              0.040816,
              0.74375
            ],
            [
              0.0,
              0.7375
            ],
            [
              0.0,
              0.725
            ],
            [
              0.027211,
              0.725
            ],
            [
              0.027211,
              0.73125
            ],
            [
              0.054422,
              0.73125
            ],
            [
              0.054422,
              0.7375
            ],
            [
              0.071429,
              0.73125
            ],
            [
              0.061224,
              0.69375
            ],
            [
              0.064626,
              0.65625
            ],
            [
              0.057823,
              0.65625
            ],
            [
              0.054422,
              0.66875
            ],
            [
              0.054422,
              0.65625
            ],
            [
              0.044218,
              0.65
            ],
            [
              0.044218,
              0.61875
            ],
            [
              0.047619,
              0.61875
            ],
            [
              0.044218,
              0.6
            ],
            [
              0.057823,
              0.59375
            ],
            [
              0.057823,
              0.58125
            ],
            [
              0.05102,
              0.56875
            ],
            [
              0.05102,
              0.5875
            ],
            [
              0.047619,
              0.5875
            ],
            [
              0.05102,
              0.54375
            ],
            [
              0.044218,
              0.53125
            ],
            [
              0.05102,
              0.53125
            ],
            [
              0.05102,
              0.5125
            ],
            [
              0.044218,
              0.5125
            ],
            [
              0.047619,
              0.4875
            ],
            [
              0.040816,
              0.4875
            ],
            [
              0.047619,
              0.48125
            ],
            [
              0.047619,
              0.45
            ],
            [
              0.044218,
              0.45
            ],
            [
              0.040816,
              0.40625
            ],
            [
              0.034014,
              0.4
            ],
            [
              0.034014,
              0.39375
            ],
            [
              0.044218,
              0.39375
            ],
            [
              0.044218,
              0.38125
            ],
            [
              0.027211,
              0.38125
            ],
            [
              0.030612,
              0.35625
            ],
            [
              0.02381,
              0.34375
            ],
            [
              0.037415,
              0.33125
            ],
            [
              0.030612,
              0.28125
            ],
            [
              0.034014,
              0.28125
            ],
            [
              0.034014,
              0.24375
            ],
            [
              0.044218,
              0.23125
            ],
            [
              0.044218,
              0.21875
            ],
            [
              0.037415,
              0.21875
            ],
            [
              0.040816,
              0.2125
            ],
            [
              0.037415,
              0.18125
            ],
            [
              0.02381,
              0.18125
            ],
            [
              0.02381,
              0.175
            ],
            [
              0.034014,
              0.175
            ],
            [
              0.034014,
              0.15
            ],
            [
              0.020408,
              0.14375
            ],
            [
              0.02381,
              0.1
            ],
            [
              0.0,
              0.06875
            ],
            [
              0.0,
              0.0125
            ]
          ],
          [
            [
              0.414966,
              0.03125
            ],
            [
              0.414966,
              0.04375
            ],
            [
              0.428571,
              0.04375
            ],
            [
              0.428571,
              0.05
            ],
            [
              0.442177,
              0.04375
            ],
            [
              0.44898,
              0.05625
            ],
            [
              0.445578,
              0.05
            ],
            [
              0.44898,
              0.03125
            ],
            [
              0.431973,
              0.03125
            ],
            [
              0.431973,
              0.0375
            ],
            [
              0.414966,
              0.03125
            ]
          ],
          [
            [
              0.428571,
              0.5625
            ],
            [
              0.431973,
              0.6
            ],
            [
              0.445578,
              0.5875
            ],
            [
              0.44898,
              0.59375
            ],
            [
              0.465986,
              0.5875
            ],
            [
              0.462585,
              0.5625
            ],
            [
              0.44898,
              0.5625
            ],
            [
              0.44898,
              0.56875
            ],
            [
              0.428571,
              0.5625
            ]
          ],
          [
            [
              0.221088,
              0.7875
            ],
            [
              0.221088,
              0.8
            ],
            [
              0.251701,
              0.7875
            ],
            [
              0.248299,
              0.7375
            ],
            [
              0.241497,
              0.7375
            ],
            [
              0.241497,
              0.75
            ],
            [
              0.221088,
              0.7875
            ]
          ],
          [
            [
              0.472789,
              0.20625
            ],
            [
              0.472789,
              0.225
            ],
            [
              0.520408,
              0.25
            ],
            [
              0.527211,
              0.2625
            ],
            [
              0.537415,
              0.2625
            ],
            [
              0.537415,
              0.26875
            ],
            [
              0.547619,
              0.26875
            ],
            [
              0.568027,
              0.2875
            ],
            [
              0.588435,
              0.28125
            ],
            [
              0.585034,
              0.25625
            ],
            [
              0.564626,
              0.24375
            ],
            [
              0.540816,
              0.2
            ],
            [
              0.540816,
              0.1875
            ],
            [
              0.527211,
              0.18125
            ],
            [
              0.527211,
              0.175
            ],
            [
              0.544218,
              0.18125
            ],
            [
              0.544218,
              0.1625
            ],
            [
              0.534014,
              0.15
            ],
            [
              0.513605,
              0.15
            ],
            [
              0.506803,
              0.15625
            ],
            [
              0.506803,
              0.175
            ],
            [
              0.5,
              0.175
            ],
            [
              0.5,
              0.1625
            ],
            [
              0.489796,
              0.1625
            ],
            [
              0.489796,
              0.175
            ],
            [
              0.482993,
              0.175
            ],
            [
              0.479592,
              0.2
            ],
            [
              0.472789,
              0.20625
            ]
          ],
          [
            [
              0.234694,
              0.85
            ],
            [
              0.234694,
              0.86875
            ],
            [
              0.241497,
              0.86875
            ],
            [
              0.241497,
              0.88125
            ],
            [
              0.248299,
              0.8875
            ],
            [
              0.268707,
              0.88125
            ],
            [
              0.268707,
              0.85
            ],
            [
              0.234694,
              0.85
            ]
          ],
          [
            [
              0.295918,
              0.36875
            ],
            [
              0.295918,
              0.425
            ],
            [
              0.306122,
              0.425
            ],
            [
              0.302721,
              0.4375
            ],
            [
              0.346939,
              0.4375
            ],
            [
              0.346939,
              0.43125
            ],
            [
              0.414966,
              0.4375
            ],
            [
              0.431973,
              0.29375
            ],
            [
              0.404762,
              0.29375
            ],
            [
              0.401361,
              0.30625
            ],
            [
              0.394558,
              0.30625
            ],
            [
              0.397959,
              0.29375
            ],
            [
              0.340136,
              0.29375
            ],
            [
              0.340136,
              0.2875
            ],
            [
              0.326531,
              0.3
            ],
            [
              0.302721,
              0.29375
            ],
            [
              0.302721,
              0.3375
            ],
            [
              0.29932,
              0.3375
            ],
            [
              0.29932,
              0.36875
            ],
            [
              0.295918,
              0.36875
            ]
          ],
          [
            [
              0.07483,
              0.34375
            ],
            [
              0.07483,
              0.3625
            ],
            [
              0.085034,
              0.38125
            ],
            [
              0.091837,
              0.38125
            ],
            [
              0.095238,
              0.39375
            ],
            [
              0.102041,
              0.39375
            ],
            [
              0.105442,
              0.40625
            ],
            [
              0.12585,
              0.425
            ],
            [
              0.136054,
              0.425
            ],
            [
              0.156463,
              0.44375
            ],
            [
              0.170068,
              0.43125
            ],
            [
              0.170068,
              0.44375
            ],
            [
              0.176871,
              0.45
            ],
            [
              0.210884,
              0.44375
            ],
            [
              0.210884,
              0.4375
            ],
            [
              0.183673,
              0.43125
            ],
            [
              0.183673,
              0.4
            ],
            [
              0.20068,
              0.3625
            ],
            [
              0.183673,
              0.3625
            ],
            [
              0.183673,
              0.36875
            ],
            [
              0.142857,
              0.3625
            ],
            [
              0.122449,
              0.34375
            ],
            [
              0.122449,
              0.33125
            ],
            [
              0.115646,
              0.325
            ],
            [
              0.115646,
              0.3
            ],
            [
              0.098639,
              0.30625
            ],
            [
              0.07483,
              0.34375
            ]
          ],
          [
            [
              0.12585,
              0.29375
            ],
            [
              0.12585,
              0.3125
            ],
            [
              0.132653,
              0.325
            ],
            [
              0.142857,
              0.325
            ],
            [
              0.142857,
              0.3375
            ],
            [
              0.146259,
              0.33125
            ],
            [
              0.156463,
              0.33125
            ],
            [
              0.159864,
              0.34375
            ],
            [
              0.173469,
              0.3375
            ],
            [
              0.173469,
              0.325
            ],
            [
              0.166667,
              0.31875
            ],
            [
              0.142857,
              0.325
            ],
            [
              0.146259,
              0.3125
            ],
            [
              0.139456,
              0.3125
            ],
            [
              0.136054,
              0.29375
            ],
            [
              0.12585,
              0.29375
            ]
          ],
          [
            [
              0.323129,
              0.85
            ],
            [
              0.326531,
              0.91875
            ],
            [
              0.333333,
              0.91875
            ],
            [
              0.333333,
              0.94375
            ],
            [
              0.340136,
              0.9625
            ],
            [
              0.343537,
              0.85
            ],
            [
              0.323129,
              0.85
            ]
          ],
          [
            [
              0.527211,
              0.8375
            ],
            [
              0.534014,
              0.8625
            ],
            [
              0.561224,
              0.8875
            ],
            [
              0.595238,
              0.9
            ],
            [
              0.591837,
              0.8875
            ],
            [
              0.554422,
              0.86875
            ],
            [
              0.534014,
              0.8375
            ],
            [
              0.527211,
              0.8375
            ]
          ],
          [
            [
              0.258503,
              0.69375
            ],
            [
              0.258503,
              0.70625
            ],
            [
              0.282313,
              0.7
            ],
            [
              0.282313,
              0.69375
            ],
            [
              0.302721,
              0.69375
            ],
            [
              0.302721,
              0.6875
            ],
            [
              0.360544,
              0.6875
            ],
            [
              0.360544,
              0.69375
            ],
            [
              0.380952,
              0.69375
            ],
            [
              0.380952,
              0.7
            ],
            [
              0.404762,
              0.7
            ],
            [
              0.404762,
              0.7125
            ],
            [
              0.411565,
              0.7125
            ],
            [
              0.408163,
              0.75625
            ],
            [
              0.42517,
              0.7625
            ],
            [
              0.428571,
              0.775
            ],
            [
              0.438776,
              0.775
            ],
            [
              0.431973,
              0.7
            ],
            [
              0.414966,
              0.69375
            ],
            [
              0.414966,
              0.6875
            ],
            [
              0.42517,
              0.6875
            ],
            [
              0.42517,
              0.675
            ],
            [
              0.418367,
              0.66875
            ],
            [
              0.421769,
              0.61875
            ],
            [
              0.418367,
              0.61875
            ],
            [
              0.418367,
              0.5875
            ],
            [
              0.414966,
              0.5875
            ],
            [
              0.411565,
              0.4875
            ],
            [
              0.380952,
              0.49375
            ],
            [
              0.380952,
              0.4875
            ],
            [
              0.340136,
              0.4875
            ],
            [
              0.340136,
              0.48125
            ],
            [
              0.29932,
              0.475
            ],
            [
              0.306122,
              0.49375
            ],
            [
              0.29932,
              0.4875
            ],
            [
              0.292517,
              0.49375
            ],
            [
              0.285714,
              0.5875
            ],
            [
              0.282313,
              0.5875
            ],
            [
              0.27551,
              0.64375
            ],
            [
              0.258503,
              0.69375
            ]
          ],
          [
            [
              0.462585,
              0.075
            ],
            [
              0.465986,
              0.0875
            ],
            [
              0.462585,
              0.125
            ],
            [
              0.52381,
              0.11875
            ],
            [
              0.52381,
              0.1
            ],
            [
              0.534014,
              0.1
            ],
            [
              0.537415,
              0.11875
            ],
            [
              0.561224,
              0.11875
            ],
            [
              0.561224,
              0.10625
            ],
            [
              0.568027,
              0.10625
            ],
            [
              0.564626,
              0.11875
            ],
            [
              0.588435,
              0.11875
            ],
            [
              0.595238,
              0.10625
            ],
            [
              0.595238,
              0.08125
            ],
            [
              0.588435,
              0.06875
            ],
            [
              0.591837,
              0.04375
            ],
            [
              0.581633,
              0.025
            ],
            [
              0.554422,
              0.03125
            ],
            [
              0.554422,
              0.04375
            ],
            [
              0.568027,
              0.05
            ],
            [
              0.568027,
              0.0625
            ],
            [
              0.554422,
              0.05625
            ],
            [
              0.561224,
              0.075
            ],
            [
              0.544218,
              0.075
            ],
            [
              0.547619,
              0.05625
            ],
            [
              0.537415,
              0.05625
            ],
            [
              0.534014,
              0.04375
            ],
            [
              0.540816,
              0.05
            ],
            [
              0.55102,
              0.05
            ],
            [
              0.55102,
              0.04375
            ],
            [
              0.534014,
              0.025
            ],
            [
              0.530612,
              0.03125
            ],
            [
              0.506803,
              0.025
            ],
            [
              0.506803,
              0.05625
            ],
            [
              0.503401,
              0.04375
            ],
            [
              0.496599,
              0.04375
            ],
            [
              0.5,
              0.025
            ],
            [
              0.469388,
              0.025
            ],
            [
              0.472789,
              0.0625
            ],
            [
              0.465986,
              0.0625
            ],
            [
              0.462585,
              0.075
            ]
          ],
          [
            [
              0.639456,
              0.61875
            ],
            [
              0.639456,
              0.63125
            ],
            [
              0.656463,
              0.63125
            ],
            [
              0.659864,
              0.60625
            ],
            [
              0.64966,
              0.60625
            ],
            [
              0.646259,
              0.59375
            ],
            [
              0.639456,
              0.61875
            ]
          ],
          [
            [
              0.02381,
              0.025
            ],
            [
              0.027211,
              0.04375
            ],
            [
              0.047619,
              0.0375
            ],
            [
              0.047619,
              0.05
            ],
            [
              0.054422,
              0.05625
            ],
            [
              0.064626,
              0.05
            ],
            [
              0.061224,
              0.025
            ],
            [
              0.02381,
              0.025
            ]
          ],
          [
            [
              0.166667,
              0.825
            ],
            [
              0.166667,
              0.85
            ],
            [
              0.176871,
              0.86875
            ],
            [
              0.176871,
              0.8875
            ],
            [
              0.183673,
              0.89375
            ],
            [
              0.190476,
              0.85625
            ],
            [
              0.197279,
              0.85625
            ],
            [
              0.197279,
              0.8375
            ],
            [
              0.166667,
              0.825
            ]
          ],
          [
            [
              0.251701,
              0.44375
            ],
            [
              0.251701,
              0.45625
            ],
            [
              0.272109,
              0.45
            ],
            [
              0.272109,
              0.4375
            ],
            [
              0.285714,
              0.425
            ],
            [
              0.285714,
              0.4
            ],
            [
              0.278912,
              0.40625
            ],
            [
              0.272109,
              0.4375
            ],
            [
              0.251701,
              0.44375
            ]
          ],
          [
            [
              0.465986,
              0.24375
            ],
            [
              0.469388,
              0.2625
            ],
            [
              0.479592,
              0.2625
            ],
            [
              0.482993,
              0.25
            ],
            [
              0.489796,
              0.26875
            ],
            [
              0.506803,
              0.26875
            ],
            [
              0.510204,
              0.28125
            ],
            [
              0.527211,
              0.2875
            ],
            [
              0.52381,
              0.26875
            ],
            [
              0.503401,
              0.2625
            ],
            [
              0.489796,
              0.25
            ],
            [
              0.486395,
              0.2375
            ],
            [
              0.479592,
              0.2375
            ],
            [
              0.479592,
              0.25
            ],
            [
              0.465986,
              0.24375
            ]
          ],
          [
            [
              0.20068,
              0.3
            ],
            [
              0.20068,
              0.3125
            ],
            [
              0.22449,
              0.3125
            ],
            [
              0.244898,
              0.29375
            ],
            [
              0.204082,
              0.29375
            ],
            [
              0.20068,
              0.3
            ]
          ],
          [
            [
              0.204082,
              0.84375
            ],
            [
              0.217687,
              0.85625
            ],
            [
              0.217687,
              0.84375
            ],
            [
              0.204082,
              0.84375
            ]
          ],
          [
            [
              0.251701,
              0.7125
            ],
            [
              0.255102,
              0.78125
            ],
            [
              0.265306,
              0.78125
            ],
            [
              0.258503,
              0.79375
            ],
            [
              0.261905,
              0.80625
            ],
            [
              0.316327,
              0.80625
            ],
            [
              0.316327,
              0.8
            ],
            [
              0.431973,
              0.80625
            ],
            [
              0.431973,
              0.8125
            ],
            [
              0.438776,
              0.80625
            ],
            [
              0.42517,
              0.78125
            ],
            [
              0.404762,
              0.7625
            ],
            [
              0.394558,
              0.7625
            ],
            [
              0.387755,
              0.7375
            ],
            [
              0.367347,
              0.75
            ],
            [
              0.370748,
              0.725
            ],
            [
              0.360544,
              0.725
            ],
            [
              0.360544,
              0.74375
            ],
            [
              0.357143,
              0.74375
            ],
            [
              0.357143,
              0.725
            ],
            [
              0.346939,
              0.725
            ],
            [
              0.346939,
              0.71875
            ],
            [
              0.340136,
              0.71875
            ],
            [
              0.340136,
              0.73125
            ],
            [
              0.346939,
              0.73125
            ],
            [
              0.343537,
              0.74375
            ],
            [
              0.329932,
              0.74375
            ],
            [
              0.333333,
              0.71875
            ],
            [
              0.323129,
              0.71875
            ],
            [
              0.323129,
              0.74375
            ],
            [
              0.329932,
              0.75
            ],
            [
              0.319728,
              0.75
            ],
            [
              0.319728,
              0.71875
            ],
            [
              0.312925,
              0.71875
            ],
            [
              0.312925,
              0.75
            ],
            [
              0.319728,
              0.75625
            ],
            [
              0.309524,
              0.75625
            ],
            [
              0.309524,
              0.7625
            ],
            [
              0.29932,
              0.7625
            ],
            [
              0.278912,
              0.78125
            ],
            [
              0.265306,
              0.78125
            ],
            [
              0.265306,
              0.775
            ],
            [
              0.306122,
              0.75625
            ],
            [
              0.306122,
              0.74375
            ],
            [
              0.29932,
              0.74375
            ],
            [
              0.302721,
              0.71875
            ],
            [
              0.289116,
              0.725
            ],
            [
              0.285714,
              0.74375
            ],
            [
              0.282313,
              0.73125
            ],
            [
              0.27551,
              0.73125
            ],
            [
              0.278912,
              0.75
            ],
            [
              0.258503,
              0.75
            ],
            [
              0.258503,
              0.7125
            ],
            [
              0.251701,
              0.7125
            ]
          ],
          [
            [
              0.340136,
              0.16875
            ],
            [
              0.340136,
              0.1875
            ],
            [
              0.367347,
              0.1875
            ],
            [
              0.370748,
              0.2
            ],
            [
              0.377551,
              0.1875
            ],
            [
              0.363946,
              0.16875
            ],
            [
              0.35034,
              0.16875
            ],
            [
              0.35034,
              0.1625
            ],
            [
              0.340136,
              0.16875
            ]
          ],
          [
            [
              0.095238,
              0.58125
            ],
            [
              0.098639,
              0.6375
            ],
            [
              0.122449,
              0.68125
            ],
            [
              0.132653,
              0.71875
            ],
            [
              0.14966,
              0.74375
            ],
            [
              0.14966,
              0.75625
            ],
            [
              0.163265,
              0.76875
            ],
            [
              0.193878,
              0.76875
            ],
            [
              0.187075,
              0.7875
            ],
            [
              0.204082,
              0.79375
            ],
            [
              0.238095,
              0.71875
            ],
            [
              0.238095,
              0.6875
            ],
            [
              0.231293,
              0.69375
            ],
            [
              0.231293,
              0.675
            ],
            [
              0.241497,
              0.675
            ],
            [
              0.255102,
              0.65
            ],
            [
              0.258503,
              0.61875
            ],
            [
              0.268707,
              0.6
            ],
            [
              0.272109,
              0.55
            ],
            [
              0.265306,
              0.55
            ],
            [
              0.261905,
              0.5625
            ],
            [
              0.255102,
              0.5625
            ],
            [
              0.248299,
              0.58125
            ],
            [
              0.238095,
              0.5875
            ],
            [
              0.241497,
              0.65
            ],
            [
              0.221088,
              0.6125
            ],
            [
              0.214286,
              0.6125
            ],
            [
              0.193878,
              0.58125
            ],
            [
              0.193878,
              0.56875
            ],
            [
              0.180272,
              0.55
            ],
            [
              0.173469,
              0.50625
            ],
            [
              0.166667,
              0.49375
            ],
            [
              0.129252,
              0.50625
            ],
            [
              0.129252,
              0.51875
            ],
            [
              0.119048,
              0.525
            ],
            [
              0.119048,
              0.5375
            ],
            [
              0.105442,
              0.55
            ],
            [
              0.102041,
              0.58125
            ],
            [
              0.095238,
              0.58125
            ]
          ],
          [
            [
              0.272109,
              0.86875
            ],
            [
              0.272109,
              0.88125
            ],
            [
              0.285714,
              0.88125
            ],
            [
              0.285714,
              0.875
            ],
            [
              0.295918,
              0.875
            ],
            [
              0.29932,
              0.85625
            ],
            [
              0.27551,
              0.85625
            ],
            [
              0.272109,
              0.86875
            ]
          ],
          [
            [
              0.112245,
              0.13125
            ],
            [
              0.115646,
              0.15
            ],
            [
              0.132653,
              0.14375
            ],
            [
              0.132653,
              0.1375
            ],
            [
              0.112245,
              0.13125
            ]
          ],
          [
            [
              0.585034,
              0.375
            ],
            [
              0.585034,
              0.39375
            ],
            [
              0.591837,
              0.3875
            ],
            [
              0.598639,
              0.39375
            ],
            [
              0.591837,
              0.4
            ],
            [
              0.591837,
              0.45625
            ],
            [
              0.605442,
              0.45
            ],
            [
              0.602041,
              0.4375
            ],
            [
              0.605442,
              0.425
            ],
            [
              0.629252,
              0.4125
            ],
            [
              0.629252,
              0.39375
            ],
            [
              0.622449,
              0.39375
            ],
            [
              0.622449,
              0.375
            ],
            [
              0.615646,
              0.4
            ],
            [
              0.605442,
              0.39375
            ],
            [
              0.605442,
              0.38125
            ],
            [
              0.612245,
              0.38125
            ],
            [
              0.612245,
              0.3375
            ],
            [
              0.605442,
              0.325
            ],
            [
              0.591837,
              0.33125
            ],
            [
              0.595238,
              0.36875
            ],
            [
              0.585034,
              0.375
            ]
          ],
          [
            [
              0.721088,
              0.4625
            ],
            [
              0.721088,
              0.46875
            ],
            [
              0.748299,
              0.46875
            ],
            [
              0.748299,
              0.45625
            ],
            [
              0.721088,
              0.4625
            ]
          ],
          [
            [
              0.680272,
              0.28125
            ],
            [
              0.687075,
              0.3
            ],
            [
              0.693878,
              0.3
            ],
            [
              0.693878,
              0.2875
            ],
            [
              0.704082,
              0.2875
            ],
            [
              0.707483,
              0.275
            ],
            [
              0.727891,
              0.28125
            ],
            [
              0.731293,
              0.2625
            ],
            [
              0.758503,
              0.26875
            ],
            [
              0.758503,
              0.2625
            ],
            [
              0.768707,
              0.2625
            ],
            [
              0.768707,
              0.2375
            ],
            [
              0.761905,
              0.21875
            ],
            [
              0.758503,
              0.23125
            ],
            [
              0.748299,
              0.23125
            ],
            [
              0.741497,
              0.24375
            ],
            [
              0.731293,
              0.24375
            ],
            [
              0.731293,
              0.25
            ],
            [
              0.721088,
              0.25
            ],
            [
              0.697279,
              0.275
            ],
            [
              0.680272,
              0.28125
            ]
          ],
          [
            [
              0.034014,
              0.34375
            ],
            [
              0.034014,
              0.3625
            ],
            [
              0.044218,
              0.3625
            ],
            [
              0.044218,
              0.35
            ],
            [
              0.034014,
              0.34375
            ]
          ],
          [
            [
              0.064626,
              0.38125
            ],
            [
              0.068027,
              0.4375
            ],
            [
              0.091837,
              0.45
            ],
            [
              0.095238,
              0.4125
            ],
            [
              0.081633,
              0.4
            ],
            [
              0.07483,
              0.38125
            ],
            [
              0.064626,
              0.38125
            ]
          ],
          [
            [
              0.731293,
              0.6375
            ],
            [
              0.731293,
              0.64375
            ],
            [
              0.741497,
              0.64375
            ],
            [
              0.741497,
              0.6375
            ],
            [
              0.731293,
              0.6375
            ]
          ],
          [
            [
              0.653061,
              0.23125
            ],
            [
              0.653061,
              0.24375
            ],
            [
              0.663265,
              0.24375
            ],
            [
              0.697279,
              0.175
            ],
            [
              0.758503,
              0.16875
            ],
            [
              0.758503,
              0.15625
            ],
            [
              0.666667,
              0.15625
            ],
            [
              0.670068,
              0.19375
            ],
            [
              0.653061,
              0.23125
            ]
          ],
          [
            [
              0.27551,
              0.2375
            ],
            [
              0.27551,
              0.24375
            ],
            [
              0.285714,
              0.24375
            ],
            [
              0.302721,
              0.225
            ],
            [
              0.312925,
              0.225
            ],
            [
              0.312925,
              0.2125
            ],
            [
              0.306122,
              0.20625
            ],
            [
              0.306122,
              0.18125
            ],
            [
              0.312925,
              0.18125
            ],
            [
              0.312925,
              0.16875
            ],
            [
              0.282313,
              0.16875
            ],
            [
              0.278912,
              0.2375
            ],
            [
              0.27551,
              0.2375
            ]
          ],
          [
            [
              0.687075,
              0.65625
            ],
            [
              0.687075,
              0.68125
            ],
            [
              0.70068,
              0.6875
            ],
            [
              0.72449,
              0.725
            ],
            [
              0.731293,
              0.725
            ],
            [
              0.744898,
              0.6875
            ],
            [
              0.758503,
              0.69375
            ],
            [
              0.758503,
              0.675
            ],
            [
              0.727891,
              0.66875
            ],
            [
              0.727891,
              0.6625
            ],
            [
              0.704082,
              0.65625
            ],
            [
              0.704082,
              0.65
            ],
            [
              0.687075,
              0.65625
            ]
          ],
          [
            [
              0.244898,
              0.475
            ],
            [
              0.255102,
              0.49375
            ],
            [
              0.255102,
              0.50625
            ],
            [
              0.265306,
              0.51875
            ],
            [
              0.265306,
              0.53125
            ],
            [
              0.272109,
              0.5375
            ],
            [
              0.272109,
              0.51875
            ],
            [
              0.278912,
              0.50625
            ],
            [
              0.27551,
              0.46875
            ],
            [
              0.248299,
              0.4625
            ],
            [
              0.244898,
              0.475
            ]
          ],
          [
            [
              0.061224,
              0.225
            ],
            [
              0.061224,
              0.23125
            ],
            [
              0.064626,
              0.23125
            ],
            [
              0.064626,
              0.225
            ],
            [
              0.061224,
              0.225
            ]
          ],
          [
            [
              0.547619,
              0.73125
            ],
            [
              0.554422,
              0.75625
            ],
            [
              0.568027,
              0.75625
            ],
            [
              0.588435,
              0.775
            ],
            [
              0.588435,
              0.7875
            ],
            [
              0.608844,
              0.79375
            ],
            [
              0.608844,
              0.8
            ],
            [
              0.676871,
              0.79375
            ],
            [
              0.683673,
              0.78125
            ],
            [
              0.70068,
              0.775
            ],
            [
              0.721088,
              0.74375
            ],
            [
              0.721088,
              0.73125
            ],
            [
              0.707483,
              0.71875
            ],
            [
              0.704082,
              0.70625
            ],
            [
              0.697279,
              0.70625
            ],
            [
              0.693878,
              0.69375
            ],
            [
              0.683673,
              0.69375
            ],
            [
              0.680272,
              0.70625
            ],
            [
              0.646259,
              0.7
            ],
            [
              0.636054,
              0.7125
            ],
            [
              0.612245,
              0.70625
            ],
            [
              0.612245,
              0.7125
            ],
            [
              0.588435,
              0.7125
            ],
            [
              0.57483,
              0.725
            ],
            [
              0.568027,
              0.71875
            ],
            [
              0.568027,
              0.70625
            ],
            [
              0.561224,
              0.70625
            ],
            [
              0.547619,
              0.73125
            ]
          ],
          [
            [
              0.115646,
              0.8125
            ],
            [
              0.122449,
              0.85
            ],
            [
              0.129252,
              0.85
            ],
            [
              0.129252,
              0.8375
            ],
            [
              0.139456,
              0.8375
            ],
            [
              0.139456,
              0.83125
            ],
            [
              0.146259,
              0.8375
            ],
            [
              0.156463,
              0.83125
            ],
            [
              0.156463,
              0.81875
            ],
            [
              0.146259,
              0.81875
            ],
            [
              0.146259,
              0.8125
            ],
            [
              0.132653,
              0.8125
            ],
            [
              0.132653,
              0.80625
            ],
            [
              0.115646,
              0.8125
            ]
          ],
          [
            [
              0.622449,
              0.6
            ],
            [
              0.622449,
              0.63125
            ],
            [
              0.629252,
              0.63125
            ],
            [
              0.62585,
              0.61875
            ],
            [
              0.629252,
              0.6
            ],
            [
              0.622449,
              0.6
            ]
          ],
          [
            [
              0.193878,
              0.075
            ],
            [
              0.193878,
              0.1
            ],
            [
              0.204082,
              0.1
            ],
            [
              0.204082,
              0.1125
            ],
            [
              0.22449,
              0.1125
            ],
            [
              0.221088,
              0.075
            ],
            [
              0.193878,
              0.075
            ]
          ],
          [
            [
              0.197279,
              0.33125
            ],
            [
              0.197279,
              0.3375
            ],
            [
              0.207483,
              0.3375
            ],
            [
              0.214286,
              0.325
            ],
            [
              0.207483,
              0.31875
            ],
            [
              0.197279,
              0.33125
            ]
          ],
          [
            [
              0.428571,
              0.20625
            ],
            [
              0.428571,
              0.225
            ],
            [
              0.431973,
              0.225
            ],
            [
              0.431973,
              0.20625
            ],
            [
              0.428571,
              0.20625
            ]
          ],
          [
            [
              0.632653,
              0.5125
            ],
            [
              0.632653,
              0.5625
            ],
            [
              0.639456,
              0.58125
            ],
            [
              0.64966,
              0.58125
            ],
            [
              0.642857,
              0.55
            ],
            [
              0.656463,
              0.5625
            ],
            [
              0.653061,
              0.50625
            ],
            [
              0.659864,
              0.50625
            ],
            [
              0.659864,
              0.475
            ],
            [
              0.642857,
              0.48125
            ],
            [
              0.653061,
              0.49375
            ],
            [
              0.653061,
              0.50625
            ],
            [
              0.636054,
              0.5
            ],
            [
              0.632653,
              0.5125
            ]
          ],
          [
            [
              0.602041,
              0.5375
            ],
            [
              0.602041,
              0.5625
            ],
            [
              0.612245,
              0.5625
            ],
            [
              0.612245,
              0.54375
            ],
            [
              0.602041,
              0.5375
            ]
          ],
          [
            [
              0.183673,
              0.475
            ],
            [
              0.183673,
              0.4875
            ],
            [
              0.20068,
              0.50625
            ],
            [
              0.210884,
              0.50625
            ],
            [
              0.227891,
              0.48125
            ],
            [
              0.227891,
              0.475
            ],
            [
              0.207483,
              0.475
            ],
            [
              0.207483,
              0.48125
            ],
            [
              0.183673,
              0.475
            ]
          ],
          [
            [
              0.792517,
              0.85625
            ],
            [
              0.802721,
              0.88125
            ],
            [
              0.809524,
              0.88125
            ],
            [
              0.802721,
              0.84375
            ],
            [
              0.792517,
              0.85625
            ]
          ],
          [
            [
              0.452381,
              0.69375
            ],
            [
              0.459184,
              0.76875
            ],
            [
              0.462585,
              0.76875
            ],
            [
              0.462585,
              0.83125
            ],
            [
              0.465986,
              0.8375
            ],
            [
              0.479592,
              0.83125
            ],
            [
              0.479592,
              0.85
            ],
            [
              0.489796,
              0.8625
            ],
            [
              0.496599,
              0.8375
            ],
            [
              0.503401,
              0.83125
            ],
            [
              0.503401,
              0.81875
            ],
            [
              0.510204,
              0.83125
            ],
            [
              0.520408,
              0.83125
            ],
            [
              0.520408,
              0.81875
            ],
            [
              0.513605,
              0.81875
            ],
            [
              0.489796,
              0.775
            ],
            [
              0.486395,
              0.75625
            ],
            [
              0.503401,
              0.725
            ],
            [
              0.510204,
              0.725
            ],
            [
              0.520408,
              0.7
            ],
            [
              0.527211,
              0.7
            ],
            [
              0.527211,
              0.7125
            ],
            [
              0.537415,
              0.73125
            ],
            [
              0.544218,
              0.73125
            ],
            [
              0.564626,
              0.69375
            ],
            [
              0.564626,
              0.66875
            ],
            [
              0.561224,
              0.66875
            ],
            [
              0.561224,
              0.64375
            ],
            [
              0.55102,
              0.64375
            ],
            [
              0.55102,
              0.65
            ],
            [
              0.537415,
              0.65
            ],
            [
              0.537415,
              0.65625
            ],
            [
              0.52381,
              0.65625
            ],
            [
              0.52381,
              0.6625
            ],
            [
              0.510204,
              0.6625
            ],
            [
              0.510204,
              0.66875
            ],
            [
              0.496599,
              0.66875
            ],
            [
              0.496599,
              0.675
            ],
            [
              0.452381,
              0.69375
            ]
          ],
          [
            [
              0.064626,
              0.3
            ],
            [
              0.064626,
              0.33125
            ],
            [
              0.071429,
              0.33125
            ],
            [
              0.088435,
              0.29375
            ],
            [
              0.064626,
              0.3
            ]
          ],
          [
            [
              0.367347,
              0.15
            ],
            [
              0.367347,
              0.1625
            ],
            [
              0.380952,
              0.1625
            ],
            [
              0.380952,
              0.15
            ],
            [
              0.367347,
              0.15
            ]
          ],
          [
            [
              0.670068,
              0.4875
            ],
            [
              0.670068,
              0.53125
            ],
            [
              0.680272,
              0.53125
            ],
            [
              0.676871,
              0.4875
            ],
            [
              0.670068,
              0.4875
            ]
          ],
          [
            [
              0.823129,
              0.40625
            ],
            [
              0.829932,
              0.51875
            ],
            [
              0.840136,
              0.51875
            ],
            [
              0.836735,
              0.46875
            ],
            [
              0.843537,
              0.46875
            ],
            [
              0.843537,
              0.45625
            ],
            [
              0.836735,
              0.45
            ],
            [
              0.843537,
              0.45
            ],
            [
              0.843537,
              0.43125
            ],
            [
              0.840136,
              0.43125
            ],
            [
              0.836735,
              0.4
            ],
            [
              0.823129,
              0.40625
            ]
          ],
          [
            [
              0.639456,
              0.28125
            ],
            [
              0.639456,
              0.29375
            ],
            [
              0.64966,
              0.3
            ],
            [
              0.64966,
              0.28125
            ],
            [
              0.639456,
              0.28125
            ]
          ],
          [
            [
              0.693878,
              0.225
            ],
            [
              0.693878,
              0.23125
            ],
            [
              0.707483,
              0.23125
            ],
            [
              0.707483,
              0.225
            ],
            [
              0.727891,
              0.21875
            ],
            [
              0.727891,
              0.20625
            ],
            [
              0.707483,
              0.20625
            ],
            [
              0.693878,
              0.225
            ]
          ],
          [
            [
              0.27551,
              0.25625
            ],
            [
              0.27551,
              0.275
            ],
            [
              0.302721,
              0.275
            ],
            [
              0.306122,
              0.24375
            ],
            [
              0.27551,
              0.25625
            ]
          ],
          [
            [
              0.765306,
              0.7
            ],
            [
              0.768707,
              0.71875
            ],
            [
              0.789116,
              0.7375
            ],
            [
              0.77551,
              0.7875
            ],
            [
              0.782313,
              0.7875
            ],
            [
              0.792517,
              0.8125
            ],
            [
              0.79932,
              0.8125
            ],
            [
              0.802721,
              0.71875
            ],
            [
              0.765306,
              0.7
            ]
          ],
          [
            [
              0.306122,
              0.45625
            ],
            [
              0.306122,
              0.4625
            ],
            [
              0.323129,
              0.4625
            ],
            [
              0.323129,
              0.46875
            ],
            [
              0.408163,
              0.46875
            ],
            [
              0.411565,
              0.4625
            ],
            [
              0.411565,
              0.45
            ],
            [
              0.316327,
              0.45
            ],
            [
              0.316327,
              0.45625
            ],
            [
              0.306122,
              0.45625
            ]
          ],
          [
            [
              0.146259,
              0.29375
            ],
            [
              0.153061,
              0.30625
            ],
            [
              0.166667,
              0.3
            ],
            [
              0.166667,
              0.3125
            ],
            [
              0.176871,
              0.31875
            ],
            [
              0.176871,
              0.29375
            ],
            [
              0.146259,
              0.29375
            ]
          ],
          [
            [
              0.602041,
              0.68125
            ],
            [
              0.602041,
              0.69375
            ],
            [
              0.608844,
              0.69375
            ],
            [
              0.608844,
              0.68125
            ],
            [
              0.602041,
              0.68125
            ]
          ],
          [
            [
              0.860544,
              0.275
            ],
            [
              0.860544,
              0.29375
            ],
            [
              0.877551,
              0.29375
            ],
            [
              0.87415,
              0.275
            ],
            [
              0.867347,
              0.28125
            ],
            [
              0.860544,
              0.275
            ]
          ],
          [
            [
              0.5,
              0.45625
            ],
            [
              0.5,
              0.46875
            ],
            [
              0.52381,
              0.46875
            ],
            [
              0.52381,
              0.45625
            ],
            [
              0.5,
              0.45625
            ]
          ],
          [
            [
              0.088435,
              0.7625
            ],
            [
              0.088435,
              0.78125
            ],
            [
              0.102041,
              0.78125
            ],
            [
              0.102041,
              0.75625
            ],
            [
              0.088435,
              0.7625
            ]
          ],
          [
            [
              0.302721,
              0.85
            ],
            [
              0.302721,
              0.86875
            ],
            [
              0.319728,
              0.8625
            ],
            [
              0.319728,
              0.85
            ],
            [
              0.302721,
              0.85
            ]
          ],
          [
            [
              0.653061,
              0.34375
            ],
            [
              0.656463,
              0.36875
            ],
            [
              0.663265,
              0.375
            ],
            [
              0.659864,
              0.34375
            ],
            [
              0.653061,
              0.34375
            ]
          ],
          [
            [
              0.785714,
              0.4625
            ],
            [
              0.785714,
              0.46875
            ],
            [
              0.806122,
              0.46875
            ],
            [
              0.806122,
              0.45625
            ],
            [
              0.785714,
              0.4625
            ]
          ],
          [
            [
              0.302721,
              0.125
            ],
            [
              0.302721,
              0.1375
            ],
            [
              0.309524,
              0.1375
            ],
            [
              0.309524,
              0.125
            ],
            [
              0.302721,
              0.125
            ]
          ],
          [
            [
              0.030612,
              0.1125
            ],
            [
              0.037415,
              0.125
            ],
            [
              0.05102,
              0.125
            ],
            [
              0.044218,
              0.1125
            ],
            [
              0.030612,
              0.1125
            ]
          ],
          [
            [
              0.14966,
              0.95
            ],
            [
              0.153061,
              0.9625
            ],
            [
              0.166667,
              0.96875
            ],
            [
              0.176871,
              0.925
            ],
            [
              0.166667,
              0.925
            ],
            [
              0.163265,
              0.9375
            ],
            [
              0.14966,
              0.95
            ]
          ],
          [
            [
              0.602041,
              0.2875
            ],
            [
              0.605442,
              0.3
            ],
            [
              0.608844,
              0.2875
            ],
            [
              0.602041,
              0.2875
            ]
          ],
          [
            [
              0.612245,
              0.29375
            ],
            [
              0.619048,
              0.35
            ],
            [
              0.622449,
              0.3625
            ],
            [
              0.629252,
              0.3625
            ],
            [
              0.629252,
              0.3375
            ],
            [
              0.619048,
              0.3125
            ],
            [
              0.619048,
              0.29375
            ],
            [
              0.612245,
              0.29375
            ]
          ],
          [
            [
              0.438776,
              0.1
            ],
            [
              0.438776,
              0.11875
            ],
            [
              0.445578,
              0.11875
            ],
            [
              0.445578,
              0.1
            ],
            [
              0.438776,
              0.1
            ]
          ],
          [
            [
              0.52381,
              0.63125
            ],
            [
              0.520408,
              0.63125
            ],
            [
              0.520408,
              0.6375
            ],
            [
              0.52381,
              0.6375
            ],
            [
              0.52381,
              0.63125
            ]
          ],
          [
            [
              0.248299,
              0.05625
            ],
            [
              0.248299,
              0.06875
            ],
            [
              0.255102,
              0.06875
            ],
            [
              0.255102,
              0.05625
            ],
            [
              0.248299,
              0.05625
            ]
          ],
          [
            [
              0.62585,
              0.475
            ],
            [
              0.62585,
              0.49375
            ],
            [
              0.639456,
              0.4875
            ],
            [
              0.639456,
              0.46875
            ],
            [
              0.62585,
              0.475
            ]
          ],
          [
            [
              0.394558,
              0.09375
            ],
            [
              0.394558,
              0.10625
            ],
            [
              0.421769,
              0.10625
            ],
            [
              0.421769,
              0.09375
            ],
            [
              0.411565,
              0.09375
            ],
            [
              0.411565,
              0.0875
            ],
            [
              0.394558,
              0.09375
            ]
          ],
          [
            [
              0.636054,
              0.4125
            ],
            [
              0.636054,
              0.43125
            ],
            [
              0.642857,
              0.43125
            ],
            [
              0.642857,
              0.44375
            ],
            [
              0.663265,
              0.45
            ],
            [
              0.663265,
              0.4375
            ],
            [
              0.656463,
              0.43125
            ],
            [
              0.656463,
              0.40625
            ],
            [
              0.646259,
              0.39375
            ],
            [
              0.653061,
              0.3875
            ],
            [
              0.64966,
              0.36875
            ],
            [
              0.642857,
              0.36875
            ],
            [
              0.646259,
              0.3875
            ],
            [
              0.639456,
              0.39375
            ],
            [
              0.639456,
              0.4125
            ],
            [
              0.636054,
              0.4125
            ]
          ],
          [
            [
              0.183673,
              0.2375
            ],
            [
              0.187075,
              0.24375
            ],
            [
              0.183673,
              0.26875
            ],
            [
              0.20068,
              0.26875
            ],
            [
              0.20068,
              0.25625
            ],
            [
              0.190476,
              0.2375
            ],
            [
              0.183673,
              0.2375
            ]
          ],
          [
            [
              0.615646,
              0.25625
            ],
            [
              0.615646,
              0.26875
            ],
            [
              0.622449,
              0.26875
            ],
            [
              0.629252,
              0.24375
            ],
            [
              0.615646,
              0.25625
            ]
          ],
          [
            [
              0.098639,
              0.425
            ],
            [
              0.102041,
              0.45
            ],
            [
              0.112245,
              0.45
            ],
            [
              0.115646,
              0.4375
            ],
            [
              0.115646,
              0.45625
            ],
            [
              0.136054,
              0.4625
            ],
            [
              0.132653,
              0.44375
            ],
            [
              0.098639,
              0.425
            ]
          ],
          [
            [
              0.846939,
              0.49375
            ],
            [
              0.846939,
              0.5125
            ],
            [
              0.85034,
              0.5125
            ],
            [
              0.853741,
              0.49375
            ],
            [
              0.846939,
              0.49375
            ]
          ],
          [
            [
              0.636054,
              0.3375
            ],
            [
              0.636054,
              0.35
            ],
            [
              0.642857,
              0.35625
            ],
            [
              0.636054,
              0.3375
            ]
          ],
          [
            [
              0.79932,
              0.30625
            ],
            [
              0.802721,
              0.3375
            ],
            [
              0.812925,
              0.34375
            ],
            [
              0.816327,
              0.33125
            ],
            [
              0.809524,
              0.33125
            ],
            [
              0.809524,
              0.3125
            ],
            [
              0.79932,
              0.30625
            ]
          ],
          [
            [
              0.62585,
              0.45
            ],
            [
              0.642857,
              0.46875
            ],
            [
              0.659864,
              0.46875
            ],
            [
              0.659864,
              0.45625
            ],
            [
              0.646259,
              0.45625
            ],
            [
              0.636054,
              0.4375
            ],
            [
              0.629252,
              0.4375
            ],
            [
              0.62585,
              0.45
            ]
          ],
          [
            [
              0.659864,
              0.91875
            ],
            [
              0.659864,
              0.93125
            ],
            [
              0.666667,
              0.93125
            ],
            [
              0.666667,
              0.91875
            ],
            [
              0.659864,
              0.91875
            ]
          ],
          [
            [
              0.663265,
              0.4
            ],
            [
              0.663265,
              0.425
            ],
            [
              0.666667,
              0.4375
            ],
            [
              0.673469,
              0.4375
            ],
            [
              0.673469,
              0.4125
            ],
            [
              0.670068,
              0.4125
            ],
            [
              0.673469,
              0.4
            ],
            [
              0.663265,
              0.4
            ]
          ],
          [
            [
              0.789116,
              0.55
            ],
            [
              0.789116,
              0.575
            ],
            [
              0.79932,
              0.58125
            ],
            [
              0.79932,
              0.5625
            ],
            [
              0.792517,
              0.5625
            ],
            [
              0.789116,
              0.55
            ]
          ],
          [
            [
              0.629252,
              0.30625
            ],
            [
              0.629252,
              0.325
            ],
            [
              0.642857,
              0.33125
            ],
            [
              0.639456,
              0.30625
            ],
            [
              0.629252,
              0.30625
            ]
          ],
          [
            [
              0.581633,
              0.46875
            ],
            [
              0.581633,
              0.5
            ],
            [
              0.588435,
              0.49375
            ],
            [
              0.588435,
              0.51875
            ],
            [
              0.595238,
              0.525
            ],
            [
              0.598639,
              0.4625
            ],
            [
              0.581633,
              0.46875
            ]
          ],
          [
            [
              0.772109,
              0.3375
            ],
            [
              0.772109,
              0.3625
            ],
            [
              0.778912,
              0.3625
            ],
            [
              0.778912,
              0.34375
            ],
            [
              0.772109,
              0.3375
            ]
          ],
          [
            [
              0.180272,
              0.29375
            ],
            [
              0.183673,
              0.3125
            ],
            [
              0.197279,
              0.30625
            ],
            [
              0.197279,
              0.29375
            ],
            [
              0.180272,
              0.29375
            ]
          ],
          [
            [
              0.816327,
              0.3
            ],
            [
              0.819728,
              0.325
            ],
            [
              0.829932,
              0.31875
            ],
            [
              0.829932,
              0.3
            ],
            [
              0.816327,
              0.3
            ]
          ],
          [
            [
              0.091837,
              0.08125
            ],
            [
              0.091837,
              0.10625
            ],
            [
              0.102041,
              0.10625
            ],
            [
              0.102041,
              0.09375
            ],
            [
              0.112245,
              0.09375
            ],
            [
              0.112245,
              0.075
            ],
            [
              0.091837,
              0.08125
            ]
          ],
          [
            [
              0.442177,
              0.525
            ],
            [
              0.442177,
              0.51875
            ],
            [
              0.438776,
              0.51875
            ],
            [
              0.438776,
              0.525
            ],
            [
              0.442177,
              0.525
            ]
          ],
          [
            [
              0.622449,
              0.2875
            ],
            [
              0.622449,
              0.3
            ],
            [
              0.629252,
              0.3
            ],
            [
              0.629252,
              0.2875
            ],
            [
              0.622449,
              0.2875
            ]
          ],
          [
            [
              0.159864,
              0.04375
            ],
            [
              0.159864,
              0.05625
            ],
            [
              0.166667,
              0.05625
            ],
            [
              0.166667,
              0.06875
            ],
            [
              0.176871,
              0.075
            ],
            [
              0.180272,
              0.0625
            ],
            [
              0.176871,
              0.04375
            ],
            [
              0.173469,
              0.0375
            ],
            [
              0.159864,
              0.04375
            ]
          ],
          [
            [
              0.663265,
              0.6
            ],
            [
              0.663265,
              0.6125
            ],
            [
              0.670068,
              0.6125
            ],
            [
              0.670068,
              0.6
            ],
            [
              0.663265,
              0.6
            ]
          ],
          [
            [
              0.428571,
              0.1625
            ],
            [
              0.435374,
              0.19375
            ],
            [
              0.442177,
              0.19375
            ],
            [
              0.445578,
              0.1875
            ],
            [
              0.442177,
              0.16875
            ],
            [
              0.428571,
              0.1625
            ]
          ],
          [
            [
              0.085034,
              0.2625
            ],
            [
              0.085034,
              0.275
            ],
            [
              0.091837,
              0.275
            ],
            [
              0.091837,
              0.2625
            ],
            [
              0.085034,
              0.2625
            ]
          ],
          [
            [
              0.812925,
              0.35
            ],
            [
              0.816327,
              0.38125
            ],
            [
              0.826531,
              0.3875
            ],
            [
              0.826531,
              0.375
            ],
            [
              0.833333,
              0.375
            ],
            [
              0.829932,
              0.35625
            ],
            [
              0.823129,
              0.3625
            ],
            [
              0.823129,
              0.35
            ],
            [
              0.812925,
              0.35
            ]
          ],
          [
            [
              0.030612,
              0.08125
            ],
            [
              0.034014,
              0.09375
            ],
            [
              0.047619,
              0.1
            ],
            [
              0.040816,
              0.08125
            ],
            [
              0.030612,
              0.08125
            ]
          ],
          [
            [
              0.591837,
              0.175
            ],
            [
              0.591837,
              0.16875
            ],
            [
              0.588435,
              0.16875
            ],
            [
              0.588435,
              0.175
            ],
            [
              0.591837,
              0.175
            ]
          ],
          [
            [
              0.085034,
              0.25
            ],
            [
              0.088435,
              0.25
            ],
            [
              0.088435,
              0.24375
            ],
            [
              0.085034,
              0.24375
            ],
            [
              0.085034,
              0.25
            ]
          ],
          [
            [
              0.139456,
              0.2125
            ],
            [
              0.139456,
              0.225
            ],
            [
              0.156463,
              0.2375
            ],
            [
              0.156463,
              0.25
            ],
            [
              0.166667,
              0.24375
            ],
            [
              0.166667,
              0.2375
            ],
            [
              0.156463,
              0.2375
            ],
            [
              0.146259,
              0.20625
            ],
            [
              0.139456,
              0.2125
            ]
          ],
          [
            [
              0.05102,
              0.2875
            ],
            [
              0.054422,
              0.3
            ],
            [
              0.057823,
              0.2875
            ],
            [
              0.05102,
              0.2875
            ]
          ],
          [
            [
              0.384354,
              0.2375
            ],
            [
              0.384354,
              0.26875
            ],
            [
              0.394558,
              0.26875
            ],
            [
              0.394558,
              0.2375
            ],
            [
              0.384354,
              0.2375
            ]
          ],
          [
            [
              0.595238,
              0.575
            ],
            [
              0.595238,
              0.59375
            ],
            [
              0.605442,
              0.6
            ],
            [
              0.605442,
              0.5875
            ],
            [
              0.595238,
              0.575
            ]
          ],
          [
            [
              0.05102,
              0.1125
            ],
            [
              0.054422,
              0.1125
            ],
            [
              0.054422,
              0.10625
            ],
            [
              0.05102,
              0.10625
            ],
            [
              0.05102,
              0.1125
            ]
          ],
          [
            [
              0.292517,
              0.3125
            ],
            [
              0.292517,
              0.30625
            ],
            [
              0.289116,
              0.30625
            ],
            [
              0.289116,
              0.3125
            ],
            [
              0.292517,
              0.3125
            ]
          ],
          [
            [
              0.622449,
              0.68125
            ],
            [
              0.622449,
              0.7
            ],
            [
              0.636054,
              0.7
            ],
            [
              0.636054,
              0.68125
            ],
            [
              0.622449,
              0.68125
            ]
          ],
          [
            [
              0.153061,
              0.05
            ],
            [
              0.156463,
              0.05
            ],
            [
              0.156463,
              0.04375
            ],
            [
              0.153061,
              0.04375
            ],
            [
              0.153061,
              0.05
            ]
          ],
          [
            [
              0.608844,
              0.95
            ],
            [
              0.608844,
              0.96875
            ],
            [
              0.612245,
              0.96875
            ],
            [
              0.612245,
              0.95
            ],
            [
              0.608844,
              0.95
            ]
          ],
          [
            [
              0.14966,
              0.45625
            ],
            [
              0.14966,
              0.46875
            ],
            [
              0.156463,
              0.46875
            ],
            [
              0.156463,
              0.45625
            ],
            [
              0.14966,
              0.45625
            ]
          ],
          [
            [
              0.040816,
              0.16875
            ],
            [
              0.040816,
              0.18125
            ],
            [
              0.054422,
              0.1875
            ],
            [
              0.047619,
              0.16875
            ],
            [
              0.040816,
              0.16875
            ]
          ],
          [
            [
              0.595238,
              0.1625
            ],
            [
              0.595238,
              0.175
            ],
            [
              0.602041,
              0.175
            ],
            [
              0.602041,
              0.1625
            ],
            [
              0.595238,
              0.1625
            ]
          ],
          [
            [
              0.187075,
              0.18125
            ],
            [
              0.187075,
              0.19375
            ],
            [
              0.197279,
              0.19375
            ],
            [
              0.187075,
              0.18125
            ]
          ],
          [
            [
              0.414966,
              0.1625
            ],
            [
              0.418367,
              0.175
            ],
            [
              0.42517,
              0.175
            ],
            [
              0.42517,
              0.1625
            ],
            [
              0.414966,
              0.1625
            ]
          ],
          [
            [
              0.472789,
              0.15
            ],
            [
              0.472789,
              0.1625
            ],
            [
              0.479592,
              0.16875
            ],
            [
              0.482993,
              0.15625
            ],
            [
              0.472789,
              0.15
            ]
          ],
          [
            [
              0.605442,
              0.56875
            ],
            [
              0.608844,
              0.58125
            ],
            [
              0.615646,
              0.58125
            ],
            [
              0.619048,
              0.55625
            ],
            [
              0.615646,
              0.56875
            ],
            [
              0.605442,
              0.56875
            ]
          ],
          [
            [
              0.714286,
              0.625
            ],
            [
              0.714286,
              0.6375
            ],
            [
              0.721088,
              0.6375
            ],
            [
              0.721088,
              0.625
            ],
            [
              0.714286,
              0.625
            ]
          ],
          [
            [
              0.870748,
              0.48125
            ],
            [
              0.870748,
              0.525
            ],
            [
              0.87415,
              0.525
            ],
            [
              0.877551,
              0.48125
            ],
            [
              0.870748,
              0.48125
            ]
          ],
          [
            [
              0.602041,
              0.25
            ],
            [
              0.608844,
              0.25625
            ],
            [
              0.608844,
              0.24375
            ],
            [
              0.602041,
              0.25
            ]
          ],
          [
            [
              0.663265,
              0.575
            ],
            [
              0.663265,
              0.5875
            ],
            [
              0.670068,
              0.5875
            ],
            [
              0.670068,
              0.575
            ],
            [
              0.663265,
              0.575
            ]
          ],
          [
            [
              0.05102,
              0.625
            ],
            [
              0.05102,
              0.6375
            ],
            [
              0.061224,
              0.63125
            ],
            [
              0.061224,
              0.625
            ],
            [
              0.05102,
              0.625
            ]
          ],
          [
            [
              0.105442,
              0.7875
            ],
            [
              0.108844,
              0.8
            ],
            [
              0.112245,
              0.7875
            ],
            [
              0.105442,
              0.7875
            ]
          ],
          [
            [
              0.602041,
              0.08125
            ],
            [
              0.602041,
              0.075
            ],
            [
              0.598639,
              0.075
            ],
            [
              0.598639,
              0.08125
            ],
            [
              0.602041,
              0.08125
            ]
          ],
          [
            [
              0.656463,
              0.29375
            ],
            [
              0.656463,
              0.2875
            ],
            [
              0.653061,
              0.2875
            ],
            [
              0.653061,
              0.29375
            ],
            [
              0.656463,
              0.29375
            ]
          ],
          [
            [
              0.629252,
              0.16875
            ],
            [
              0.629252,
              0.18125
            ],
            [
              0.636054,
              0.18125
            ],
            [
              0.636054,
              0.16875
            ],
            [
              0.629252,
              0.16875
            ]
          ],
          [
            [
              0.884354,
              0.51875
            ],
            [
              0.884354,
              0.53125
            ],
            [
              0.894558,
              0.525
            ],
            [
              0.894558,
              0.51875
            ],
            [
              0.884354,
              0.51875
            ]
          ],
          [
            [
              0.081633,
              0.75
            ],
            [
              0.085034,
              0.75
            ],
            [
              0.085034,
              0.74375
            ],
            [
              0.081633,
              0.74375
            ],
            [
              0.081633,
              0.75
            ]
          ],
          [
            [
              0.231293,
              0.13125
            ],
            [
              0.231293,
              0.125
            ],
            [
              0.227891,
              0.125
            ],
            [
              0.227891,
              0.13125
            ],
            [
              0.231293,
              0.13125
            ]
          ],
          [
            [
              0.571429,
              0.51875
            ],
            [
              0.57483,
              0.53125
            ],
            [
              0.578231,
              0.51875
            ],
            [
              0.571429,
              0.51875
            ]
          ]
        ]
      }
    },
    {
      "type": "Feature",
      "id": "render/ground-or-roof-unclassified/2",
      "properties": {
        "featureClass": "walkableSurfaceCandidate",
        "surfaceClass": "ground-or-roof-unclassified",
        "surface": "concrete",
        "level": "unknown",
        "coordinateSpace": "normalized-image",
        "origin": "top-left",
        "evidence": "cement-color-and-visible-planarity",
        "verificationStatus": "image-derived-unverified",
        "routingEnabled": false,
        "pixelAreaApprox": 288
      },
      "geometry": {
        "type": "Polygon",
        "coordinates": [
          [
            [
              0.513605,
              0.04375
            ],
            [
              0.52381,
              0.0375
            ],
            [
              0.534014,
              0.075
            ],
            [
              0.52381,
              0.075
            ],
            [
              0.513605,
              0.05625
            ],
            [
              0.513605,
              0.04375
            ]
          ]
        ]
      }
    },
    {
      "type": "Feature",
      "id": "render/ground-or-roof-unclassified/3",
      "properties": {
        "featureClass": "walkableSurfaceCandidate",
        "surfaceClass": "ground-or-roof-unclassified",
        "surface": "concrete",
        "level": "unknown",
        "coordinateSpace": "normalized-image",
        "origin": "top-left",
        "evidence": "cement-color-and-visible-planarity",
        "verificationStatus": "image-derived-unverified",
        "routingEnabled": false,
        "pixelAreaApprox": 720
      },
      "geometry": {
        "type": "Polygon",
        "coordinates": [
          [
            [
              0.642857,
              0.0875
            ],
            [
              0.653061,
              0.08125
            ],
            [
              0.653061,
              0.0625
            ],
            [
              0.646259,
              0.05
            ],
            [
              0.659864,
              0.04375
            ],
            [
              0.656463,
              0.0625
            ],
            [
              0.680272,
              0.075
            ],
            [
              0.687075,
              0.0875
            ],
            [
              0.707483,
              0.08125
            ],
            [
              0.710884,
              0.09375
            ],
            [
              0.683673,
              0.09375
            ],
            [
              0.676871,
              0.08125
            ],
            [
              0.656463,
              0.08125
            ],
            [
              0.64966,
              0.10625
            ],
            [
              0.642857,
              0.1
            ],
            [
              0.642857,
              0.0875
            ]
          ]
        ]
      }
    },
    {
      "type": "Feature",
      "id": "render/ground-or-roof-unclassified/4",
      "properties": {
        "featureClass": "walkableSurfaceCandidate",
        "surfaceClass": "ground-or-roof-unclassified",
        "surface": "concrete",
        "level": "unknown",
        "coordinateSpace": "normalized-image",
        "origin": "top-left",
        "evidence": "cement-color-and-visible-planarity",
        "verificationStatus": "image-derived-unverified",
        "routingEnabled": false,
        "pixelAreaApprox": 224
      },
      "geometry": {
        "type": "Polygon",
        "coordinates": [
          [
            [
              0.564626,
              0.075
            ],
            [
              0.585034,
              0.08125
            ],
            [
              0.585034,
              0.0875
            ],
            [
              0.578231,
              0.1
            ],
            [
              0.568027,
              0.1
            ],
            [
              0.564626,
              0.075
            ]
          ]
        ]
      }
    },
    {
      "type": "Feature",
      "id": "render/ground-or-roof-unclassified/5",
      "properties": {
        "featureClass": "walkableSurfaceCandidate",
        "surfaceClass": "ground-or-roof-unclassified",
        "surface": "concrete",
        "level": "unknown",
        "coordinateSpace": "normalized-image",
        "origin": "top-left",
        "evidence": "cement-color-and-visible-planarity",
        "verificationStatus": "image-derived-unverified",
        "routingEnabled": false,
        "pixelAreaApprox": 192
      },
      "geometry": {
        "type": "Polygon",
        "coordinates": [
          [
            [
              0.0,
              0.2
            ],
            [
              0.030612,
              0.19375
            ],
            [
              0.030612,
              0.2
            ],
            [
              0.006803,
              0.20625
            ],
            [
              0.006803,
              0.2125
            ],
            [
              0.0,
              0.2125
            ],
            [
              0.0,
              0.2
            ]
          ]
        ]
      }
    },
    {
      "type": "Feature",
      "id": "render/ground-or-roof-unclassified/6",
      "properties": {
        "featureClass": "walkableSurfaceCandidate",
        "surfaceClass": "ground-or-roof-unclassified",
        "surface": "concrete",
        "level": "unknown",
        "coordinateSpace": "normalized-image",
        "origin": "top-left",
        "evidence": "cement-color-and-visible-planarity",
        "verificationStatus": "image-derived-unverified",
        "routingEnabled": false,
        "pixelAreaApprox": 208
      },
      "geometry": {
        "type": "Polygon",
        "coordinates": [
          [
            [
              0.156463,
              0.525
            ],
            [
              0.166667,
              0.53125
            ],
            [
              0.166667,
              0.54375
            ],
            [
              0.176871,
              0.5625
            ],
            [
              0.159864,
              0.55
            ],
            [
              0.156463,
              0.525
            ]
          ]
        ]
      }
    },
    {
      "type": "Feature",
      "id": "render/ground-or-roof-unclassified/7",
      "properties": {
        "featureClass": "walkableSurfaceCandidate",
        "surfaceClass": "ground-or-roof-unclassified",
        "surface": "concrete",
        "level": "unknown",
        "coordinateSpace": "normalized-image",
        "origin": "top-left",
        "evidence": "cement-color-and-visible-planarity",
        "verificationStatus": "image-derived-unverified",
        "routingEnabled": false,
        "pixelAreaApprox": 1472
      },
      "geometry": {
        "type": "Polygon",
        "coordinates": [
          [
            [
              0.176871,
              0.5625
            ],
            [
              0.197279,
              0.6
            ],
            [
              0.197279,
              0.6125
            ],
            [
              0.214286,
              0.6375
            ],
            [
              0.217687,
              0.6625
            ],
            [
              0.227891,
              0.675
            ],
            [
              0.221088,
              0.68125
            ],
            [
              0.221088,
              0.70625
            ],
            [
              0.204082,
              0.75
            ],
            [
              0.193878,
              0.74375
            ],
            [
              0.20068,
              0.73125
            ],
            [
              0.197279,
              0.7125
            ],
            [
              0.187075,
              0.725
            ],
            [
              0.180272,
              0.71875
            ],
            [
              0.190476,
              0.7125
            ],
            [
              0.190476,
              0.7
            ],
            [
              0.197279,
              0.7
            ],
            [
              0.204082,
              0.675
            ],
            [
              0.210884,
              0.675
            ],
            [
              0.210884,
              0.65
            ],
            [
              0.190476,
              0.6125
            ],
            [
              0.190476,
              0.6
            ],
            [
              0.183673,
              0.6
            ],
            [
              0.183673,
              0.5875
            ],
            [
              0.176871,
              0.58125
            ],
            [
              0.176871,
              0.5625
            ]
          ],
          [
            [
              0.20068,
              0.7
            ],
            [
              0.20068,
              0.7125
            ],
            [
              0.210884,
              0.71875
            ],
            [
              0.214286,
              0.68125
            ],
            [
              0.207483,
              0.68125
            ],
            [
              0.207483,
              0.69375
            ],
            [
              0.20068,
              0.7
            ]
          ]
        ]
      }
    },
    {
      "type": "Feature",
      "id": "render/ground-or-roof-unclassified/8",
      "properties": {
        "featureClass": "walkableSurfaceCandidate",
        "surfaceClass": "ground-or-roof-unclassified",
        "surface": "concrete",
        "level": "unknown",
        "coordinateSpace": "normalized-image",
        "origin": "top-left",
        "evidence": "cement-color-and-visible-planarity",
        "verificationStatus": "image-derived-unverified",
        "routingEnabled": false,
        "pixelAreaApprox": 320
      },
      "geometry": {
        "type": "Polygon",
        "coordinates": [
          [
            [
              0.098639,
              0.6
            ],
            [
              0.105442,
              0.6
            ],
            [
              0.108844,
              0.625
            ],
            [
              0.115646,
              0.625
            ],
            [
              0.115646,
              0.6375
            ],
            [
              0.122449,
              0.64375
            ],
            [
              0.122449,
              0.6625
            ],
            [
              0.115646,
              0.65625
            ],
            [
              0.115646,
              0.64375
            ],
            [
              0.108844,
              0.64375
            ],
            [
              0.098639,
              0.6
            ]
          ]
        ]
      }
    },
    {
      "type": "Feature",
      "id": "render/ground-or-roof-unclassified/9",
      "properties": {
        "featureClass": "walkableSurfaceCandidate",
        "surfaceClass": "ground-or-roof-unclassified",
        "surface": "concrete",
        "level": "unknown",
        "coordinateSpace": "normalized-image",
        "origin": "top-left",
        "evidence": "cement-color-and-visible-planarity",
        "verificationStatus": "image-derived-unverified",
        "routingEnabled": false,
        "pixelAreaApprox": 144
      },
      "geometry": {
        "type": "Polygon",
        "coordinates": [
          [
            [
              0.482993,
              0.8125
            ],
            [
              0.489796,
              0.8
            ],
            [
              0.5,
              0.80625
            ],
            [
              0.5,
              0.8125
            ],
            [
              0.489796,
              0.8125
            ],
            [
              0.486395,
              0.825
            ],
            [
              0.482993,
              0.8125
            ]
          ]
        ]
      }
    },
    {
      "type": "Feature",
      "id": "render/ground-or-roof-unclassified/10",
      "properties": {
        "featureClass": "walkableSurfaceCandidate",
        "surfaceClass": "ground-or-roof-unclassified",
        "surface": "concrete",
        "level": "unknown",
        "coordinateSpace": "normalized-image",
        "origin": "top-left",
        "evidence": "cement-color-and-visible-planarity",
        "verificationStatus": "image-derived-unverified",
        "routingEnabled": false,
        "pixelAreaApprox": 432
      },
      "geometry": {
        "type": "Polygon",
        "coordinates": [
          [
            [
              0.918367,
              0.86875
            ],
            [
              0.938776,
              0.86875
            ],
            [
              0.942177,
              0.9
            ],
            [
              0.921769,
              0.90625
            ],
            [
              0.928571,
              0.88125
            ],
            [
              0.918367,
              0.88125
            ],
            [
              0.918367,
              0.86875
            ]
          ]
        ]
      }
    },
    {
      "type": "Feature",
      "id": "render/ground-or-roof-unclassified/11",
      "properties": {
        "featureClass": "walkableSurfaceCandidate",
        "surfaceClass": "ground-or-roof-unclassified",
        "surface": "concrete",
        "level": "unknown",
        "coordinateSpace": "normalized-image",
        "origin": "top-left",
        "evidence": "cement-color-and-visible-planarity",
        "verificationStatus": "image-derived-unverified",
        "routingEnabled": false,
        "pixelAreaApprox": 176
      },
      "geometry": {
        "type": "Polygon",
        "coordinates": [
          [
            [
              0.887755,
              0.9
            ],
            [
              0.894558,
              0.9
            ],
            [
              0.894558,
              0.875
            ],
            [
              0.901361,
              0.875
            ],
            [
              0.904762,
              0.89375
            ],
            [
              0.897959,
              0.89375
            ],
            [
              0.897959,
              0.90625
            ],
            [
              0.887755,
              0.90625
            ],
            [
              0.887755,
              0.9
            ]
          ]
        ]
      }
    },
    {
      "type": "Feature",
      "id": "render/ground-or-roof-unclassified/12",
      "properties": {
        "featureClass": "walkableSurfaceCandidate",
        "surfaceClass": "ground-or-roof-unclassified",
        "surface": "concrete",
        "level": "unknown",
        "coordinateSpace": "normalized-image",
        "origin": "top-left",
        "evidence": "cement-color-and-visible-planarity",
        "verificationStatus": "image-derived-unverified",
        "routingEnabled": false,
        "pixelAreaApprox": 304
      },
      "geometry": {
        "type": "Polygon",
        "coordinates": [
          [
            [
              0.07483,
              0.91875
            ],
            [
              0.081633,
              0.89375
            ],
            [
              0.085034,
              0.93125
            ],
            [
              0.091837,
              0.94375
            ],
            [
              0.07483,
              0.94375
            ],
            [
              0.078231,
              0.9375
            ],
            [
              0.07483,
              0.91875
            ]
          ]
        ]
      }
    },
    {
      "type": "Feature",
      "id": "render/ground-or-roof-unclassified/13",
      "properties": {
        "featureClass": "walkableSurfaceCandidate",
        "surfaceClass": "ground-or-roof-unclassified",
        "surface": "concrete",
        "level": "unknown",
        "coordinateSpace": "normalized-image",
        "origin": "top-left",
        "evidence": "cement-color-and-visible-planarity",
        "verificationStatus": "image-derived-unverified",
        "routingEnabled": false,
        "pixelAreaApprox": 144
      },
      "geometry": {
        "type": "Polygon",
        "coordinates": [
          [
            [
              0.945578,
              0.90625
            ],
            [
              0.962585,
              0.89375
            ],
            [
              0.962585,
              0.90625
            ],
            [
              0.94898,
              0.91875
            ],
            [
              0.945578,
              0.90625
            ]
          ]
        ]
      }
    },
    {
      "type": "Feature",
      "id": "render/ground-or-roof-unclassified/14",
      "properties": {
        "featureClass": "walkableSurfaceCandidate",
        "surfaceClass": "ground-or-roof-unclassified",
        "surface": "concrete",
        "level": "unknown",
        "coordinateSpace": "normalized-image",
        "origin": "top-left",
        "evidence": "cement-color-and-visible-planarity",
        "verificationStatus": "image-derived-unverified",
        "routingEnabled": false,
        "pixelAreaApprox": 368
      },
      "geometry": {
        "type": "Polygon",
        "coordinates": [
          [
            [
              0.520408,
              0.925
            ],
            [
              0.530612,
              0.925
            ],
            [
              0.534014,
              0.9375
            ],
            [
              0.557823,
              0.95
            ],
            [
              0.571429,
              0.96875
            ],
            [
              0.55102,
              0.9625
            ],
            [
              0.52381,
              0.9375
            ],
            [
              0.520408,
              0.925
            ]
          ]
        ]
      }
    }
  ]
}
